feature,operator,threshold,precision,recall,false_positive_rate,support,support_fraction,tp,fp,fn,tn,f0_5
timestep,>=,0.0,0.053763136944550434,1.0,1.0,212283,1.0,11413,200870,0,0,0.06631262746282879
timestep,<=,0.0,,0.0,0.0,0,0.0,0,0,11413,200870,0.0
timestep,>=,1.0,0.053763136944550434,1.0,1.0,212283,1.0,11413,200870,0,0,0.06631262746282879
timestep,<=,1.0,0.004508227515215268,0.005257162884430036,0.0659580823418131,13309,0.0626946104963657,60,13249,11353,187621,0.004640443007625794
timestep,>=,2.0,0.05705770603194387,0.99474283711557,0.9340419176581869,198974,0.9373053895036343,11353,187621,60,13249,0.07031384513240903
timestep,<=,2.0,0.004677114958562403,0.009988609480417068,0.12077463035794295,24374,0.1148184263459627,114,24260,11299,176610,0.005233727240172989
timestep,>=,3.0,0.06013016939050285,0.990011390519583,0.879225369642057,187909,0.8851815736540373,11299,176610,114,24260,0.07403849556188397
timestep,<=,3.0,0.005589694232620123,0.013230526592482257,0.13373326031761837,27014,0.12725465534216118,151,26863,11262,174007,0.006319631033992082
timestep,>=,5.0,0.06151190008466463,0.9739770437220713,0.8443122417483945,180713,0.8512834282537933,11116,169597,297,31273,0.07569474236140902
timestep,<=,5.0,0.008574150523975865,0.028388679575922195,0.18650868721063374,37788,0.1780076595864954,324,37464,11089,163406,0.009965244671362224
timestep,>=,10.0,0.06703874898508475,0.9187768334355559,0.7264947478468662,156417,0.7368324359463546,10486,145931,927,54939,0.08229722751110141
timestep,<=,10.0,0.015925913521117326,0.08332603171821606,0.2925424403843282,59714,0.28129430995416493,951,58763,10462,142107,0.0189995564772305
timestep,>=,20.0,0.07221295791099601,0.8233593270831507,0.6010454522825708,130129,0.6129977435781481,9397,120732,2016,80138,0.08832945750278702
timestep,<=,20.0,0.027350467072547287,0.20625602383247174,0.4167571065863494,86068,0.40543990804727653,2354,83714,9059,117156,0.0330910777794959
elliptic_f_001,>=,0.0,0.053763136944550434,1.0,1.0,212283,1.0,11413,200870,0,0,0.06631262746282879
elliptic_f_001,<=,0.0,0.0124580866091175,0.12240427582581268,0.551296858664808,112136,0.5282382479991332,1397,110739,10016,90131,0.015186202188465444
elliptic_f_001,>=,1.0,0.10001298091805047,0.8775957241741873,0.4487031413351919,100147,0.4717617520008668,10016,90131,1397,110739,0.12155310302644896
elliptic_f_001,<=,1.0,0.05392800236343648,0.9756418119688075,0.9724896699357793,206479,0.9726591389795697,11135,195344,278,5526,0.06649118805153052
elliptic_f_001,>=,2.0,0.04789800137835975,0.0243581880311925,0.02751033006422064,5804,0.027340861020430273,278,5526,11135,195344,0.04013976724710503
elliptic_f_001,<=,2.0,0.05366379617447146,0.9899237711381758,0.9918604072285557,210533,0.9917562875972169,11298,199235,115,1635,0.0661828023127076
elliptic_f_001,>=,3.0,0.06571428571428571,0.010076228861824235,0.008139592771444217,1750,0.008243712402783078,115,1635,11298,199235,0.03122793678379406
elliptic_f_001,<=,3.0,0.05366391236691624,0.9941295014457198,0.9960720864240553,211427,0.9959676469618387,11346,200081,67,789,0.06618668776053789
elliptic_f_001,>=,5.0,0.04838709677419355,0.0021028651537720144,0.002349778463682979,496,0.0023365036295888036,24,472,11389,200398,0.008957229230424722
elliptic_f_001,<=,5.0,0.05379098844066997,0.998948567423114,0.9984019515109275,211950,0.9984313392970704,11401,200549,12,321,0.06634559765739112
elliptic_f_001,>=,10.0,0.01948051948051948,0.0002628581442215018,0.0007517299746104446,154,0.0007254466914449108,3,151,11410,200719,0.0012469864494139163
elliptic_f_001,<=,10.0,0.05378498262947756,0.9997371418557784,0.9993080101558222,212141,0.9993310816221742,11410,200731,3,139,0.06633898348444203
elliptic_f_001,>=,20.0,0.01639344262295082,8.761938140716727e-05,0.00029870065216309056,61,0.0002873522608970101,1,60,11412,200810,0.0004289268250836407
elliptic_f_001,<=,20.0,0.05377311815290376,0.9999123806185928,0.9997162343804451,212225,0.9997267798175078,11412,200813,1,57,0.06632469810406212
elliptic_f_001,>=,50.0,0.0,0.0,0.00011450191666251805,23,0.00010834593443657759,0,23,11413,200847,0.0
elliptic_f_001,<=,50.0,0.05376870927772883,1.0,0.9998904764275403,212261,0.999896364758365,11413,200848,0,22,0.06631940933713132
elliptic_f_001,>=,100.0,0.0,0.0,6.969681883805447e-05,14,6.594969922226462e-05,0,14,11413,200856,0.0
elliptic_f_001,<=,100.0,0.05376668284111198,1.0,0.9999303031811619,212269,0.9999340503007778,11413,200856,0,14,0.06631694304052696
elliptic_f_001,>=,200.0,0.0,0.0,6.471847463533628e-05,13,6.123900642067428e-05,0,13,11413,200857,0.0
elliptic_f_001,<=,200.0,0.05376617625582392,1.0,0.9999402598695674,212271,0.9999434716863809,11413,200858,0,12,0.06631632649503717
elliptic_f_001,>=,500.0,0.0,0.0,9.956688405436352e-06,2,9.421385603180659e-06,0,2,11413,200868,0.0
elliptic_f_001,<=,500.0,0.05376364347256702,1.0,0.9999900433115946,212281,0.9999905786143968,11413,200868,0,2,0.06631324393954008
elliptic_f_001,>=,1000.0,0.0,0.0,4.978344202718176e-06,1,4.7106928015903295e-06,0,1,11413,200869,0.0
elliptic_f_001,<=,1000.0,0.053763390207365674,1.0,0.9999950216557972,212282,0.9999952893071984,11413,200869,0,1,0.06631293569975166
elliptic_f_002,>=,0.0,0.053763136944550434,1.0,1.0,212283,1.0,11413,200870,0,0,0.06631262746282879
elliptic_f_002,<=,0.0,0.04062611678936459,0.24901428195916936,0.3341116144770249,69955,0.32953651493525155,2842,67113,8571,133757,0.0487925475478397
elliptic_f_002,>=,1.0,0.06022005508403125,0.7509857180408306,0.665888385522975,142328,0.6704634850647485,8571,133757,2842,67113,0.0737956864264497
elliptic_f_002,<=,1.0,0.05321513322596991,0.9293787785858232,0.9394932045601633,199323,0.9389494212913894,10607,188716,806,12154,0.06558015592830513
elliptic_f_002,>=,2.0,0.062191358024691355,0.07062122141417682,0.06050679543983671,12960,0.06105057870861068,806,12154,10607,188716,0.06371239308807487
elliptic_f_002,<=,2.0,0.05295052124829188,0.9608341365109963,0.976417583511724,207099,0.9755797685165557,10966,196133,447,4737,0.06528865492034498
elliptic_f_002,>=,3.0,0.08622685185185185,0.03916586348900377,0.023582416488275998,5184,0.02442023148344427,447,4737,10966,196133,0.06952004727985318
elliptic_f_002,<=,3.0,0.05302197539596815,0.9720494173311136,0.9864091203265793,209234,0.985637097647951,11094,198140,319,2730,0.06538582588062225
elliptic_f_002,>=,5.0,0.12552966101694915,0.02076579339349864,0.008219246278687708,1888,0.008893788009402543,237,1651,11176,199219,0.06248352227788031
elliptic_f_002,<=,5.0,0.05332089605242598,0.9866818540261105,0.9953303131378504,211193,0.9948653448462665,11261,199932,152,938,0.06576265643523303
elliptic_f_002,>=,10.0,0.2585669781931464,0.007272408656794883,0.0011848459202469259,321,0.001512132389310496,83,238,11330,200632,0.03268488619358904
elliptic_f_002,<=,10.0,0.05348458762765029,0.9935161657758697,0.9989844177826455,212005,0.9986904274011579,11339,200666,74,204,0.06596791140205228
elliptic_f_002,>=,20.0,0.24242424242424243,0.0021028651537720144,0.0003733758152038632,99,0.0004663585873574427,24,75,11389,200795,0.010161741044965705
elliptic_f_002,<=,20.0,0.05367805420588055,0.9979847542276351,0.9996564942500125,212191,0.9995666162622537,11390,200801,23,69,0.06620730384560387
elliptic_f_002,>=,50.0,0.2,0.0006133356698501709,0.00013939363767610894,35,0.00016487424805566154,7,28,11406,200842,0.003029516142993162
elliptic_f_002,<=,50.0,0.05374348053465505,0.999474283711557,0.9998606063623239,212249,0.9998398364447459,11407,200842,6,28,0.06628824198724095
elliptic_f_002,>=,100.0,0.0,0.0,6.969681883805447e-05,14,6.594969922226462e-05,0,14,11413,200856,0.0
elliptic_f_002,<=,100.0,0.05376668284111198,1.0,0.9999303031811619,212269,0.9999340503007778,11413,200856,0,14,0.06631694304052696
elliptic_f_002,>=,200.0,0.0,0.0,4.978344202718176e-05,10,4.71069280159033e-05,0,10,11413,200860,0.0
elliptic_f_002,<=,200.0,0.053765669680081785,1.0,0.9999502165579728,212273,0.9999528930719841,11413,200860,0,10,0.06631570996101127
elliptic_f_002,>=,500.0,0.0,0.0,1.9913376810872703e-05,4,1.8842771206361318e-05,0,4,11413,200866,0.0
elliptic_f_002,<=,500.0,0.05376415001012818,1.0,0.9999800866231892,212279,0.9999811572287937,11413,200866,0,4,0.06631386042771364
elliptic_f_003,>=,0.0,0.053763136944550434,1.0,1.0,212283,1.0,11413,200870,0,0,0.06631262746282879
elliptic_f_003,<=,0.0,,0.0,0.0,0,0.0,0,0,11413,200870,0.0
elliptic_f_004,>=,0.0,0.053763136944550434,1.0,1.0,212283,1.0,11413,200870,0,0,0.06631262746282879
elliptic_f_004,<=,0.0,,0.0,0.0,0,0.0,0,0,11413,200870,0.0
elliptic_f_005,>=,0.0,0.053763136944550434,1.0,1.0,212283,1.0,11413,200870,0,0,0.06631262746282879
elliptic_f_005,<=,0.0,0.023605969458583988,0.3575746955226496,0.8403395230746253,172880,0.8143845715389363,4081,168799,7332,32071,0.029028371124986307
elliptic_f_005,>=,1.0,0.186077202243484,0.6424253044773504,0.15966047692537463,39403,0.18561542846106377,7332,32071,4081,168799,0.21689099245673718
elliptic_f_005,<=,1.0,0.03999716718510811,0.643301498291422,0.8772887937471997,183563,0.8647089027383257,7342,176221,4071,24649,0.04923122313639503
elliptic_f_005,>=,2.0,0.14174791086350974,0.3566985017085779,0.12271120625280031,28720,0.13529109726167426,4071,24649,7342,176221,0.16117282826443272
elliptic_f_005,<=,2.0,0.045185708411963774,0.7510733374222378,0.9017473988151541,189706,0.8936466886184952,8572,181134,2841,19736,0.05564521050014476
elliptic_f_005,>=,3.0,0.12583602781591885,0.2489266625777622,0.09825260118484593,22577,0.10635331138150488,2841,19736,8572,181134,0.13964668062641933
elliptic_f_005,<=,3.0,0.049422193752356944,0.8382546219223692,0.9160651167421715,193577,0.9118817804534513,9567,184010,1846,16860,0.06088038884031355
elliptic_f_005,>=,5.0,0.0804772630425519,0.11583282222027512,0.07519788918205805,16427,0.07738255065172435,1322,15105,10091,185765,0.08570946953488674
elliptic_f_005,<=,5.0,0.05300213550569891,0.9155349163234907,0.9294269925822671,197143,0.9286801109839224,10449,186694,964,14176,0.06530747451514717
elliptic_f_005,>=,10.0,0.02405555096304869,0.025497239989485675,0.05877433165729078,12097,0.05698525082083822,291,11806,11122,189064,0.024330696811090114
elliptic_f_005,<=,10.0,0.055713365716311136,0.9778322965039867,0.9416587842883457,200311,0.9436035857793605,11160,189151,253,11719,0.06866365514602102
elliptic_f_005,>=,20.0,0.017325895875591617,0.017961973188469288,0.057883208045004235,11832,0.05573691722841678,205,11627,11208,189243,0.017449481622716673
elliptic_f_005,<=,20.0,0.05591391412365117,0.9820380268115307,0.9421167919549958,200451,0.9442630827715832,11208,189243,205,11627,0.0689114959475761
elliptic_f_005,>=,50.0,0.017325895875591617,0.017961973188469288,0.057883208045004235,11832,0.05573691722841678,205,11627,11208,189243,0.017449481622716673
elliptic_f_005,<=,50.0,0.05591391412365117,0.9820380268115307,0.9421167919549958,200451,0.9442630827715832,11208,189243,205,11627,0.0689114959475761
elliptic_f_005,>=,100.0,0.017325895875591617,0.017961973188469288,0.057883208045004235,11832,0.05573691722841678,205,11627,11208,189243,0.017449481622716673
elliptic_f_005,<=,100.0,0.05591391412365117,0.9820380268115307,0.9421167919549958,200451,0.9442630827715832,11208,189243,205,11627,0.0689114959475761
elliptic_f_005,>=,200.0,0.017325895875591617,0.017961973188469288,0.057883208045004235,11832,0.05573691722841678,205,11627,11208,189243,0.017449481622716673
elliptic_f_005,<=,200.0,0.05591391412365117,0.9820380268115307,0.9421167919549958,200451,0.9442630827715832,11208,189243,205,11627,0.0689114959475761
elliptic_f_005,>=,500.0,0.017325895875591617,0.017961973188469288,0.057883208045004235,11832,0.05573691722841678,205,11627,11208,189243,0.017449481622716673
elliptic_f_005,<=,500.0,0.05591391412365117,0.9820380268115307,0.9421167919549958,200451,0.9442630827715832,11208,189243,205,11627,0.0689114959475761
elliptic_f_005,>=,1000.0,0.017325895875591617,0.017961973188469288,0.057883208045004235,11832,0.05573691722841678,205,11627,11208,189243,0.017449481622716673
elliptic_f_005,<=,1000.0,0.05591391412365117,0.9820380268115307,0.9421167919549958,200451,0.9442630827715832,11208,189243,205,11627,0.0689114959475761
elliptic_f_005,>=,2000.0,0.017325895875591617,0.017961973188469288,0.057883208045004235,11832,0.05573691722841678,205,11627,11208,189243,0.017449481622716673
elliptic_f_005,<=,2000.0,0.05591391412365117,0.9820380268115307,0.9421167919549958,200451,0.9442630827715832,11208,189243,205,11627,0.0689114959475761
elliptic_f_005,>=,5000.0,0.014847512038523275,0.012967668448260755,0.04888734007069249,9968,0.046956185846252406,148,9820,11265,191050,0.014429170322706445
elliptic_f_005,<=,5000.0,0.05568049823295356,0.9870323315517392,0.9511126599293075,202315,0.9530438141537476,11265,191050,148,9820,0.0686326953610025
elliptic_f_005,>=,10000.0,0.01302477032213048,0.009813370717602734,0.04225120724846916,8599,0.040507247400875246,112,8487,11301,192383,0.01222467200768408
elliptic_f_005,<=,10000.0,0.05548300308320732,0.9901866292823973,0.9577487927515308,203684,0.9594927525991247,11301,192383,112,8487,0.06839565260019681
elliptic_f_005,>=,20000.0,0.014321176245942334,0.006571453605537545,0.025698212774431226,5237,0.024669898201928556,75,5162,11338,195708,0.011588022619820153
elliptic_f_005,<=,20000.0,0.05476077779817046,0.9934285463944624,0.9743017872255688,207046,0.9753301017980714,11338,195708,75,5162,0.06752048899650666
elliptic_f_005,>=,50000.0,0.01145311381531854,0.0014019101025146764,0.006875093343953801,1397,0.0065808378438216904,16,1381,11397,199489,0.004705605552614552
elliptic_f_005,<=,50000.0,0.054043416822359,0.9985980898974853,0.9931249066560462,210886,0.9934191621561783,11397,199489,16,1381,0.06665247491979129
elliptic_f_006,>=,0.0,0.053763136944550434,1.0,1.0,212283,1.0,11413,200870,0,0,0.06631262746282879
elliptic_f_006,<=,0.0,,0.0,0.0,0,0.0,0,0,11413,200870,0.0
elliptic_f_006,>=,1.0,0.053763136944550434,1.0,1.0,212283,1.0,11413,200870,0,0,0.06631262746282879
elliptic_f_006,<=,1.0,0.02265040362972129,0.336808902129151,0.825738039528053,169710,0.7994516753578949,3844,165866,7569,35004,0.027844862680785162
elliptic_f_006,>=,2.0,0.17778873934183637,0.6631910978708491,0.17426196047194703,42573,0.20054832464210512,7569,35004,3844,165866,0.20827715252744833
elliptic_f_006,<=,2.0,0.05266281185477266,0.9408569175501621,0.961631901229651,203901,0.9605149729370699,10738,193163,675,7707,0.06492006814853866
elliptic_f_006,>=,3.0,0.08052970651395848,0.0591430824498379,0.03836809877034898,8382,0.039485027062930146,675,7707,10738,193163,0.07509846242851739
elliptic_f_006,<=,3.0,0.052859401511645844,0.9608341365109963,0.9781948523920944,207456,0.9772614858467235,10966,196490,447,4380,0.06517782741367771
elliptic_f_006,>=,5.0,0.096934035305048,0.027424866380443353,0.0145168516951262,3229,0.015210827056335176,313,2916,11100,197954,0.0643265239015167
elliptic_f_006,<=,5.0,0.053032788834201205,0.9771313414527294,0.9913526161198786,210285,0.9905880357824225,11152,199133,261,1737,0.06540355848844588
elliptic_f_006,>=,10.0,0.19073083778966132,0.009375273810566898,0.002260168268034052,561,0.002642698661692175,107,454,11306,200416,0.03917404993776086
elliptic_f_006,<=,10.0,0.05345803570163967,0.992114255673355,0.9980982725145616,211811,0.9977765529976493,11323,200488,90,382,0.06593436028588831
elliptic_f_006,>=,20.0,0.14084507042253522,0.002628581442215018,0.0009110369890974262,213,0.0010033775667387403,30,183,11383,200687,0.01222992254382389
elliptic_f_006,<=,20.0,0.053683331997340586,0.9975466573205993,0.9991138547319162,212077,0.9990295972828724,11385,200692,28,178,0.06621334130491172
elliptic_f_006,>=,50.0,0.16666666666666666,0.0007885744326645054,0.0002240254891223179,54,0.0002543774112858778,9,45,11404,200825,0.003869636254192106
elliptic_f_006,<=,50.0,0.05373861499969373,0.9992990449487427,0.9997809528550804,212231,0.9997550439743172,11405,200826,8,44,0.0662821661744177
elliptic_f_006,>=,100.0,0.0,0.0,0.00010952357245979987,22,0.00010363524163498725,0,22,11413,200848,0.0
elliptic_f_006,<=,100.0,0.05376845596479822,1.0,0.9998954547717429,212262,0.9999010754511666,11413,200849,0,21,0.06631910104002389
elliptic_f_006,>=,200.0,0.0,0.0,8.463185144620899e-05,17,8.008177762703561e-05,0,17,11413,200853,0.0
elliptic_f_006,<=,200.0,0.05376744273694327,1.0,0.9999153681485538,212266,0.9999199182223729,11413,200853,0,17,0.06631786788025712
elliptic_f_006,>=,500.0,0.0,0.0,4.978344202718176e-05,10,4.71069280159033e-05,0,10,11413,200860,0.0
elliptic_f_006,<=,500.0,0.053765669680081785,1.0,0.9999502165579728,212273,0.9999528930719841,11413,200860,0,10,0.06631570996101127
elliptic_f_006,>=,1000.0,0.0,0.0,4.978344202718176e-06,1,4.7106928015903295e-06,0,1,11413,200869,0.0
elliptic_f_006,<=,1000.0,0.053763390207365674,1.0,0.9999950216557972,212282,0.9999952893071984,11413,200869,0,1,0.06631293569975166
elliptic_f_007,>=,0.0,0.053763136944550434,1.0,1.0,212283,1.0,11413,200870,0,0,0.06631262746282879
elliptic_f_007,<=,0.0,0.0124580866091175,0.12240427582581268,0.551296858664808,112136,0.5282382479991332,1397,110739,10016,90131,0.015186202188465444
elliptic_f_007,>=,1.0,0.10001298091805047,0.8775957241741873,0.4487031413351919,100147,0.4717617520008668,10016,90131,1397,110739,0.12155310302644896
elliptic_f_007,<=,1.0,0.0124580866091175,0.12240427582581268,0.551296858664808,112136,0.5282382479991332,1397,110739,10016,90131,0.015186202188465444
elliptic_f_007,>=,2.0,0.10001298091805047,0.8775957241741873,0.4487031413351919,100147,0.4717617520008668,10016,90131,1397,110739,0.12155310302644896
elliptic_f_007,<=,2.0,0.0124580866091175,0.12240427582581268,0.551296858664808,112136,0.5282382479991332,1397,110739,10016,90131,0.015186202188465444
elliptic_f_007,>=,3.0,0.10001298091805047,0.8775957241741873,0.4487031413351919,100147,0.4717617520008668,10016,90131,1397,110739,0.12155310302644896
elliptic_f_007,<=,3.0,0.0124580866091175,0.12240427582581268,0.551296858664808,112136,0.5282382479991332,1397,110739,10016,90131,0.015186202188465444
elliptic_f_007,>=,5.0,0.10001298091805047,0.8775957241741873,0.4487031413351919,100147,0.4717617520008668,10016,90131,1397,110739,0.12155310302644896
elliptic_f_007,<=,5.0,0.0124580866091175,0.12240427582581268,0.551296858664808,112136,0.5282382479991332,1397,110739,10016,90131,0.015186202188465444
elliptic_f_007,>=,10.0,0.10001298091805047,0.8775957241741873,0.4487031413351919,100147,0.4717617520008668,10016,90131,1397,110739,0.12155310302644896
elliptic_f_007,<=,10.0,0.0124580866091175,0.12240427582581268,0.551296858664808,112136,0.5282382479991332,1397,110739,10016,90131,0.015186202188465444
elliptic_f_007,>=,20.0,0.10001298091805047,0.8775957241741873,0.4487031413351919,100147,0.4717617520008668,10016,90131,1397,110739,0.12155310302644896
elliptic_f_007,<=,20.0,0.0124580866091175,0.12240427582581268,0.551296858664808,112136,0.5282382479991332,1397,110739,10016,90131,0.015186202188465444
elliptic_f_007,>=,50.0,0.10001298091805047,0.8775957241741873,0.4487031413351919,100147,0.4717617520008668,10016,90131,1397,110739,0.12155310302644896
elliptic_f_007,<=,50.0,0.0124580866091175,0.12240427582581268,0.551296858664808,112136,0.5282382479991332,1397,110739,10016,90131,0.015186202188465444
elliptic_f_007,>=,100.0,0.10001298091805047,0.8775957241741873,0.4487031413351919,100147,0.4717617520008668,10016,90131,1397,110739,0.12155310302644896
elliptic_f_007,<=,100.0,0.0124580866091175,0.12240427582581268,0.551296858664808,112136,0.5282382479991332,1397,110739,10016,90131,0.015186202188465444
elliptic_f_007,>=,200.0,0.10001298091805047,0.8775957241741873,0.4487031413351919,100147,0.4717617520008668,10016,90131,1397,110739,0.12155310302644896
elliptic_f_007,<=,200.0,0.0124580866091175,0.12240427582581268,0.551296858664808,112136,0.5282382479991332,1397,110739,10016,90131,0.015186202188465444
elliptic_f_007,>=,500.0,0.10001298091805047,0.8775957241741873,0.4487031413351919,100147,0.4717617520008668,10016,90131,1397,110739,0.12155310302644896
elliptic_f_007,<=,500.0,0.0124580866091175,0.12240427582581268,0.551296858664808,112136,0.5282382479991332,1397,110739,10016,90131,0.015186202188465444
elliptic_f_007,>=,1000.0,0.10001298091805047,0.8775957241741873,0.4487031413351919,100147,0.4717617520008668,10016,90131,1397,110739,0.12155310302644896
elliptic_f_007,<=,1000.0,0.0124580866091175,0.12240427582581268,0.551296858664808,112136,0.5282382479991332,1397,110739,10016,90131,0.015186202188465444
elliptic_f_007,>=,100000.0,0.10001298091805047,0.8775957241741873,0.4487031413351919,100147,0.4717617520008668,10016,90131,1397,110739,0.12155310302644896
elliptic_f_007,<=,100000.0,0.0124580866091175,0.12240427582581268,0.551296858664808,112136,0.5282382479991332,1397,110739,10016,90131,0.015186202188465444
elliptic_f_007,>=,200000.0,0.10001298091805047,0.8775957241741873,0.4487031413351919,100147,0.4717617520008668,10016,90131,1397,110739,0.12155310302644896
elliptic_f_007,<=,200000.0,0.0124580866091175,0.12240427582581268,0.551296858664808,112136,0.5282382479991332,1397,110739,10016,90131,0.015186202188465444
elliptic_f_008,>=,0.0,0.053763136944550434,1.0,1.0,212283,1.0,11413,200870,0,0,0.06631262746282879
elliptic_f_008,<=,0.0,0.04062611678936459,0.24901428195916936,0.3341116144770249,69955,0.32953651493525155,2842,67113,8571,133757,0.0487925475478397
elliptic_f_008,>=,1.0,0.06022005508403125,0.7509857180408306,0.665888385522975,142328,0.6704634850647485,8571,133757,2842,67113,0.0737956864264497
elliptic_f_008,<=,1.0,0.04062611678936459,0.24901428195916936,0.3341116144770249,69955,0.32953651493525155,2842,67113,8571,133757,0.0487925475478397
elliptic_f_008,>=,2.0,0.06022005508403125,0.7509857180408306,0.665888385522975,142328,0.6704634850647485,8571,133757,2842,67113,0.0737956864264497
elliptic_f_008,<=,2.0,0.04062611678936459,0.24901428195916936,0.3341116144770249,69955,0.32953651493525155,2842,67113,8571,133757,0.0487925475478397
elliptic_f_008,>=,3.0,0.06022005508403125,0.7509857180408306,0.665888385522975,142328,0.6704634850647485,8571,133757,2842,67113,0.0737956864264497
elliptic_f_008,<=,3.0,0.04062611678936459,0.24901428195916936,0.3341116144770249,69955,0.32953651493525155,2842,67113,8571,133757,0.0487925475478397
elliptic_f_008,>=,5.0,0.06022005508403125,0.7509857180408306,0.665888385522975,142328,0.6704634850647485,8571,133757,2842,67113,0.0737956864264497
elliptic_f_008,<=,5.0,0.04062611678936459,0.24901428195916936,0.3341116144770249,69955,0.32953651493525155,2842,67113,8571,133757,0.0487925475478397
elliptic_f_008,>=,10.0,0.06022005508403125,0.7509857180408306,0.665888385522975,142328,0.6704634850647485,8571,133757,2842,67113,0.0737956864264497
elliptic_f_008,<=,10.0,0.04062611678936459,0.24901428195916936,0.3341116144770249,69955,0.32953651493525155,2842,67113,8571,133757,0.0487925475478397
elliptic_f_008,>=,20.0,0.06022005508403125,0.7509857180408306,0.665888385522975,142328,0.6704634850647485,8571,133757,2842,67113,0.0737956864264497
elliptic_f_008,<=,20.0,0.04062611678936459,0.24901428195916936,0.3341116144770249,69955,0.32953651493525155,2842,67113,8571,133757,0.0487925475478397
elliptic_f_008,>=,50.0,0.06022005508403125,0.7509857180408306,0.665888385522975,142328,0.6704634850647485,8571,133757,2842,67113,0.0737956864264497
elliptic_f_008,<=,50.0,0.04062611678936459,0.24901428195916936,0.3341116144770249,69955,0.32953651493525155,2842,67113,8571,133757,0.0487925475478397
elliptic_f_008,>=,100.0,0.06022005508403125,0.7509857180408306,0.665888385522975,142328,0.6704634850647485,8571,133757,2842,67113,0.0737956864264497
elliptic_f_008,<=,100.0,0.04062611678936459,0.24901428195916936,0.3341116144770249,69955,0.32953651493525155,2842,67113,8571,133757,0.0487925475478397
elliptic_f_008,>=,200.0,0.06022005508403125,0.7509857180408306,0.665888385522975,142328,0.6704634850647485,8571,133757,2842,67113,0.0737956864264497
elliptic_f_008,<=,200.0,0.04062611678936459,0.24901428195916936,0.3341116144770249,69955,0.32953651493525155,2842,67113,8571,133757,0.0487925475478397
elliptic_f_008,>=,500.0,0.06022005508403125,0.7509857180408306,0.665888385522975,142328,0.6704634850647485,8571,133757,2842,67113,0.0737956864264497
elliptic_f_008,<=,500.0,0.04062611678936459,0.24901428195916936,0.3341116144770249,69955,0.32953651493525155,2842,67113,8571,133757,0.0487925475478397
elliptic_f_008,>=,1000.0,0.06022005508403125,0.7509857180408306,0.665888385522975,142328,0.6704634850647485,8571,133757,2842,67113,0.0737956864264497
elliptic_f_008,<=,1000.0,0.04062611678936459,0.24901428195916936,0.3341116144770249,69955,0.32953651493525155,2842,67113,8571,133757,0.0487925475478397
elliptic_f_008,>=,100000.0,0.06022005508403125,0.7509857180408306,0.665888385522975,142328,0.6704634850647485,8571,133757,2842,67113,0.0737956864264497
elliptic_f_008,<=,100000.0,0.04062611678936459,0.24901428195916936,0.3341116144770249,69955,0.32953651493525155,2842,67113,8571,133757,0.0487925475478397
elliptic_f_008,>=,200000.0,0.06022005508403125,0.7509857180408306,0.665888385522975,142328,0.6704634850647485,8571,133757,2842,67113,0.0737956864264497
elliptic_f_008,<=,200000.0,0.04062611678936459,0.24901428195916936,0.3341116144770249,69955,0.32953651493525155,2842,67113,8571,133757,0.0487925475478397
elliptic_f_009,>=,0.0,0.053763136944550434,1.0,1.0,212283,1.0,11413,200870,0,0,0.06631262746282879
elliptic_f_009,<=,0.0,,0.0,0.0,0,0.0,0,0,11413,200870,0.0
elliptic_f_009,>=,1.0,0.053763136944550434,1.0,1.0,212283,1.0,11413,200870,0,0,0.06631262746282879
elliptic_f_009,<=,1.0,0.05591391412365117,0.9820380268115307,0.9421167919549958,200451,0.9442630827715832,11208,189243,205,11627,0.0689114959475761
elliptic_f_009,>=,2.0,0.017325895875591617,0.017961973188469288,0.057883208045004235,11832,0.05573691722841678,205,11627,11208,189243,0.017449481622716673
elliptic_f_009,<=,2.0,0.054505283381364074,0.9943047402085341,0.9799970129934784,208200,0.9807662412911067,11348,196852,65,4018,0.06721052625344552
elliptic_f_009,>=,3.0,0.01591966691158462,0.005695259791465872,0.02000298700652163,4083,0.019233758708893316,65,4018,11348,196852,0.011713822310326185
elliptic_f_009,<=,3.0,0.05415665659713137,0.9974590379391921,0.9897993727286305,210205,0.9902111803582953,11384,198821,29,2049,0.0667892466027483
elliptic_f_009,>=,5.0,0.013927576601671309,0.001314290721107509,0.0052870015432867025,1077,0.005073416147312785,15,1062,11398,199808,0.004770688887475351
elliptic_f_009,<=,5.0,0.053823640483383686,0.9990361868045211,0.9978493553044258,211840,0.9979131630888954,11402,200438,11,432,0.06638541267599238
elliptic_f_009,>=,10.0,0.0297029702970297,0.0002628581442215018,0.00048787773186638125,101,0.0004757799729606233,3,98,11410,200772,0.0012693577050012694
elliptic_f_009,<=,10.0,0.05378122746744709,0.9999123806185928,0.9995569273659581,212193,0.9995760376478569,11412,200781,1,89,0.06633456756395427
elliptic_f_009,>=,20.0,0.0,0.0,0.00014935032608154528,30,0.0001413207840477099,0,30,11413,200840,0.0
elliptic_f_009,<=,20.0,0.0537697225533198,1.0,0.9998705630507293,212257,0.9998775219871586,11413,200844,0,26,0.0663206425542251
elliptic_f_010,>=,0.0,0.053763136944550434,1.0,1.0,212283,1.0,11413,200870,0,0,0.06631262746282879
elliptic_f_010,<=,0.0,0.0,0.0,6.471847463533628e-05,13,6.123900642067428e-05,0,13,11413,200857,0.0
elliptic_f_010,>=,1e-08,0.053766429547274695,1.0,0.9999352815253647,212270,0.9999387609935794,11413,200857,0,13,0.06631663476634905
elliptic_f_010,<=,1e-08,0.0,0.0,7.467516304077264e-05,15,7.066039202385495e-05,0,15,11413,200855,0.0
elliptic_f_010,>=,2e-08,0.05376693613733582,1.0,0.9999253248369592,212268,0.9999293396079761,11413,200855,0,15,0.06631725131757091
elliptic_f_010,<=,2e-08,0.0,0.0,7.965350724349081e-05,16,7.537108482544527e-05,0,16,11413,200854,0.0
elliptic_f_010,>=,5e-08,0.05376744273694327,1.0,0.9999153681485538,212266,0.9999199182223729,11413,200853,0,17,0.06631786788025712
elliptic_f_010,<=,5e-08,0.0,0.0,8.463185144620899e-05,17,8.008177762703561e-05,0,17,11413,200853,0.0
elliptic_f_010,>=,1e-07,0.05376794934609731,1.0,0.9999054114601483,212264,0.9999104968367698,11413,200851,0,19,0.06631848445440801
elliptic_f_010,<=,1e-07,0.0,0.0,9.458853985164534e-05,19,8.950316323021626e-05,0,19,11413,200851,0.0
elliptic_f_010,>=,1e-05,0.05404138453525262,1.0,0.994558669786429,211190,0.9948512127678618,11413,199777,0,1093,0.06665124922182783
elliptic_f_010,<=,1e-05,0.0,0.0,0.005461243590381839,1097,0.005167630003344592,0,1097,11413,199773,0.0
elliptic_f_010,>=,2e-05,0.054308720232996405,0.9999123806185928,0.9892965599641559,210132,0.9898672997837792,11412,198720,1,2150,0.06697646902778479
elliptic_f_010,<=,2e-05,0.0004640371229698376,8.761938140716727e-05,0.010723353412654952,2155,0.01015154298742716,1,2154,11412,198716,0.0002495881795038187
elliptic_f_010,>=,5e-05,0.05459965357857163,0.9998247612371857,0.9836361826056653,208994,0.9845065313755694,11411,197583,2,3287,0.06733035241193831
elliptic_f_010,<=,5e-05,0.0006075334143377885,0.00017523876281433454,0.0163787524269428,3292,0.015507600702835366,2,3290,11411,197580,0.00040681827427688054
elliptic_f_010,>=,0.0001,0.05514227848590749,0.9995619030929641,0.9731418330263354,206883,0.9745622588714122,11408,195475,5,5395,0.06799015430093748
elliptic_f_010,<=,0.0001,0.0014154281670205238,0.0007009550512573382,0.028097774680141387,5652,0.026624835714588544,8,5644,11405,195226,0.001175744393168925
elliptic_f_010,>=,0.0002,0.06131002017484869,0.9985104705160781,0.8686165181460647,185875,0.8756000244956026,11396,174479,17,26391,0.07547889624367311
elliptic_f_010,<=,0.0002,0.0008604564160119716,0.002015245772364847,0.13295663862199433,26730,0.12591681858650952,23,26707,11390,174163,0.0009718337234752774
elliptic_f_010,>=,0.0005,0.06724475955245186,0.99474283711557,0.7839796883556529,168831,0.795310976385297,11353,157478,60,43392,0.08265900919857237
elliptic_f_010,<=,0.0005,0.001397447939337014,0.005344782265837203,0.2170060237964853,43651,0.2056264514822195,61,43590,11352,157280,0.0016396350871156937
elliptic_f_010,>=,0.001,0.07235059557282347,0.9920266362919478,0.7226863145317868,156488,0.7371668951352676,11322,145166,91,55704,0.08881880868889883
elliptic_f_010,<=,0.001,0.0020006373711979036,0.009900990099009901,0.28062428436302084,56482,0.266069350819425,113,56369,11300,144501,0.0023805410780269737
elliptic_f_010,>=,0.01,0.06775179273450017,0.6779987733286603,0.5300592422960123,114211,0.5380129355624331,7738,106473,3675,94397,0.08262556672938151
elliptic_f_010,<=,0.01,0.03727659231497713,0.3241917112065189,0.4757206153233435,99258,0.467573946100253,3700,95558,7713,105312,0.04529373599872688
elliptic_f_010,>=,0.02,0.06290928377369111,0.5092438447384562,0.4310001493503261,92387,0.4352067758605258,5812,86575,5601,114295,0.07628077414748491
elliptic_f_010,<=,0.02,0.0466466018290509,0.49294663979672304,0.572424951461144,120609,0.5681519481070081,5626,114983,5787,85887,0.05696073091167543
elliptic_f_010,>=,0.05,0.06255756494788088,0.37492333304126874,0.3192213869666949,68401,0.32221609832158016,4279,64122,7134,136748,0.0750656978355677
elliptic_f_010,<=,0.05,0.049482522133089485,0.6258652413913958,0.6830835863991637,144354,0.6800073486807705,7143,137211,4270,63659,0.06065428163354726
elliptic_f_010,>=,0.1,0.06047113163972286,0.28677823534565844,0.2531587593966247,54125,0.2549662478860766,3273,50852,8140,150018,0.07180371457529847
elliptic_f_010,<=,0.1,0.0513038227857655,0.7147112941382634,0.7509185045054015,158994,0.7489718912960529,8157,150837,3256,50033,0.06299921685416342
elliptic_f_010,>=,0.2,0.05856326729062842,0.21107508980986595,0.19279135759446409,41135,0.19377434839341823,2409,38726,9004,162144,0.06845578080510137
elliptic_f_010,<=,0.2,0.05254695437386401,0.7903268202926488,0.8096579877532732,171656,0.8086186835497897,9020,162636,2393,38234,0.0646097556433255
elliptic_f_010,>=,0.5,0.05578395504092332,0.12958906510120038,0.12462786877084682,26513,0.12489459824856441,1479,25034,9934,175836,0.0629549227429447
elliptic_f_010,<=,0.5,0.05351140037159949,0.8731271357224218,0.8774680141384975,186222,0.8772346348977544,9965,176257,1448,24613,0.06587985471393004
elliptic_f_010,>=,1.0,0.049370333221887885,0.07763077192675019,0.08493055209837208,17946,0.08453809301734005,886,17060,10527,183810,0.05324711227568302
elliptic_f_010,<=,1.0,0.054089533870057944,0.9242092350828003,0.9183153283218002,195010,0.9186322032381302,10548,184462,865,16408,0.06663693232573507
elliptic_f_010,>=,2.0,0.040415997294326544,0.04188206431262595,0.05649922835664858,11827,0.05571336376440883,478,11349,10935,189521,0.04070094174145536
elliptic_f_010,<=,2.0,0.05452380715161056,0.9589941295014457,0.9448548812664908,200738,0.9456150516056396,10945,189793,468,11077,0.06719959723219932
elliptic_f_010,>=,5.0,0.028092303282212985,0.017173398755804783,0.03375815203863195,6977,0.03286650367669573,196,6781,11217,194089,0.02492306909793749
elliptic_f_010,<=,5.0,0.05461068167215094,0.9830018400070095,0.966879076019316,205436,0.967745886387511,11219,194217,194,6653,0.06732824665699262
elliptic_f_010,>=,10.0,0.018465596834469113,0.00736002803820205,0.022228306865136657,4549,0.02142894155443441,84,4465,11329,196405,0.014184876220068223
elliptic_f_010,<=,10.0,0.05450932465982794,0.992639971961798,0.9782794842435406,207836,0.9790515491113279,11329,196507,84,4363,0.06721391812823863
elliptic_f_010,>=,20.0,0.016825164594001463,0.004030491544729694,0.013381789216906456,2734,0.012879034119547961,46,2688,11367,198182,0.010291288200814354
elliptic_f_010,<=,20.0,0.05423057656067365,0.9959695084552703,0.9868969980584458,209605,0.987384764677341,11367,198238,46,2632,0.06687784541198094
elliptic_f_010,>=,50.0,0.008121827411167513,0.0007009550512573382,0.004863842286055658,985,0.004640032409566475,8,977,11405,199893,0.0026053540024750864
elliptic_f_010,<=,50.0,0.0539779583299815,0.999474283711557,0.9952705730074177,211327,0.9954965776816797,11407,199920,6,950,0.06657359863946372
elliptic_f_010,>=,100.0,0.005597014925373134,0.0002628581442215018,0.002653457460048788,536,0.0025249313416524167,3,533,11410,200337,0.0011064394777605664
elliptic_f_010,<=,100.0,0.05387997185586045,0.9997371418557784,0.9974461094240056,211767,0.9975692825143794,11410,200357,3,513,0.06645458664781166
elliptic_f_010,>=,10000.0,0.0,0.0,4.4805097824463586e-05,9,4.239623521431297e-05,0,9,11413,200861,0.0
elliptic_f_010,<=,10000.0,0.05376541639579035,1.0,0.9999551949021755,212274,0.9999576037647857,11413,200861,0,9,0.06631540169829717
elliptic_f_010,>=,20000.0,0.0,0.0,9.956688405436352e-06,2,9.421385603180659e-06,0,2,11413,200868,0.0
elliptic_f_010,<=,20000.0,0.05376364347256702,1.0,0.9999900433115946,212281,0.9999905786143968,11413,200868,0,2,0.06631324393954008
elliptic_f_011,>=,0.0,0.053763136944550434,1.0,1.0,212283,1.0,11413,200870,0,0,0.06631262746282879
elliptic_f_011,<=,0.0,0.0,0.0,6.471847463533628e-05,13,6.123900642067428e-05,0,13,11413,200857,0.0
elliptic_f_011,>=,1e-08,0.053766429547274695,1.0,0.9999352815253647,212270,0.9999387609935794,11413,200857,0,13,0.06631663476634905
elliptic_f_011,<=,1e-08,0.0,0.0,7.467516304077264e-05,15,7.066039202385495e-05,0,15,11413,200855,0.0
elliptic_f_011,>=,2e-08,0.05376693613733582,1.0,0.9999253248369592,212268,0.9999293396079761,11413,200855,0,15,0.06631725131757091
elliptic_f_011,<=,2e-08,0.0,0.0,7.965350724349081e-05,16,7.537108482544527e-05,0,16,11413,200854,0.0
elliptic_f_011,>=,5e-08,0.05376744273694327,1.0,0.9999153681485538,212266,0.9999199182223729,11413,200853,0,17,0.06631786788025712
elliptic_f_011,<=,5e-08,0.0,0.0,8.463185144620899e-05,17,8.008177762703561e-05,0,17,11413,200853,0.0
elliptic_f_011,>=,1e-07,0.05376794934609731,1.0,0.9999054114601483,212264,0.9999104968367698,11413,200851,0,19,0.06631848445440801
elliptic_f_011,<=,1e-07,0.0,0.0,9.458853985164534e-05,19,8.950316323021626e-05,0,19,11413,200851,0.0
elliptic_f_011,>=,1e-05,0.0540471420655556,0.9999123806185928,0.9943595360183203,211149,0.9946580743629966,11412,199737,1,1133,0.06665817765934703
elliptic_f_011,<=,1e-05,0.0008787346221441124,8.761938140716727e-05,0.005660377358490566,1138,0.005360768408209795,1,1137,11412,199733,0.00031318509238960227
elliptic_f_011,>=,2e-05,0.054341045774664656,0.9999123806185928,0.9886742669388161,210007,0.9892784631835804,11412,198595,1,2275,0.06701580027271414
elliptic_f_011,<=,2e-05,0.0004385964912280702,8.761938140716727e-05,0.011345646437994723,2280,0.010740379587625953,1,2279,11412,198591,0.00024351044659815907
elliptic_f_011,>=,5e-05,0.05463001992642551,0.9992990449487427,0.9825409468810674,208768,0.9834419148024099,11405,197363,8,3507,0.06736681689575125
elliptic_f_011,<=,5e-05,0.002273373117362887,0.0007009550512573382,0.017478966495743514,3519,0.01657692796879637,8,3511,11405,197359,0.0015693044058221193
elliptic_f_011,>=,0.0001,0.055271680111697176,0.998948567423114,0.9701349131278937,206272,0.9716840255696405,11401,194871,12,5999,0.06814695977649758
elliptic_f_011,<=,0.0001,0.002655420181193377,0.0014895294839218434,0.031786727734355556,6402,0.03015785531578129,17,6385,11396,194485,0.00229599416547365
elliptic_f_011,>=,0.0002,0.06212247704169327,0.9975466573205993,0.8556877582516055,183267,0.863314537669055,11385,171882,28,28988,0.07646266325131199
elliptic_f_011,<=,0.0002,0.0012272866737122012,0.0031542977306580214,0.1458505501070344,29333,0.13817875194904913,36,29297,11377,171573,0.0013981125480601187
elliptic_f_011,>=,0.0005,0.06844055889092437,0.9918513975291334,0.7670582964106138,165399,0.7791438786902389,11320,154079,93,46791,0.08409991545432528
elliptic_f_011,<=,0.0005,0.001995118327496551,0.008236221852273722,0.23408672275601136,47115,0.2219442913469284,94,47021,11319,153849,0.0023514931981808446
elliptic_f_011,>=,0.001,0.0727252536205849,0.9754665732059932,0.7066759595758451,153083,0.7211269861458525,11133,141950,280,58920,0.08924320034629536
elliptic_f_011,<=,0.001,0.0075966621230759,0.04004205730307544,0.29721212724647783,60158,0.28338585755807105,457,59701,10956,141169,0.009065841417207244
elliptic_f_011,>=,0.01,0.05727552730370634,0.5360553754490494,0.5013142828695176,106817,0.5031820729874743,6118,100699,5295,100171,0.06973176408369636
elliptic_f_011,<=,0.01,0.04991668070924376,0.4671865416630159,0.5052322397570568,106818,0.5031867836802758,5332,101486,6081,99384,0.06077253610221457
elliptic_f_011,>=,0.02,0.056627000410340585,0.4111101375624288,0.38913725294966894,82858,0.39031858415417153,4692,78166,6721,122704,0.06842742347124794
elliptic_f_011,<=,0.02,0.051809728732805656,0.5907298694471217,0.6142679344849903,130130,0.6130024542709497,6742,123388,4671,77482,0.06337264279523926
elliptic_f_011,>=,0.05,0.051696521966527194,0.2771401033908701,0.2888485089859113,61184,0.28821902837250274,3163,58021,8250,142849,0.061741408320938204
elliptic_f_011,<=,0.05,0.05453850009232636,0.7246122842372733,0.713725294966894,151636,0.7143106136619513,8270,143366,3143,57504,0.06691404094459646
elliptic_f_011,>=,0.1,0.047679659460812956,0.2002102865153772,0.22720665106785484,47924,0.22575524182341497,2285,45639,9128,155231,0.056250584661437945
elliptic_f_011,<=,0.1,0.05530547791048027,0.800928765442916,0.7773236421566188,165282,0.7785927276324529,9141,156141,2272,44729,0.06795868207291451
elliptic_f_011,>=,0.2,0.0433502509603791,0.1354595636554806,0.169846169164136,35663,0.16799743738311593,1546,34117,9867,166753,0.050173628014149874
elliptic_f_011,<=,0.2,0.05580024393549261,0.8658547270656269,0.832448847513317,177096,0.8342448523904411,9882,167214,1531,33656,0.06864435389422295
elliptic_f_011,>=,0.5,0.035982408600239886,0.07097169893980548,0.10803504754318713,22511,0.10604240565659992,810,21701,10603,179169,0.03991838907123215
elliptic_f_011,<=,0.5,0.05592660126219765,0.9325330763164812,0.8944093194603475,190303,0.8964589722210445,10643,179660,770,21210,0.06887558647468048
elliptic_f_011,>=,1.0,0.028794402583423036,0.03750109524226759,0.07186737691043958,14864,0.07001973780283867,428,14436,10985,186434,0.030196559849863833
elliptic_f_011,<=,1.0,0.05552583770690351,0.9640760536230614,0.9317319659481257,198160,0.9334708855631397,11003,187157,410,13713,0.06842210650292953
elliptic_f_011,>=,2.0,0.022809371452162247,0.019363883290983964,0.04713496291133569,9689,0.045641902554608704,221,9468,11192,191402,0.022025553628734876
elliptic_f_011,<=,2.0,0.05521372578021003,0.9812494523788662,0.9540050779110868,202830,0.9554698209465666,11199,191631,214,9239,0.0680597472083896
elliptic_f_011,>=,5.0,0.012737742104344791,0.0063962148427232106,0.02816747149897944,5731,0.02699698044591418,73,5658,11340,195212,0.010629932725631243
elliptic_f_011,<=,5.0,0.05486881510259177,0.993691404538684,0.9725294966894011,206693,0.97366722723911,11341,195352,72,5518,0.06765212930319679
elliptic_f_011,>=,10.0,0.008542141230068337,0.002628581442215018,0.01733459451386469,3512,0.016543953119185238,30,3482,11383,197388,0.005891363261458701
elliptic_f_011,<=,10.0,0.05449670855774985,0.997371418557785,0.983183153283218,208875,0.9839459589321802,11383,197492,30,3378,0.06720288860839307
elliptic_f_011,>=,20.0,0.010699001426533523,0.001314290721107509,0.00690496340917011,1402,0.006604391307829642,15,1387,11398,199483,0.004406321602726044
elliptic_f_011,<=,20.0,0.05403355408807119,0.9986857092788924,0.9934036939313984,210943,0.9936876716458689,11398,199545,15,1325,0.06664055145962569
elliptic_f_011,>=,50.0,0.00946372239747634,0.0005257162884430036,0.0031264001593070143,634,0.002986579236208269,6,628,11407,200242,0.0021506918058642197
elliptic_f_011,<=,50.0,0.05389739229024943,0.9996495224743713,0.9970179718225718,211680,0.9971594522406411,11409,200271,4,599,0.06647570947626999
elliptic_f_011,>=,100.0,0.0034129692832764505,8.761938140716727e-05,0.0014536765071937073,293,0.0013802329908659667,1,292,11412,200578,0.0003972983710766786
elliptic_f_011,<=,100.0,0.05382764963916797,0.9999123806185928,0.9986458903768607,212010,0.9987139808651658,11412,200598,1,272,0.06639106501460813
elliptic_f_011,>=,1000.0,0.0,0.0,5.476178622989994e-05,11,5.181762081749363e-05,0,11,11413,200859,0.0
elliptic_f_011,<=,1000.0,0.053765669680081785,1.0,0.9999502165579728,212273,0.9999528930719841,11413,200860,0,10,0.06631570996101127
elliptic_f_011,>=,2000.0,0.0,0.0,1.4935032608154527e-05,3,1.413207840477099e-05,0,3,11413,200867,0.0
elliptic_f_011,<=,2000.0,0.05376364347256702,1.0,0.9999900433115946,212281,0.9999905786143968,11413,200868,0,2,0.06631324393954008
elliptic_f_011,>=,5000.0,0.0,0.0,4.978344202718176e-06,1,4.7106928015903295e-06,0,1,11413,200869,0.0
elliptic_f_011,<=,5000.0,0.053763390207365674,1.0,0.9999950216557972,212282,0.9999952893071984,11413,200869,0,1,0.06631293569975166
elliptic_f_012,>=,0.0,0.053763136944550434,1.0,1.0,212283,1.0,11413,200870,0,0,0.06631262746282879
elliptic_f_012,<=,0.0,0.0,0.0,6.471847463533628e-05,13,6.123900642067428e-05,0,13,11413,200857,0.0
elliptic_f_012,>=,1e-08,0.053766429547274695,1.0,0.9999352815253647,212270,0.9999387609935794,11413,200857,0,13,0.06631663476634905
elliptic_f_012,<=,1e-08,0.0,0.0,7.467516304077264e-05,15,7.066039202385495e-05,0,15,11413,200855,0.0
elliptic_f_012,>=,2e-08,0.05376693613733582,1.0,0.9999253248369592,212268,0.9999293396079761,11413,200855,0,15,0.06631725131757091
elliptic_f_012,<=,2e-08,0.0,0.0,7.965350724349081e-05,16,7.537108482544527e-05,0,16,11413,200854,0.0
elliptic_f_012,>=,5e-08,0.05376744273694327,1.0,0.9999153681485538,212266,0.9999199182223729,11413,200853,0,17,0.06631786788025712
elliptic_f_012,<=,5e-08,0.0,0.0,8.463185144620899e-05,17,8.008177762703561e-05,0,17,11413,200853,0.0
elliptic_f_012,>=,1e-07,0.05376794934609731,1.0,0.9999054114601483,212264,0.9999104968367698,11413,200851,0,19,0.06631848445440801
elliptic_f_012,<=,1e-07,0.0,0.0,9.458853985164534e-05,19,8.950316323021626e-05,0,19,11413,200851,0.0
elliptic_f_012,>=,1e-05,0.05403767295180552,0.9999123806185928,0.9945437347538209,211186,0.9948323699966554,11412,199774,1,1096,0.06664665476075066
elliptic_f_012,<=,1e-05,0.0009082652134423251,8.761938140716727e-05,0.005476178622989994,1101,0.005186472774550953,1,1100,11412,199770,0.00031611557185306946
elliptic_f_012,>=,2e-05,0.0543149237534982,0.9999123806185928,0.9891770797032907,210108,0.989754243156541,11412,198696,1,2174,0.06698401704535449
elliptic_f_012,<=,2e-05,0.0004589261128958238,8.761938140716727e-05,0.010842833673520187,2179,0.010264599614665328,1,2178,11412,198692,0.00024839783397088776
elliptic_f_012,>=,5e-05,0.05459000076563816,0.9995619030929641,0.9835615074426246,208976,0.9844217389051407,11408,197568,5,3302,0.06731837081045229
elliptic_f_012,<=,5e-05,0.0015105740181268882,0.0004380969070358363,0.016453427589983572,3310,0.015592393173263991,5,3305,11408,197565,0.0010140753660812071
elliptic_f_012,>=,0.0001,0.05519904759139348,0.9993866643301498,0.971912182008264,206634,0.9733892963638162,11406,195228,7,5642,0.068059034619052
elliptic_f_012,<=,0.0001,0.0018388498829822802,0.0009638131954788399,0.02972569323443023,5982,0.028179364339113354,11,5971,11402,194899,0.0015562660932061912
elliptic_f_012,>=,0.0002,0.0615881904617763,0.9983352317532638,0.8642853586896998,185003,0.8714923003726158,11394,173609,19,27261,0.07581594969557841
elliptic_f_012,<=,0.0002,0.0009438414346389807,0.002278103916586349,0.13700901080300693,27547,0.1297654546054088,26,27521,11387,173349,0.001069070155673062
elliptic_f_012,>=,0.0005,0.06771902602052995,0.994217120827127,0.7776820829392144,167560,0.7893236858344757,11347,156213,66,44657,0.08323149755080664
elliptic_f_012,<=,0.0005,0.0014683634421998753,0.005782879172873039,0.22343804450639718,44948,0.21173622004588213,66,44882,11347,155988,0.0017258962893229779
elliptic_f_012,>=,0.001,0.07209938336902397,0.9794094453693157,0.7161746403146314,155036,0.7303269691873584,11178,143858,235,57012,0.08849557522123894
elliptic_f_012,<=,0.001,0.007000103195624506,0.035661088232717075,0.2874247025439339,58142,0.27388910087006496,407,57735,11006,143135,0.00834081342399613
elliptic_f_012,>=,0.01,0.05794511227035609,0.5596249890475773,0.5169413053218499,110225,0.5192361140552941,6387,103838,5026,97032,0.07060376332318549
elliptic_f_012,<=,0.01,0.048957204767063923,0.44344168930167355,0.4894459102902375,103376,0.4869725790572019,5061,98315,6352,102555,0.059552806783442415
elliptic_f_012,>=,0.02,0.05837010749962554,0.4438797862087094,0.40685517996714293,86791,0.40884573894282633,5066,81725,6347,119145,0.07064033666409167
elliptic_f_012,<=,0.02,0.05046013364088175,0.5577849820380268,0.5963707870762185,126159,0.5942962931558344,6366,119793,5047,81077,0.06168018928435091
elliptic_f_012,>=,0.05,0.055767691075937674,0.31735739945675984,0.3053019365758949,64948,0.30595007607768876,3622,61326,7791,139544,0.066776055013735
elliptic_f_012,<=,0.05,0.05283480754145365,0.6845702269341979,0.6972818240653159,147876,0.6965984087279716,7813,140063,3600,60807,0.06479332976180802
elliptic_f_012,>=,0.1,0.0534802419671616,0.23858757557171648,0.23992134216159705,50916,0.23984963468577325,2723,48193,8690,152677,0.06330291012056147
elliptic_f_012,<=,0.1,0.05362952920877496,0.7625514763865767,0.7645591676208493,162280,0.7644512278420788,8703,153577,2710,47293,0.06587861620842562
elliptic_f_012,>=,0.2,0.050367840252233315,0.16796635415753966,0.17993229451884304,38060,0.17928896802852795,1917,36143,9496,164727,0.05856904548037616
elliptic_f_012,<=,0.2,0.05443940746846166,0.8333479365635679,0.8224075272564345,174708,0.8229957179802434,9511,165197,1902,35673,0.06695576878401115
elliptic_f_012,>=,0.5,0.04275622753748916,0.09068605975641812,0.11535819186538557,24207,0.11403174064809711,1035,23172,10378,177698,0.04780997958259809
elliptic_f_012,<=,0.5,0.05524565998918311,0.9129063348812757,0.887016478319311,188594,0.8884083982231267,10419,178175,994,22695,0.06802787713064565
elliptic_f_012,>=,1.0,0.035211267605633804,0.04950495049504951,0.07706974660228008,16046,0.07558777669431843,565,15481,10848,185389,0.03736920777279522
elliptic_f_012,<=,1.0,0.055186382857752035,0.9525102952773153,0.926549509633096,196987,0.9279452429068743,10871,186116,542,14754,0.06799806345318322
elliptic_f_012,>=,2.0,0.028685790527018012,0.026373433803557347,0.050739284114103646,10493,0.04942929956708733,301,10192,11112,190678,0.028191439542942773
elliptic_f_012,<=,2.0,0.05503969589578095,0.9743275212477,0.9504455618061433,202036,0.9517295308621039,11120,190916,293,9954,0.06784152902116632
elliptic_f_012,>=,5.0,0.01744186046511628,0.009462893191974065,0.030288246129337382,6192,0.029168609827447324,108,6084,11305,194786,0.014924960614687267
elliptic_f_012,<=,5.0,0.0548185644188437,0.9906247261894331,0.9704684621894758,206244,0.971552126171196,11306,194938,107,5932,0.06758816770665324
elliptic_f_012,>=,10.0,0.01326053042121685,0.00446858845176553,0.018892816249315478,3846,0.01811732451491641,51,3795,11362,197075,0.009515990595962235
elliptic_f_012,<=,10.0,0.054486518626496665,0.9956190309296417,0.9816498232687808,208547,0.9824008516932585,11363,197184,50,3686,0.06718889878323228
elliptic_f_012,>=,20.0,0.01039119804400978,0.0014895294839218434,0.008059939264200728,1636,0.0077066934234017795,17,1619,11396,199251,0.004733530099682575
elliptic_f_012,<=,20.0,0.054083041862628314,0.9985104705160781,0.9922686314531787,210713,0.9926042123015032,11396,199317,17,1553,0.06670061397809814
elliptic_f_012,>=,50.0,0.007989347536617843,0.0005257162884430036,0.003708866431025041,751,0.0035377302939943378,6,745,11407,200125,0.0020808767427342723
elliptic_f_012,<=,50.0,0.05392566963969202,0.9996495224743713,0.9964653756160701,211569,0.9966365653396645,11409,200160,4,710,0.0665101219672865
elliptic_f_012,>=,100.0,0.0029069767441860465,8.761938140716727e-05,0.0017075720615323344,344,0.0016204783237470735,1,343,11412,200527,0.000390960982093987
elliptic_f_012,<=,100.0,0.05384060124835464,0.9999123806185928,0.998391994822522,211959,0.9984737355322847,11412,200547,1,323,0.06640682735737836
elliptic_f_012,>=,1000.0,0.0,0.0,8.463185144620899e-05,17,8.008177762703561e-05,0,17,11413,200853,0.0
elliptic_f_012,<=,1000.0,0.05376718943594624,1.0,0.9999203464927565,212267,0.9999246289151745,11413,200854,0,16,0.06631755959748094
elliptic_f_012,>=,2000.0,0.0,0.0,3.9826753621745407e-05,8,3.7685542412722636e-05,0,8,11413,200862,0.0
elliptic_f_012,<=,2000.0,0.05376490983436658,1.0,0.999965151590581,212276,0.9999670251503888,11413,200863,0,7,0.0663147851814665
elliptic_f_012,>=,5000.0,0.0,0.0,4.978344202718176e-06,1,4.7106928015903295e-06,0,1,11413,200869,0.0
elliptic_f_012,<=,5000.0,0.053763390207365674,1.0,0.9999950216557972,212282,0.9999952893071984,11413,200869,0,1,0.06631293569975166
elliptic_f_013,>=,0.0,0.053763136944550434,1.0,1.0,212283,1.0,11413,200870,0,0,0.06631262746282879
elliptic_f_013,<=,0.0,0.0,0.0,6.471847463533628e-05,13,6.123900642067428e-05,0,13,11413,200857,0.0
elliptic_f_013,>=,1e-08,0.053766429547274695,1.0,0.9999352815253647,212270,0.9999387609935794,11413,200857,0,13,0.06631663476634905
elliptic_f_013,<=,1e-08,0.0,0.0,7.467516304077264e-05,15,7.066039202385495e-05,0,15,11413,200855,0.0
elliptic_f_013,>=,2e-08,0.05376693613733582,1.0,0.9999253248369592,212268,0.9999293396079761,11413,200855,0,15,0.06631725131757091
elliptic_f_013,<=,2e-08,0.0,0.0,7.965350724349081e-05,16,7.537108482544527e-05,0,16,11413,200854,0.0
elliptic_f_013,>=,5e-08,0.05376744273694327,1.0,0.9999153681485538,212266,0.9999199182223729,11413,200853,0,17,0.06631786788025712
elliptic_f_013,<=,5e-08,0.0,0.0,8.463185144620899e-05,17,8.008177762703561e-05,0,17,11413,200853,0.0
elliptic_f_013,>=,1e-07,0.05376794934609731,1.0,0.9999054114601483,212264,0.9999104968367698,11413,200851,0,19,0.06631848445440801
elliptic_f_013,<=,1e-07,0.0,0.0,9.458853985164534e-05,19,8.950316323021626e-05,0,19,11413,200851,0.0
elliptic_f_013,>=,1e-05,0.05403767295180552,0.9999123806185928,0.9945437347538209,211186,0.9948323699966554,11412,199774,1,1096,0.06664665476075066
elliptic_f_013,<=,1e-05,0.0009082652134423251,8.761938140716727e-05,0.005476178622989994,1101,0.005186472774550953,1,1100,11412,199770,0.00031611557185306946
elliptic_f_013,>=,2e-05,0.0543149237534982,0.9999123806185928,0.9891770797032907,210108,0.989754243156541,11412,198696,1,2174,0.06698401704535449
elliptic_f_013,<=,2e-05,0.0004589261128958238,8.761938140716727e-05,0.010842833673520187,2179,0.010264599614665328,1,2178,11412,198692,0.00024839783397088776
elliptic_f_013,>=,5e-05,0.05459026199306137,0.9995619030929641,0.9835565290984218,208975,0.9844170282123392,11408,197567,5,3303,0.06731868860739774
elliptic_f_013,<=,5e-05,0.0015101177891875567,0.0004380969070358363,0.01645840593418629,3311,0.015597103866065581,5,3306,11408,197564,0.0010139108569574562
elliptic_f_013,>=,0.0001,0.05520519236633093,0.9993866643301498,0.9717976800916015,206611,0.9732809504293797,11406,195205,7,5665,0.06806650776922554
elliptic_f_013,<=,0.0001,0.001831196936906942,0.0009638131954788399,0.029850151839498185,6007,0.02829713165915311,11,5996,11402,194874,0.0015518749470951722
elliptic_f_013,>=,0.0002,0.061678468567963794,0.9982476123718567,0.8628615522477224,184716,0.8701403315385594,11393,173323,20,27547,0.07592529159230524
elliptic_f_013,<=,0.0002,0.0009701760689902983,0.0023657232979935163,0.13841290386817345,27830,0.13109858066825889,27,27803,11386,173067,0.0010999486690621105
elliptic_f_013,>=,0.0005,0.06798286347703646,0.9941295014457198,0.7743764623886096,166895,0.7861910751214181,11346,155549,67,45321,0.0835501986029311
elliptic_f_013,<=,0.0005,0.0014692660248678757,0.005870498554280207,0.2266839249265694,45601,0.21481230244532062,67,45534,11346,155336,0.0017284345542444676
elliptic_f_013,>=,0.001,0.07237187251047623,0.9790589678436871,0.7130133917459053,154397,0.7273168364871422,11174,143223,239,57647,0.08882338819811098
elliptic_f_013,<=,0.001,0.0069946731564526285,0.03601156575834574,0.29047642754020014,58759,0.2767955983286462,411,58348,11002,142522,0.00833843919025843
elliptic_f_013,>=,0.01,0.058215919487648676,0.5575221238938053,0.5124558171952008,109300,0.5148787232138231,6363,102937,5050,97933,0.07091858684434023
elliptic_f_013,<=,0.01,0.04875990255692172,0.4454569350740384,0.4937621347139941,104266,0.49116509565061733,5084,99182,6329,101688,0.059326404917883574
elliptic_f_013,>=,0.02,0.058524113615933314,0.4392359589941295,0.40147358988400456,85657,0.4035038133058229,5013,80644,6400,120226,0.07079688510652721
elliptic_f_013,<=,0.02,0.05043489192523159,0.5624288092526066,0.6016528102753025,127273,0.599544004936806,6419,120854,4994,80016,0.061661271265405715
elliptic_f_013,>=,0.05,0.05551192233985737,0.3096468938929291,0.29933788022103847,63662,0.2998921251348436,3534,60128,7879,140742,0.06641334130143088
elliptic_f_013,<=,0.05,0.052964723710413913,0.6921054937352142,0.7031313785035097,149137,0.702538592350777,7899,141238,3514,59632,0.06496304861660535
elliptic_f_013,>=,0.1,0.05242250978031899,0.22894944361692807,0.23513715338278487,49845,0.23480448269527,2613,47232,8800,153638,0.06198023653536882
elliptic_f_013,<=,0.1,0.05395575530097539,0.772101988959958,0.7691890277293773,163319,0.7693456376629311,8812,154507,2601,46363,0.06628663931552951
elliptic_f_013,>=,0.2,0.04749872315260342,0.15482344694646455,0.17640264847911585,37201,0.17524248291196187,1767,35434,9646,165436,0.05514396100288983
elliptic_f_013,<=,0.2,0.0550283116675971,0.8464032243932358,0.8258376064121074,175546,0.826943278547976,9660,165886,1753,34984,0.0676852621297455
elliptic_f_013,>=,0.5,0.038062726690847024,0.0781564882151932,0.11222681336187584,23435,0.11039508580526938,892,22543,10521,178327,0.04241438665563512
elliptic_f_013,<=,0.5,0.05577649264569965,0.9253482870410935,0.8900482899387664,189345,0.891946128517121,10561,178784,852,22086,0.06868558896868207
elliptic_f_013,>=,1.0,0.029651162790697676,0.04021729606588977,0.07477970826902972,15480,0.0729215245686183,459,15021,10954,185849,0.03129559679816726
elliptic_f_013,<=,1.0,0.05555133638126484,0.9613598527994393,0.9286553492308458,197511,0.9304136459349076,10972,186539,441,14331,0.06845033482769507
elliptic_f_013,>=,2.0,0.023209680618924818,0.02050293524927714,0.049026733708368596,10082,0.047493204825633704,234,9848,11179,191022,0.022612628283179684
elliptic_f_013,<=,2.0,0.05525860791384676,0.9801104004205731,0.9520784587046348,202430,0.9535855438259305,11186,191244,227,9626,0.06811320456004082
elliptic_f_013,>=,5.0,0.01289350301406564,0.00674669236835188,0.029347339075023647,5972,0.02813225741109745,77,5895,11336,194975,0.01090620662304184
elliptic_f_013,<=,5.0,0.05491535275739301,0.9933409270130553,0.9713147807039378,206445,0.9724989754243156,11337,195108,76,5762,0.06770840176637884
elliptic_f_013,>=,10.0,0.008181074447777475,0.002628581442215018,0.018106237865286007,3667,0.01727411050343174,30,3637,11383,197233,0.005751313216517772
elliptic_f_013,<=,10.0,0.05453822418980816,0.997371418557785,0.9823915965549858,208716,0.9831969587767273,11383,197333,30,3537,0.06725339339247079
elliptic_f_013,>=,20.0,0.010155721056194989,0.001314290721107509,0.007278339224373973,1477,0.006957693267948917,15,1462,11398,199408,0.004330004041337105
elliptic_f_013,<=,20.0,0.054052772350475176,0.9986857092788924,0.9930303181161946,210868,0.9933343696857497,11398,199470,15,1400,0.06666393725471847
elliptic_f_013,>=,50.0,0.009146341463414634,0.0005257162884430036,0.003235923731766814,656,0.0030902144778432563,6,650,11407,200220,0.0021372088053002777
elliptic_f_013,<=,50.0,0.05390350379861662,0.9996495224743713,0.9968984915617066,211656,0.9970463956134029,11409,200247,4,623,0.06648314699715746
elliptic_f_013,>=,100.0,0.003257328990228013,8.761938140716727e-05,0.0015233733260317619,307,0.0014461826900882312,1,306,11412,200564,0.0003955383276639506
elliptic_f_013,<=,100.0,0.053831458289110595,0.9999123806185928,0.9985712152138199,211995,0.998643320473142,11412,200583,1,287,0.06639570022096991
elliptic_f_013,>=,1000.0,0.0,0.0,5.476178622989994e-05,11,5.181762081749363e-05,0,11,11413,200859,0.0
elliptic_f_013,<=,1000.0,0.053765669680081785,1.0,0.9999502165579728,212273,0.9999528930719841,11413,200860,0,10,0.06631570996101127
elliptic_f_013,>=,2000.0,0.0,0.0,1.9913376810872703e-05,4,1.8842771206361318e-05,0,4,11413,200866,0.0
elliptic_f_013,<=,2000.0,0.05376389674015451,1.0,0.9999850649673918,212280,0.9999858679215953,11413,200867,0,3,0.06631355218219406
elliptic_f_013,>=,5000.0,0.0,0.0,4.978344202718176e-06,1,4.7106928015903295e-06,0,1,11413,200869,0.0
elliptic_f_013,<=,5000.0,0.053763390207365674,1.0,0.9999950216557972,212282,0.9999952893071984,11413,200869,0,1,0.06631293569975166
elliptic_f_014,>=,0.0,0.053763136944550434,1.0,1.0,212283,1.0,11413,200870,0,0,0.06631262746282879
elliptic_f_014,<=,0.0,0.0,0.0,6.471847463533628e-05,13,6.123900642067428e-05,0,13,11413,200857,0.0
elliptic_f_014,>=,1e-08,0.053766429547274695,1.0,0.9999352815253647,212270,0.9999387609935794,11413,200857,0,13,0.06631663476634905
elliptic_f_014,<=,1e-08,0.0,0.0,7.467516304077264e-05,15,7.066039202385495e-05,0,15,11413,200855,0.0
elliptic_f_014,>=,2e-08,0.05376693613733582,1.0,0.9999253248369592,212268,0.9999293396079761,11413,200855,0,15,0.06631725131757091
elliptic_f_014,<=,2e-08,0.0,0.0,7.965350724349081e-05,16,7.537108482544527e-05,0,16,11413,200854,0.0
elliptic_f_014,>=,5e-08,0.05376744273694327,1.0,0.9999153681485538,212266,0.9999199182223729,11413,200853,0,17,0.06631786788025712
elliptic_f_014,<=,5e-08,0.0,0.0,8.463185144620899e-05,17,8.008177762703561e-05,0,17,11413,200853,0.0
elliptic_f_014,>=,1e-07,0.05376794934609731,1.0,0.9999054114601483,212264,0.9999104968367698,11413,200851,0,19,0.06631848445440801
elliptic_f_014,<=,1e-07,0.0,0.0,9.458853985164534e-05,19,8.950316323021626e-05,0,19,11413,200851,0.0
elliptic_f_014,>=,1e-05,0.054037928830172596,0.9999123806185928,0.9945387564096182,211185,0.9948276593038539,11412,199773,1,1097,0.06664696613806177
elliptic_f_014,<=,1e-05,0.0009074410163339383,8.761938140716727e-05,0.005481156967192711,1102,0.005191183467352543,1,1101,11412,199769,0.00031603564882118704
elliptic_f_014,>=,2e-05,0.05431518226427487,0.9999123806185928,0.989172101359088,210107,0.9897495324637394,11412,198695,1,2175,0.06698433158300669
elliptic_f_014,<=,2e-05,0.00045871559633027525,8.761938140716727e-05,0.010847812017722905,2180,0.010269310307466918,1,2179,11412,198691,0.0002483484825907714
elliptic_f_014,>=,5e-05,0.05458704401131268,0.999474283711557,0.9835316373774082,208969,0.9843887640555297,11407,197562,6,3308,0.0673146942778674
elliptic_f_014,<=,5e-05,0.0018088634308109737,0.0005257162884430036,0.01648329765519988,3317,0.015625368022875123,6,3311,11407,197559,0.0012155099064057372
elliptic_f_014,>=,0.0001,0.05520596350258967,0.9992990449487427,0.9716981132075472,206590,0.9731820258805463,11405,195185,8,5685,0.06806736430990257
elliptic_f_014,<=,0.0001,0.0019903798308177146,0.0010514325768860072,0.029954697067755266,6029,0.028400766900788098,12,6017,11401,194853,0.001688761293591151
elliptic_f_014,>=,0.0002,0.06170913503206795,0.9981599929904494,0.8623288694180316,184608,0.8696315767159877,11392,173216,21,27654,0.07596236555554815
elliptic_f_014,<=,0.0002,0.0010016455605637833,0.0024533426794006836,0.1390252402051078,27954,0.1316827065756561,28,27926,11385,172944,0.001136096211119136
elliptic_f_014,>=,0.0005,0.06806521491278075,0.9938666433014983,0.773166724747349,166649,0.7850322446922269,11343,155306,70,45564,0.0836493320885121
elliptic_f_014,<=,0.0005,0.001526584376499324,0.006133356698501708,0.22792851097724898,45854,0.21600410772412298,70,45784,11343,155086,0.0017964471408260577
elliptic_f_014,>=,0.001,0.0724324674903525,0.9785332515552441,0.7119878528401453,154185,0.7263181696132051,11168,143017,245,57853,0.08889553978091325
elliptic_f_014,<=,0.001,0.007103621321036213,0.036712520809603084,0.29155672823219,58984,0.277855504209004,419,58565,10994,142305,0.008469813906666289
elliptic_f_014,>=,0.01,0.05820134967635312,0.5554192587400333,0.5106586349380197,108915,0.5130651064852108,6339,102576,5074,98294,0.0708944624255994
elliptic_f_014,<=,0.01,0.04880425747398794,0.4475598002278104,0.49561905710160803,104663,0.4930352406928487,5108,99555,6305,101315,0.059386371827514446
elliptic_f_014,>=,0.02,0.05853647091945663,0.43722071322176465,0.3995419923333499,85246,0.40156771856436924,4990,80256,6423,120614,0.0708008297459967
elliptic_f_014,<=,0.02,0.050455769953639894,0.5645316744063786,0.603639169612187,127696,0.6015366279918788,6443,121253,4970,79617,0.06169127742978225
elliptic_f_014,>=,0.05,0.0548453868883025,0.3041268728642776,0.2977846368297904,63287,0.2981256153342472,3471,59816,7942,141054,0.06559923798292265
elliptic_f_014,<=,0.05,0.0532578017362458,0.6977131341452729,0.7047095136157714,149518,0.704333366308183,7963,141555,3450,59315,0.06532564378122513
elliptic_f_014,>=,0.1,0.0513457306115856,0.22281608691842636,0.2339025240205108,49527,0.23330648238436427,2543,46984,8870,153886,0.060686041017368186
elliptic_f_014,<=,0.1,0.05427502933124755,0.7782353456584596,0.7704784188778813,163648,0.7708954555946543,8882,154766,2531,46104,0.06668118107221417
elliptic_f_014,>=,0.2,0.045307882107318134,0.1464119863313765,0.17528749937770696,36881,0.17373506121545296,1671,35210,9742,165660,0.05256799864097095
elliptic_f_014,<=,0.2,0.055470899952239076,0.8548146850083238,0.8270025389555434,175876,0.8284978071725009,9756,166120,1657,34750,0.06823169682634488
elliptic_f_014,>=,0.5,0.036727664155005384,0.07473933234031367,0.11137551650321104,23225,0.10940584031693541,853,22372,10560,178498,0.04088656255692004
elliptic_f_014,<=,0.5,0.05592306556097149,0.9288530622973802,0.8909394135510529,189564,0.8929777702406693,10601,178963,812,21907,0.06886726631837842
elliptic_f_014,>=,1.0,0.029192789968652037,0.03916586348900377,0.07400308657340568,15312,0.07213012817795113,447,14865,10966,186005,0.03075927939334719
elliptic_f_014,<=,1.0,0.05556482900600414,0.9624989047577324,0.929516602777916,197697,0.9312898347960035,10985,186712,428,14158,0.06846787775133663
elliptic_f_014,>=,2.0,0.02311325494925133,0.02015245772364847,0.048394483994623386,9951,0.04687610406862537,230,9721,11183,191149,0.022453482242224262
elliptic_f_014,<=,2.0,0.05524316372020004,0.9804608779462017,0.9527007517299746,202559,0.9541932231973357,11190,191369,223,9501,0.06809477039465757
elliptic_f_014,>=,5.0,0.01310192274970223,0.00674669236835188,0.02887439637576542,5877,0.02768474159494637,77,5800,11336,195070,0.011024884739841357
elliptic_f_014,<=,5.0,0.054889562413455856,0.9933409270130553,0.9717976800916015,206542,0.97295591262607,11337,195205,76,5665,0.06767703660899663
elliptic_f_014,>=,10.0,0.008298755186721992,0.002628581442215018,0.01784736396674466,3615,0.017029154477749043,30,3585,11383,197285,0.005797549569048815
elliptic_f_014,<=,10.0,0.054523333956019215,0.997371418557785,0.9826753621745408,208773,0.9834654682664179,11383,197390,30,3480,0.06723527917732323
elliptic_f_014,>=,20.0,0.01029512697323267,0.001314290721107509,0.00717877234031961,1457,0.00686347941191711,15,1442,11398,199428,0.004350095702105447
elliptic_f_014,<=,20.0,0.05404764614392474,0.9986857092788924,0.9931298850002489,210888,0.9934285835417815,11398,199490,15,1380,0.06665769943798869
elliptic_f_014,>=,50.0,0.009259259259259259,0.0005257162884430036,0.003196096978145069,648,0.003052528935430534,6,642,11407,200228,0.0021420921099607284
elliptic_f_014,<=,50.0,0.053901211820565516,0.9996495224743713,0.9969432966595311,211665,0.9970887918486172,11409,200256,4,614,0.06648035773180137
elliptic_f_014,>=,100.0,0.0032679738562091504,8.761938140716727e-05,0.0015183949818290436,306,0.001441471997286641,1,305,11412,200565,0.0003956635277360133
elliptic_f_014,<=,100.0,0.05383095043797789,0.9999123806185928,0.9985811719022253,211997,0.9986527418587452,11412,200585,1,285,0.06639508215605985
elliptic_f_014,>=,1000.0,0.0,0.0,5.476178622989994e-05,11,5.181762081749363e-05,0,11,11413,200859,0.0
elliptic_f_014,<=,1000.0,0.053765669680081785,1.0,0.9999502165579728,212273,0.9999528930719841,11413,200860,0,10,0.06631570996101127
elliptic_f_014,>=,2000.0,0.0,0.0,1.9913376810872703e-05,4,1.8842771206361318e-05,0,4,11413,200866,0.0
elliptic_f_014,<=,2000.0,0.05376364347256702,1.0,0.9999900433115946,212281,0.9999905786143968,11413,200868,0,2,0.06631324393954008
elliptic_f_014,>=,5000.0,0.0,0.0,4.978344202718176e-06,1,4.7106928015903295e-06,0,1,11413,200869,0.0
elliptic_f_014,<=,5000.0,0.053763390207365674,1.0,0.9999950216557972,212282,0.9999952893071984,11413,200869,0,1,0.06631293569975166
elliptic_f_015,>=,0.0,0.053763136944550434,1.0,1.0,212283,1.0,11413,200870,0,0,0.06631262746282879
elliptic_f_015,<=,0.0,0.012457864417057554,0.12240427582581268,0.5513068153532136,112138,0.5282476693847364,1397,110741,10016,90129,0.015185938060504604
elliptic_f_015,>=,1e-08,0.10001497828149183,0.8775957241741873,0.4486931846467865,100145,0.47175233061526356,10016,90129,1397,110741,0.12155546332097876
elliptic_f_015,<=,1e-08,0.012457642232923132,0.12240427582581268,0.551316772041619,112140,0.5282570907703396,1397,110743,10016,90127,0.015185673941731363
elliptic_f_015,>=,2e-08,0.10001697572471366,0.8775957241741873,0.44868322795838106,100143,0.4717429092296604,10016,90127,1397,110743,0.1215578237071738
elliptic_f_015,<=,2e-08,0.012457642232923132,0.12240427582581268,0.551316772041619,112140,0.5282570907703396,1397,110743,10016,90127,0.015185673941731363
elliptic_f_015,>=,5e-08,0.10001697572471366,0.8775957241741873,0.44868322795838106,100143,0.4717429092296604,10016,90127,1397,110743,0.1215578237071738
elliptic_f_015,<=,5e-08,0.012457642232923132,0.12240427582581268,0.551316772041619,112140,0.5282570907703396,1397,110743,10016,90127,0.015185673941731363
elliptic_f_015,>=,1e-07,0.10001697572471366,0.8775957241741873,0.44868322795838106,100143,0.4717429092296604,10016,90127,1397,110743,0.1215578237071738
elliptic_f_015,<=,1e-07,0.012457642232923132,0.12240427582581268,0.551316772041619,112140,0.5282570907703396,1397,110743,10016,90127,0.015185673941731363
elliptic_f_015,>=,0.0001,0.10047380995402437,0.8769823885043372,0.44610444566137303,99618,0.46926979550882547,10009,89609,1404,111261,0.12209522183051344
elliptic_f_015,<=,0.0001,0.012478729438457176,0.12336808902129151,0.55470702444367,112832,0.5315168901890401,1408,111424,10005,89446,0.015213694053476999
elliptic_f_015,>=,0.0002,0.10221372797514411,0.8762814334530798,0.4373126897993727,97844,0.4609130264788042,10001,87843,1412,113027,0.12414688583849112
elliptic_f_015,<=,0.0002,0.012356244051101584,0.12398142469114168,0.5630606860158311,114517,0.5394544075597199,1415,113102,9998,87768,0.015069832431983402
elliptic_f_015,>=,0.0005,0.10509523959945667,0.8745290458249365,0.42310947378901775,94971,0.4473792060598352,9981,84990,1432,115880,0.1275373948688592
elliptic_f_015,<=,0.0005,0.012194187323835719,0.12547095417506351,0.5774929058595111,117433,0.5531907877691572,1432,116001,9981,84869,0.014881168878404639
elliptic_f_015,>=,0.001,0.1095545376531033,0.8612985192324543,0.3977547667645741,89727,0.42267633300829555,9830,79897,1583,120973,0.1327226919348349
elliptic_f_015,<=,0.001,0.014260177134963841,0.15377201436957855,0.6039478269527555,123070,0.5797449630917219,1755,121315,9658,79555,0.01742132608553226
elliptic_f_015,>=,0.002,0.10694483935172022,0.7909401559624989,0.3752725643450988,84408,0.3976201579966366,9027,75381,2386,125489,0.12930997435860705
elliptic_f_015,<=,0.002,0.019731711121509905,0.2216770349601332,0.6257280828396475,128220,0.6040050310199121,2530,125690,8883,75180,0.02412773010511298
elliptic_f_015,>=,0.005,0.09582546561069376,0.6180671164461579,0.3313536117887191,73613,0.34676822920346895,7054,66559,4359,134311,0.11531231098687329
elliptic_f_015,<=,0.005,0.031566592982481406,0.3841233680890213,0.6695723602329865,138881,0.6542257269776666,4384,134497,7029,66373,0.038663907982721187
elliptic_f_015,>=,0.01,0.08365881315358448,0.46543415403487254,0.28965997909095437,63496,0.2991101501297796,5312,58184,6101,142686,0.10007648918412793
elliptic_f_015,<=,0.01,0.040960263129746495,0.5368439498817138,0.7141783242893414,149584,0.7046442720330879,6127,143457,5286,57413,0.050241984816703264
elliptic_f_015,>=,0.02,0.08287019639643203,0.36712520809603083,0.23085079902424455,50561,0.23817733874120867,4190,46371,7223,154499,0.09805435815348901
elliptic_f_015,<=,0.02,0.04465287798621132,0.6344519407692981,0.7712500622293025,162162,0.7638953660914911,7241,154921,4172,45949,0.054850991044767074
elliptic_f_015,>=,0.05,0.07541676328875835,0.2564619293787786,0.17864290337033903,38811,0.1828266983225223,2927,35884,8486,164986,0.08781509327540997
elliptic_f_015,<=,0.05,0.04893877762371339,0.7452904582493648,0.8229352317419226,173809,0.8187608051516136,8506,165303,2907,35567,0.060185466900823464
elliptic_f_015,>=,0.1,0.07088264697345932,0.19258740033295366,0.14343107482451337,31009,0.14607387308451453,2198,28811,9215,172059,0.08113754992654061
elliptic_f_015,<=,0.1,0.05075915942347893,0.8084640322439324,0.8590282272116294,181780,0.8563097374730901,9227,172553,2186,28317,0.06246843404424718
elliptic_f_015,>=,0.2,0.06640242083280058,0.1365109962323666,0.10905062976054164,23463,0.11052698520371391,1558,21905,9855,178965,0.07400370493516363
elliptic_f_015,<=,0.2,0.05218375365545396,0.8646280557259266,0.8922835664857868,189101,0.890796719473533,9868,179233,1545,21637,0.06426010364448821
elliptic_f_015,>=,0.5,0.05733806684975551,0.07500219048453519,0.07006023796485289,14929,0.07032593283494204,856,14073,10557,186797,0.060172362889960494
elliptic_f_015,<=,0.5,0.05361922156506605,0.9285902041531586,0.9312241748394484,197653,0.9310825643127335,10598,187055,815,13815,0.06607025965524765
elliptic_f_015,>=,1.0,0.04530201342281879,0.04021729606588977,0.04815552347289292,10132,0.047728739465713224,459,9673,10954,191197,0.0441847480795518
elliptic_f_015,<=,1.0,0.05415664999827228,0.961272233418032,0.9538905759944243,202579,0.9542874370533675,10971,191608,442,9262,0.06675558487043783
elliptic_f_015,>=,2.0,0.03654386743601124,0.021641987207570313,0.03241897744810076,6759,0.03183957264594904,247,6512,11166,194358,0.0321204712736352
elliptic_f_015,<=,2.0,0.05430819047248612,0.9787084903180584,0.968327774182307,205678,0.9688858740454959,11170,194508,243,6362,0.06695639142814326
elliptic_f_015,>=,5.0,0.022108843537414966,0.007973363708052222,0.020037835415940657,4116,0.019389211571345797,91,4025,11322,196845,0.01632169889155935
elliptic_f_015,<=,5.0,0.05437110451659992,0.992114255673355,0.9803903021854931,208254,0.9810206187023925,11323,196931,90,3939,0.06704530517071298
elliptic_f_015,>=,10.0,0.01644359464627151,0.0037676334005081924,0.012804301289391149,2615,0.012318461676158713,43,2572,11370,198298,0.009829470122982673
elliptic_f_015,<=,10.0,0.054215661030526704,0.9962323665994918,0.9874446159207447,209718,0.9879170729639208,11370,198348,43,2522,0.06685993519819824
elliptic_f_015,>=,20.0,0.012560386473429951,0.0011390519582931745,0.005087867775177976,1035,0.004875567049645991,13,1022,11400,199848,0.0041792580209605865
elliptic_f_015,<=,20.0,0.053951216741914415,0.9988609480417068,0.9951809628117688,211302,0.9953788103616399,11400,199902,13,968,0.06654051208177245
elliptic_f_015,>=,50.0,0.0076045627376425855,0.0003504775256286691,0.0025986956738188877,526,0.0024778244136365135,4,522,11409,200348,0.0014796182584893099
elliptic_f_015,<=,50.0,0.05387448647117155,0.9996495224743713,0.9974660228008164,211770,0.9975834145927842,11409,200361,4,509,0.06644783358746081
elliptic_f_015,>=,100.0,0.0035335689045936395,8.761938140716727e-05,0.0014038930651665256,283,0.0013331260628500633,1,282,11412,200588,0.00039856516540454366
elliptic_f_015,<=,100.0,0.05382739574833381,0.9999123806185928,0.9986508687210633,212011,0.9987186915579674,11412,200599,1,271,0.06639075602386157
elliptic_f_015,>=,10000.0,0.0,0.0,9.956688405436352e-06,2,9.421385603180659e-06,0,2,11413,200868,0.0
elliptic_f_015,<=,10000.0,0.05376364347256702,1.0,0.9999900433115946,212281,0.9999905786143968,11413,200868,0,2,0.06631324393954008
elliptic_f_016,>=,0.0,0.053763136944550434,1.0,1.0,212283,1.0,11413,200870,0,0,0.06631262746282879
elliptic_f_016,<=,0.0,0.060219631979427944,0.7509857180408306,0.6658933638671778,142329,0.67046819575755,8571,133758,2842,67112,0.07379517812955785
elliptic_f_016,>=,1e-08,0.04062669754410041,0.24901428195916936,0.3341066361328222,69954,0.32953180424244993,2842,67112,8571,133758,0.048793217708401296
elliptic_f_016,<=,1e-08,0.060218785788057415,0.7509857180408306,0.6659033205555832,142331,0.6704776171431532,8571,133760,2842,67110,0.07379416155678044
elliptic_f_016,>=,2e-08,0.04062785910338518,0.24901428195916936,0.3340966794444168,69952,0.32952238285684676,2842,67110,8571,133760,0.048794558084753505
elliptic_f_016,<=,2e-08,0.060218785788057415,0.7509857180408306,0.6659033205555832,142331,0.6704776171431532,8571,133760,2842,67110,0.07379416155678044
elliptic_f_016,>=,5e-08,0.04062785910338518,0.24901428195916936,0.3340966794444168,69952,0.32952238285684676,2842,67110,8571,133760,0.048794558084753505
elliptic_f_016,<=,5e-08,0.060218785788057415,0.7509857180408306,0.6659033205555832,142331,0.6704776171431532,8571,133760,2842,67110,0.07379416155678044
elliptic_f_016,>=,1e-07,0.04062785910338518,0.24901428195916936,0.3340966794444168,69952,0.32952238285684676,2842,67110,8571,133760,0.048794558084753505
elliptic_f_016,<=,1e-07,0.060218785788057415,0.7509857180408306,0.6659033205555832,142331,0.6704776171431532,8571,133760,2842,67110,0.07379416155678044
elliptic_f_016,>=,0.0001,0.0408277726645191,0.24875142381494786,0.33204062328869416,69536,0.3275627346513852,2839,66697,8574,134173,0.04902316296963983
elliptic_f_016,<=,0.0001,0.06004410374881865,0.7515114343292736,0.668432319410564,142845,0.6728989132431706,8577,134268,2836,66602,0.0735853038729017
elliptic_f_016,>=,0.0002,0.04154202592527421,0.24822570752650486,0.32539951212226814,68196,0.32125040629725415,2833,65363,8580,135507,0.04984218693371147
elliptic_f_016,<=,0.0002,0.05952703030807545,0.7518619118549023,0.6749240802509086,144153,0.6790604994276508,8581,135572,2832,65298,0.07296458483907997
elliptic_f_016,>=,0.0005,0.0427399669481632,0.24699903618680452,0.31432269627122017,65957,0.31070316511449336,2819,63138,8594,137732,0.051209667164412276
elliptic_f_016,<=,0.0005,0.05869578578599086,0.7530885831946027,0.6862050082142679,146433,0.6898008790152768,8595,137838,2818,63032,0.07196744509290039
elliptic_f_016,>=,0.001,0.04571987608022175,0.24568474546569702,0.291362572808284,61330,0.2889067895215349,2804,58526,8609,142344,0.05460926332025879
elliptic_f_016,<=,0.001,0.057054476714212064,0.7563305003066678,0.7102205406481804,151294,0.7126995567238074,8632,142662,2781,58208,0.06999800515416266
elliptic_f_016,>=,0.002,0.0471711259754738,0.23727328485060895,0.27231542788868424,57408,0.27043145235369764,2708,54700,8705,146170,0.05617208405069593
elliptic_f_016,<=,0.002,0.05623303174715771,0.7640410058704985,0.7285756957236024,155069,0.7304824220498108,8720,146349,2693,54521,0.06902130637069824
elliptic_f_016,>=,0.005,0.043751915806682334,0.18759309559274512,0.2329566386219943,48935,0.2305177522458228,2141,46794,9272,154076,0.05167677996456725
elliptic_f_016,<=,0.005,0.056794834164954504,0.8138088145097696,0.7678996365808732,163536,0.7703678580008761,9288,154248,2125,46622,0.0697761423890065
elliptic_f_016,>=,0.01,0.04126991665281504,0.1522824848856567,0.20100064718474636,42113,0.19838140595337356,1738,40375,9675,160495,0.04831401328774359
elliptic_f_016,<=,0.01,0.05666218034993271,0.8484184701656007,0.8025439338875889,170890,0.8050102928637715,9683,161207,1730,39663,0.06966457689723198
elliptic_f_016,>=,0.02,0.03973431734317343,0.11793568737404714,0.16194055857021955,33875,0.15957471865387243,1346,32529,10067,168341,0.0458094246254586
elliptic_f_016,<=,0.02,0.05633188505477177,0.8826776482958031,0.8401403893065167,178833,0.8424273257868035,10074,168759,1339,32111,0.06930904237387255
elliptic_f_016,>=,0.05,0.035779021199464106,0.07955839831770788,0.12182008264051376,25378,0.1195479619187594,908,24470,10505,176400,0.04020367500553465
elliptic_f_016,<=,0.05,0.056141419321751394,0.9207920792079208,0.8795688753920446,187188,0.8817851641440907,10509,176679,904,24191,0.0691231508948715
elliptic_f_016,>=,0.1,0.03420787083753784,0.0594059405940594,0.09529546472843133,19820,0.09336593132752034,678,19142,10735,181728,0.03737884952532169
elliptic_f_016,<=,0.1,0.055667024403900894,0.9407692981687549,0.906765569771494,192879,0.9085937168779412,10737,182142,676,18728,0.0685694360535885
elliptic_f_016,>=,0.2,0.0316779072143879,0.04074301235433278,0.07076218449743615,14679,0.06914825963454445,465,14214,10948,186656,0.033153189122902084
elliptic_f_016,<=,0.2,0.05536739728243287,0.959695084552703,0.9303081595061482,197824,0.9318880927818054,10953,186871,460,13999,0.0682252223408483
elliptic_f_016,>=,0.5,0.030930205818098196,0.023569613598527994,0.041957484940508785,8697,0.0409688952954311,269,8428,11144,192442,0.029111923984329345
elliptic_f_016,<=,0.5,0.054822678682685845,0.9791465872250942,0.9591477074724947,203839,0.9602229099833712,11175,192664,238,8206,0.06758235976433563
elliptic_f_016,>=,1.0,0.0248674346315597,0.011916235871374747,0.026549509633096033,5469,0.025762778931897514,136,5333,11277,195537,0.020427168133617713
elliptic_f_016,<=,1.0,0.05448366745026863,0.988959957942697,0.9751381490516254,207163,0.9758812528558575,11287,195876,126,4994,0.06717932540934332
elliptic_f_016,>=,2.0,0.02120669056152927,0.006220976079908876,0.016314033952307464,3348,0.015771399499724423,71,3277,11342,197593,0.01431163071961298
elliptic_f_016,<=,2.0,0.05426775600795959,0.9940418820643127,0.9842734106636133,209056,0.984798594329268,11345,197711,68,3159,0.06692133543014285
elliptic_f_016,>=,5.0,0.013415315818893237,0.0021028651537720144,0.00878677751779758,1789,0.0084274294220451,24,1765,11389,199105,0.006462383542463245
elliptic_f_016,<=,5.0,0.05409204671197291,0.9979847542276351,0.9915716632647982,210567,0.991916451152471,11390,199177,23,1693,0.06671110168786701
elliptic_f_016,>=,10.0,0.009345794392523364,0.0007885744326645054,0.00474934036939314,963,0.0045363971679314875,9,954,11404,199916,0.002947920078611202
elliptic_f_016,<=,10.0,0.05395482631693493,0.9992114255673354,0.9954597500871211,211362,0.9956614519297353,11404,199958,9,912,0.06654521561840251
elliptic_f_016,>=,20.0,0.01160092807424594,0.0004380969070358363,0.002120774630357943,431,0.002030308597485432,5,426,11408,200444,0.0019030219989343076
elliptic_f_016,<=,20.0,0.053839002128452836,0.9995619030929641,0.998073380793548,211891,0.9981534084217766,11408,200483,5,387,0.06640457195012206
elliptic_f_016,>=,50.0,0.01092896174863388,0.00017523876281433454,0.0009010803006919898,183,0.0008620567826910304,2,181,11411,200689,0.0008233841086867024
elliptic_f_016,<=,50.0,0.05379730424164706,0.9998247612371857,0.999153681485538,212111,0.9991897608381265,11411,200700,2,170,0.06635405654661182
elliptic_f_016,>=,100.0,0.0125,8.761938140716727e-05,0.0003932891920147359,80,0.0003768554241272264,1,79,11412,200791,0.00042614847012699224
elliptic_f_016,<=,100.0,0.05377615885925933,0.9999123806185928,0.9996564942500125,212213,0.9996702515038887,11412,200801,1,69,0.06632839880734424
elliptic_f_016,>=,1000.0,0.0,0.0,2.489172101359088e-05,5,2.355346400795165e-05,0,5,11413,200865,0.0
elliptic_f_016,<=,1000.0,0.053764403282488056,1.0,0.9999751082789864,212278,0.999976446535992,11413,200865,0,5,0.06631416867609889
elliptic_f_016,>=,2000.0,0.0,0.0,1.4935032608154527e-05,3,1.413207840477099e-05,0,3,11413,200867,0.0
elliptic_f_016,<=,2000.0,0.05376364347256702,1.0,0.9999900433115946,212281,0.9999905786143968,11413,200868,0,2,0.06631324393954008
elliptic_f_016,>=,5000.0,0.0,0.0,4.978344202718176e-06,1,4.7106928015903295e-06,0,1,11413,200869,0.0
elliptic_f_016,<=,5000.0,0.053763390207365674,1.0,0.9999950216557972,212282,0.9999952893071984,11413,200869,0,1,0.06631293569975166
elliptic_f_017,>=,0.0,0.053763136944550434,1.0,1.0,212283,1.0,11413,200870,0,0,0.06631262746282879
elliptic_f_017,<=,0.0,0.012457864417057554,0.12240427582581268,0.5513068153532136,112138,0.5282476693847364,1397,110741,10016,90129,0.015185938060504604
elliptic_f_017,>=,1e-08,0.10001497828149183,0.8775957241741873,0.4486931846467865,100145,0.47175233061526356,10016,90129,1397,110741,0.12155546332097876
elliptic_f_017,<=,1e-08,0.012457642232923132,0.12240427582581268,0.551316772041619,112140,0.5282570907703396,1397,110743,10016,90127,0.015185673941731363
elliptic_f_017,>=,2e-08,0.10001697572471366,0.8775957241741873,0.44868322795838106,100143,0.4717429092296604,10016,90127,1397,110743,0.1215578237071738
elliptic_f_017,<=,2e-08,0.012457642232923132,0.12240427582581268,0.551316772041619,112140,0.5282570907703396,1397,110743,10016,90127,0.015185673941731363
elliptic_f_017,>=,5e-08,0.10001697572471366,0.8775957241741873,0.44868322795838106,100143,0.4717429092296604,10016,90127,1397,110743,0.1215578237071738
elliptic_f_017,<=,5e-08,0.012457642232923132,0.12240427582581268,0.551316772041619,112140,0.5282570907703396,1397,110743,10016,90127,0.015185673941731363
elliptic_f_017,>=,1e-07,0.10001697572471366,0.8775957241741873,0.44868322795838106,100143,0.4717429092296604,10016,90127,1397,110743,0.1215578237071738
elliptic_f_017,<=,1e-07,0.012457642232923132,0.12240427582581268,0.551316772041619,112140,0.5282570907703396,1397,110743,10016,90127,0.015185673941731363
elliptic_f_017,>=,0.0001,0.10047784447969162,0.8769823885043372,0.44608453228456213,99614,0.46925095273761913,10009,89605,1404,111265,0.12209998804496071
elliptic_f_017,<=,0.0001,0.012478287071502003,0.12336808902129151,0.5547269378204809,112836,0.5315357329602465,1408,111428,10005,89442,0.015213168034195052
elliptic_f_017,>=,0.0002,0.1022419415847961,0.8762814334530798,0.43717827450589936,97817,0.4607858377731613,10001,87816,1412,113054,0.12418018232794693
elliptic_f_017,<=,0.0002,0.012353115778813751,0.12398142469114168,0.5632050579977099,114546,0.539591017650966,1415,113131,9998,87739,0.015066109877192571
elliptic_f_017,>=,0.0005,0.10516111356978779,0.8744414264435293,0.4227709463832329,94902,0.4470541682565255,9980,84922,1433,115948,0.12761462939330623
elliptic_f_017,<=,0.0005,0.012195225735075104,0.12555857355647068,0.5778463682979041,117505,0.5535299576508718,1433,116072,9980,84798,0.014882652414770072
elliptic_f_017,>=,0.001,0.10969851882443549,0.8611232804696399,0.3970876686414099,89591,0.42203567878727927,9828,79763,1585,121107,0.1328909045181285
elliptic_f_017,<=,0.001,0.014258817418967392,0.15394725313239288,0.6046945785831632,123222,0.5804609883975637,1757,121465,9656,79405,0.017420151853754007
elliptic_f_017,>=,0.002,0.10712420472889564,0.7907649171996846,0.37448598596106936,84248,0.3968664471483821,9025,75223,2388,125647,0.12951880713537406
elliptic_f_017,<=,0.002,0.019722851868296216,0.22185227372294752,0.6265096828794743,128379,0.604754031175365,2532,125847,8881,75023,0.02411754732544782
elliptic_f_017,>=,0.005,0.09624288114065636,0.6174537807763077,0.3294369492706726,73221,0.3449216376252455,7047,66174,4366,134696,0.11579148003430859
elliptic_f_017,<=,0.005,0.031525968897632144,0.3847367037588715,0.6715338278488575,139282,0.6561147147911043,4391,134891,7022,65979,0.038616388263995036
elliptic_f_017,>=,0.01,0.08390435346805716,0.4645579602208008,0.2881913675511525,63191,0.29767338882529454,5302,57889,6111,142981,0.10034938696404305
elliptic_f_017,<=,0.01,0.04093461933538774,0.5377201436957855,0.7158112211878329,149922,0.7062364862000254,6137,143785,5276,57085,0.05021264897291937
elliptic_f_017,>=,0.02,0.0831460227159708,0.36624901428195916,0.2294668193358889,50273,0.23682065921435067,4180,46093,7233,154777,0.09835062704406955
elliptic_f_017,<=,0.02,0.04463170075647994,0.6353281345833699,0.7726987603922936,162463,0.7653132846247698,7251,155212,4162,45658,0.05482673360906747
elliptic_f_017,>=,0.05,0.07546924556751416,0.2543590642250066,0.17704485488126648,38466,0.18120150930597362,2903,35563,8510,165307,0.08782226202072883
elliptic_f_017,<=,0.05,0.0489857785075758,0.7475685621659511,0.8246179120824414,174173,0.8204754973313926,8532,165641,2881,35229,0.060245302603427454
elliptic_f_017,>=,0.1,0.07103628636809414,0.19039691579777446,0.1414696072086424,30590,0.1441000928006482,2173,28417,9240,172453,0.08121967811142757
elliptic_f_017,<=,0.1,0.05077351128574643,0.8106545167791115,0.8610992183999602,182221,0.8583871529985915,9252,172969,2161,27901,0.062488433696205714
elliptic_f_017,>=,0.2,0.06604876781151198,0.1336195566459301,0.10735301438741475,23089,0.10876518609591913,1525,21564,9888,179306,0.07348051923021326
elliptic_f_017,<=,0.2,0.05225188140548642,0.867519495312363,0.8940359436451436,189486,0.8926103362021452,9901,179585,1512,21285,0.06434594083110962
elliptic_f_017,>=,0.5,0.056727870649493015,0.0725488478051345,0.06854184298302385,14596,0.06875727213201245,828,13768,10585,187102,0.05931487026663037
elliptic_f_017,<=,0.5,0.053666937711806625,0.9310435468325594,0.9328072882959128,197999,0.9327124640220837,10626,187373,787,13497,0.06613070055227163
elliptic_f_017,>=,1.0,0.04498269896193772,0.03872776658196793,0.046716781998307366,9826,0.04628726746842658,442,9384,10971,191486,0.04357513259853698
elliptic_f_017,<=,1.0,0.05416167679425955,0.9629370016647683,0.955448797729875,202911,0.9558513870634955,10990,191921,423,8949,0.06676329828918288
elliptic_f_017,>=,2.0,0.03581771071483006,0.020590554630684307,0.03149300542639518,6561,0.030906855471234153,235,6326,11178,194544,0.03120269803754946
elliptic_f_017,<=,2.0,0.05432448973644074,0.9799351616577587,0.9692338328272017,205874,0.9698091698346075,11184,194690,229,6180,0.06697735920920724
elliptic_f_017,>=,5.0,0.02124468882779305,0.007447647419609218,0.01949519589784438,4001,0.01884748189916291,85,3916,11328,196954,0.015501331290804976
elliptic_f_017,<=,5.0,0.054367282691633996,0.992639971961798,0.9809827251456166,208379,0.9816094553025914,11329,197050,84,3820,0.0670411360007764
elliptic_f_017,>=,10.0,0.015717092337917484,0.0035047752562866906,0.01247075222780903,2545,0.01198871318004739,40,2505,11373,198365,0.009262260917890057
elliptic_f_017,<=,10.0,0.05421586245358476,0.9965828441251204,0.9877881216707323,209791,0.9882609535384369,11374,198417,39,2453,0.06686049587515298
elliptic_f_017,>=,20.0,0.012345679012345678,0.0010514325768860072,0.004779210434609449,972,0.004578793403145801,12,960,11401,199910,0.003921312332527286
elliptic_f_017,<=,20.0,0.05393935666400147,0.998948567423114,0.9954995768407428,211367,0.9956850053937433,11401,199966,12,904,0.06652615707431954
elliptic_f_017,>=,50.0,0.008583690987124463,0.0003504775256286691,0.0022999950216557974,466,0.0021951828455410937,4,462,11409,200408,0.0015063643895458312
elliptic_f_017,<=,50.0,0.05385795548422121,0.9996495224743713,0.9977896151739931,211835,0.9978896096248875,11409,200426,4,444,0.06642771553636494
elliptic_f_017,>=,100.0,0.004347826086956522,8.761938140716727e-05,0.0011400408224224623,230,0.0010834593443657759,1,229,11412,200641,0.0004054163626043947
elliptic_f_017,<=,100.0,0.05381419672455827,0.9999123806185928,0.9989097426196047,212063,0.9989636475836501,11412,200651,1,219,0.06637469246741463
elliptic_f_017,>=,1000.0,0.0,0.0,4.978344202718176e-05,10,4.71069280159033e-05,0,10,11413,200860,0.0
elliptic_f_017,<=,1000.0,0.053765669680081785,1.0,0.9999502165579728,212273,0.9999528930719841,11413,200860,0,10,0.06631570996101127
elliptic_f_017,>=,2000.0,0.0,0.0,3.4848409419027234e-05,7,3.297484961113231e-05,0,7,11413,200863,0.0
elliptic_f_017,<=,2000.0,0.053764656557234176,1.0,0.9999701299347837,212277,0.9999717358431904,11413,200864,0,6,0.06631447692734983
elliptic_f_017,>=,5000.0,0.0,0.0,4.978344202718176e-06,1,4.7106928015903295e-06,0,1,11413,200869,0.0
elliptic_f_017,<=,5000.0,0.053763390207365674,1.0,0.9999950216557972,212282,0.9999952893071984,11413,200869,0,1,0.06631293569975166
elliptic_f_018,>=,0.0,0.053763136944550434,1.0,1.0,212283,1.0,11413,200870,0,0,0.06631262746282879
elliptic_f_018,<=,0.0,0.012457864417057554,0.12240427582581268,0.5513068153532136,112138,0.5282476693847364,1397,110741,10016,90129,0.015185938060504604
elliptic_f_018,>=,1e-08,0.10001497828149183,0.8775957241741873,0.4486931846467865,100145,0.47175233061526356,10016,90129,1397,110741,0.12155546332097876
elliptic_f_018,<=,1e-08,0.012457642232923132,0.12240427582581268,0.551316772041619,112140,0.5282570907703396,1397,110743,10016,90127,0.015185673941731363
elliptic_f_018,>=,2e-08,0.10001697572471366,0.8775957241741873,0.44868322795838106,100143,0.4717429092296604,10016,90127,1397,110743,0.1215578237071738
elliptic_f_018,<=,2e-08,0.012457642232923132,0.12240427582581268,0.551316772041619,112140,0.5282570907703396,1397,110743,10016,90127,0.015185673941731363
elliptic_f_018,>=,5e-08,0.10001697572471366,0.8775957241741873,0.44868322795838106,100143,0.4717429092296604,10016,90127,1397,110743,0.1215578237071738
elliptic_f_018,<=,5e-08,0.012457642232923132,0.12240427582581268,0.551316772041619,112140,0.5282570907703396,1397,110743,10016,90127,0.015185673941731363
elliptic_f_018,>=,1e-07,0.10001697572471366,0.8775957241741873,0.44868322795838106,100143,0.4717429092296604,10016,90127,1397,110743,0.1215578237071738
elliptic_f_018,<=,1e-07,0.012457642232923132,0.12240427582581268,0.551316772041619,112140,0.5282570907703396,1397,110743,10016,90127,0.015185673941731363
elliptic_f_018,>=,1e-05,0.10005294863981938,0.8775081047927802,0.44845920246925874,100097,0.47152621736078726,10015,90082,1398,110788,0.12159999611462818
elliptic_f_018,<=,1e-05,0.01246111472604266,0.12249189520721984,0.5515557325633494,112189,0.5284879147176175,1398,110791,10015,90079,0.015190071473741169
elliptic_f_018,>=,2e-05,0.10009296560272699,0.8773328660299659,0.4481704585055011,100037,0.4712435757926918,10013,90024,1400,110846,0.1216466088866535
elliptic_f_018,<=,2e-05,0.012472271467897264,0.12266713397003418,0.5518444765271071,112249,0.5287705562857129,1400,110849,10013,90021,0.015203873078067543
elliptic_f_018,>=,5e-05,0.10026741984916318,0.8771576272671515,0.4472146164185792,99843,0.4703297013891833,10011,89832,1402,111038,0.12185206373163578
elliptic_f_018,<=,5e-05,0.012469337694194603,0.12292999211425568,0.5531587593966247,112516,0.5300283112637375,1403,111113,10010,89757,0.015201190958595987
elliptic_f_018,>=,0.0001,0.10104733721834507,0.8766319109787085,0.4431124607955394,99013,0.4664198263638633,10005,89008,1408,111862,0.12277128096891758
elliptic_f_018,<=,0.0001,0.01246284519787964,0.12380618592832734,0.5573953303131378,113377,0.5340842177659069,1413,111964,10000,88906,0.015196130095220478
elliptic_f_018,>=,0.0002,0.10289180449424316,0.8754052396390082,0.43366854184298304,97102,0.4574176924200242,9991,87111,1422,113759,0.12494341217694918
elliptic_f_018,<=,0.0002,0.012347178717385833,0.12468237974239901,0.5666650072185991,115249,0.5429026346904839,1423,113826,9990,87044,0.015061101714827618
elliptic_f_018,>=,0.0005,0.10476657011415914,0.8619994742837116,0.4185094837457062,93904,0.44235289684053836,9838,84066,1575,116804,0.12709641913138292
elliptic_f_018,<=,0.0005,0.014535863556694081,0.15114343292736354,0.5822024194752825,118672,0.5590273361503276,1725,116947,9688,83923,0.017743226201962142
elliptic_f_018,>=,0.001,0.10377745375011392,0.7982125646192938,0.39166625180464976,87784,0.4135234568948055,9110,78674,2303,122196,0.12563818959644077
elliptic_f_018,<=,0.001,0.019628710890613747,0.21493034259178131,0.6099317966844228,124970,0.5886952794147435,2453,122517,8960,78353,0.02398820245925526
elliptic_f_018,>=,0.002,0.09854401462077368,0.7086655568211688,0.3683327525265097,82075,0.3866301116905263,8088,73987,3325,126883,0.11904166163791201
elliptic_f_018,<=,0.002,0.02600737373814798,0.2972925611145185,0.6325981978393986,130463,0.6145711149738792,3393,127070,8020,73800,0.031813451098421985
elliptic_f_018,>=,0.005,0.08184997050062597,0.4983790414439674,0.3176432518544332,69493,0.3273601748609168,5688,63805,5725,137065,0.09827738134319332
elliptic_f_018,<=,0.005,0.04024852186796751,0.5046000175238763,0.683661074326679,143086,0.674034190208354,5759,137327,5654,63543,0.04932703162446018
elliptic_f_018,>=,0.01,0.07840634701621249,0.3983177078769824,0.266012844128043,57980,0.2731259686362073,4546,53434,6867,147436,0.09341108686450256
elliptic_f_018,<=,0.01,0.044419075629168116,0.6034346797511609,0.7375864987305222,155046,0.7303740761153743,6887,148159,4526,52711,0.054520524954995035
elliptic_f_018,>=,0.02,0.07374505886853402,0.3040392534828704,0.21697615373126897,47054,0.22165693908603137,3470,43584,7943,157286,0.08691122031368188
elliptic_f_018,<=,0.02,0.04803675351959624,0.6971874178568299,0.785020162294021,165644,0.7802979984266286,7957,157687,3456,43183,0.05902915329478671
elliptic_f_018,>=,0.05,0.06572388686642397,0.20564268816262157,0.1660924976352865,35710,0.16821883994479067,2347,33363,9066,167507,0.07607631618185708
elliptic_f_018,<=,0.05,0.05132045188672314,0.7956716025584859,0.8356947279334893,176947,0.8335429591630041,9081,167866,2332,33004,0.06313255960433871
elliptic_f_018,>=,0.1,0.05994383640552996,0.1458862700429335,0.12998954547717428,27776,0.130844203256973,1665,26111,9748,174759,0.06794975391170205
elliptic_f_018,<=,0.1,0.052754215525676995,0.8549899237711381,0.8722706227908598,184971,0.8713415582029649,9758,175213,1655,25657,0.06494102864779175
elliptic_f_018,>=,0.2,0.050518632347291585,0.09217558924033996,0.09843182157614377,20824,0.09809546690031704,1052,19772,10361,181098,0.05553854438332154
elliptic_f_018,<=,0.2,0.05409113435405201,0.9085253658109174,0.902703240902076,191695,0.9030162566008583,10369,181326,1044,19544,0.0666222903572764
elliptic_f_018,>=,0.5,0.03869001094262936,0.04337159379654779,0.061228655349230846,12794,0.06026860370354668,495,12299,10918,188571,0.0395436897857451
elliptic_f_018,<=,0.5,0.05482516502599879,0.9598703233155174,0.9402200428137601,199817,0.941276503535375,10955,188862,458,12008,0.06756665075411906
elliptic_f_018,>=,1.0,0.02924251321197886,0.02181722597038465,0.041150993179668444,8515,0.040111549205541656,249,8266,11164,192604,0.027378884173025753
elliptic_f_018,<=,1.0,0.0547478151820355,0.9792342066065014,0.9606212973564993,204136,0.9616219857454436,11176,192960,237,7910,0.06749142769491652
elliptic_f_018,>=,2.0,0.02172760996290408,0.010777183913081573,0.027570070194653257,5661,0.026667231949802857,123,5538,11290,195332,0.01805796165252371
elliptic_f_018,<=,2.0,0.054626360338573154,0.9895732936125471,0.9730472444864838,206750,0.9739357367288007,11294,195456,119,5414,0.06735344036888741
elliptic_f_018,>=,5.0,0.01134621281815394,0.0032419171120651887,0.016050181709563398,3261,0.015361569225986065,37,3224,11376,197646,0.007564296520423601
elliptic_f_018,<=,5.0,0.05440885309561841,0.996845702269342,0.9843431074824514,209102,0.9850152861981412,11377,197725,36,3145,0.06709553077831287
elliptic_f_018,>=,10.0,0.0099644128113879,0.0012266713397003418,0.0069248767859809825,1405,0.006618523386234414,14,1391,11399,199479,0.004109669465155874
elliptic_f_018,<=,10.0,0.054041368978481115,0.9987733286602997,0.9933389754567631,210931,0.9936311433322499,11399,199532,14,1338,0.0666501391005184
elliptic_f_018,>=,20.0,0.010057471264367816,0.0006133356698501709,0.003430079155672823,696,0.0032786421899068698,7,689,11406,200181,0.002465309572444883
elliptic_f_018,<=,20.0,0.05389671450240281,0.9993866643301498,0.9967690546124359,211627,0.9969097855221567,11406,200221,7,649,0.06647465209500641
elliptic_f_018,>=,50.0,0.006557377049180328,0.00017523876281433454,0.0015084382934236072,305,0.0014367613044850506,2,303,11411,200567,0.0007915776141850709
elliptic_f_018,<=,50.0,0.05382826467411045,0.9998247612371857,0.9985463234928063,211989,0.9986150563163324,11411,200578,2,292,0.06639173626230409
elliptic_f_018,>=,100.0,0.008547008547008548,8.761938140716727e-05,0.0005774879275153084,117,0.0005511510577860686,1,116,11412,200754,0.00042083999663328003
elliptic_f_018,<=,100.0,0.05378528304198853,0.9999123806185928,0.9994772738587145,212177,0.9995006665630314,11412,200765,1,105,0.0663395033954525
elliptic_f_018,>=,1000.0,0.0,0.0,2.9870065216309055e-05,6,2.826415680954198e-05,0,6,11413,200864,0.0
elliptic_f_018,<=,1000.0,0.053764656557234176,1.0,0.9999701299347837,212277,0.9999717358431904,11413,200864,0,6,0.06631447692734983
elliptic_f_018,>=,2000.0,0.0,0.0,1.4935032608154527e-05,3,1.413207840477099e-05,0,3,11413,200867,0.0
elliptic_f_018,<=,2000.0,0.05376364347256702,1.0,0.9999900433115946,212281,0.9999905786143968,11413,200868,0,2,0.06631324393954008
elliptic_f_018,>=,5000.0,0.0,0.0,4.978344202718176e-06,1,4.7106928015903295e-06,0,1,11413,200869,0.0
elliptic_f_018,<=,5000.0,0.053763390207365674,1.0,0.9999950216557972,212282,0.9999952893071984,11413,200869,0,1,0.06631293569975166
elliptic_f_019,>=,0.0,0.053763136944550434,1.0,1.0,212283,1.0,11413,200870,0,0,0.06631262746282879
elliptic_f_019,<=,0.0,0.015239105300218199,0.1535967756067642,0.563946831283915,115033,0.5418851250453404,1753,113280,9660,87590,0.018587833610790062
elliptic_f_019,>=,1e-08,0.09933161953727507,0.8464032243932358,0.436053168716085,97250,0.4581148749546596,9660,87590,1753,113280,0.12062545421851938
elliptic_f_019,<=,1e-08,0.015238840352936062,0.1535967756067642,0.5639567879723204,115035,0.5418945464309436,1753,113282,9660,87588,0.018587518264118773
elliptic_f_019,>=,2e-08,0.09933366238894373,0.8464032243932358,0.4360432120276796,97248,0.4581054535690564,9660,87588,1753,113282,0.120627864287409
elliptic_f_019,<=,2e-08,0.015238840352936062,0.1535967756067642,0.5639567879723204,115035,0.5418945464309436,1753,113282,9660,87588,0.018587518264118773
elliptic_f_019,>=,5e-08,0.09933366238894373,0.8464032243932358,0.4360432120276796,97248,0.4581054535690564,9660,87588,1753,113282,0.120627864287409
elliptic_f_019,<=,5e-08,0.015238840352936062,0.1535967756067642,0.5639567879723204,115035,0.5418945464309436,1753,113282,9660,87588,0.018587518264118773
elliptic_f_019,>=,1e-07,0.09933366238894373,0.8464032243932358,0.4360432120276796,97248,0.4581054535690564,9660,87588,1753,113282,0.120627864287409
elliptic_f_019,<=,1e-07,0.015238840352936062,0.1535967756067642,0.5639567879723204,115035,0.5418945464309436,1753,113282,9660,87588,0.018587518264118773
elliptic_f_019,>=,1e-05,0.09937345034413934,0.8463156050118286,0.43580425150594915,97199,0.4578746296217785,9659,87540,1754,113330,0.12067444760112842
elliptic_f_019,<=,1e-05,0.01524064403451302,0.15368439498817138,0.564210683526659,115087,0.5421395024566263,1754,113333,9659,87537,0.018589921591653402
elliptic_f_019,>=,2e-05,0.09941839518245921,0.8462279856304215,0.43554039926320504,97145,0.4576202522104926,9658,87487,1755,113383,0.12072711272447267
elliptic_f_019,<=,2e-05,0.015242313705054716,0.15377201436957855,0.5644695574252003,115140,0.5423891691751106,1755,113385,9658,87485,0.018592165229790687
elliptic_f_019,>=,5e-05,0.09954531863781176,0.8459651274861999,0.4347886692885946,96991,0.4568948055190477,9655,87336,1758,113534,0.12087576400243379
elliptic_f_019,<=,5e-05,0.015246730057467777,0.15412249189520721,0.565589684870812,115369,0.5434679178266748,1759,113610,9654,87260,0.018598444878184944
elliptic_f_019,>=,0.0001,0.10029826548746142,0.8456146499605712,0.4309852143177179,96223,0.45327699344742634,9651,86572,1762,114298,0.12176227905274978
elliptic_f_019,<=,0.0001,0.015210336486730768,0.15482344694646455,0.5695424901677703,116171,0.5472458934535502,1767,114404,9646,86466,0.018557142767125185
elliptic_f_019,>=,0.0002,0.10211021419945338,0.8445632173836852,0.42195947627818986,94398,0.44467997908452395,9639,84759,1774,116111,0.1238930090872868
elliptic_f_019,<=,0.0002,0.015048494302767227,0.15552440199772188,0.5783690944391895,117952,0.5556356373331826,1775,116177,9638,84693,0.018366337555693977
elliptic_f_019,>=,0.0005,0.10380528164775152,0.8310698326469815,0.407666650072186,91373,0.4304301333597132,9485,81888,1928,118982,0.12582746315384513
elliptic_f_019,<=,0.0005,0.01714436579047242,0.18207307456409358,0.5930601881814108,121206,0.5709642317095576,2078,119128,9335,81742,0.020937576198469685
elliptic_f_019,>=,0.001,0.10259411874882937,0.767896258652414,0.38163986658037535,85424,0.40240622188305236,8764,76660,2649,124210,0.12409765823017822
elliptic_f_019,<=,0.001,0.021988377571854876,0.24533426794006835,0.6200029870065217,127340,0.5998596213545127,2800,124540,8613,76330,0.02688311413994197
elliptic_f_019,>=,0.002,0.096943756101224,0.6786997283799177,0.3592174042913327,79902,0.37639377623267056,7746,72156,3667,128714,0.11700164037931128
elliptic_f_019,<=,0.002,0.02815998793681909,0.32725838955576975,0.6417085677303729,132635,0.6248027397389334,3735,128900,7678,71970,0.03445870767391268
elliptic_f_019,>=,0.005,0.07938899722271466,0.4708665556821169,0.3102404540249913,67692,0.3188762171252526,5374,62318,6039,138552,0.09522256991080193
elliptic_f_019,<=,0.005,0.04192116832653512,0.532200122667134,0.691078807188729,144891,0.6825369907152244,6074,138817,5339,62053,0.05138947877836193
elliptic_f_019,>=,0.01,0.07518144804390157,0.3721195128362394,0.26008363618260566,56490,0.26610703636183775,4247,52243,7166,148627,0.08945836299831911
elliptic_f_019,<=,0.01,0.0458967594396571,0.6295452554104968,0.7435754468063922,156547,0.7374448260105614,7185,149362,4228,51508,0.05634401451691575
elliptic_f_019,>=,0.02,0.06981313307719175,0.2802067817401209,0.21212724647782147,45808,0.21578741585524983,3198,42610,8215,158260,0.08214955431683321
elliptic_f_019,<=,0.02,0.04931273742615073,0.7211075089809866,0.7898840045800767,166894,0.7861863644286166,8230,158664,3183,42206,0.0606048109763192
elliptic_f_019,>=,0.05,0.061210414391631704,0.18662928239726628,0.16263254841439737,34798,0.1639226881097403,2130,32668,9283,168202,0.07071478370572026
elliptic_f_019,<=,0.05,0.05227530837821731,0.8146850083238413,0.8391895255637974,177866,0.8378720858476656,9298,168568,2115,32302,0.0643124625627873
elliptic_f_019,>=,0.1,0.055855190247506466,0.13248050468763692,0.12723652113307113,27070,0.12751845413905022,1512,25558,9901,175312,0.06316158839698228
elliptic_f_019,<=,0.1,0.05338101290364275,0.868483308507842,0.8750535172001792,185684,0.8747002821704988,9912,175772,1501,25098,0.06571645656229737
elliptic_f_019,>=,0.2,0.047841939298383915,0.08507841934635942,0.09620650171752874,20296,0.09560822110107733,971,19325,10442,181545,0.05243150426039721
elliptic_f_019,<=,0.2,0.054361396645719755,0.9156225357048979,0.9049733658585155,192232,0.9055458986353123,10450,181782,963,19088,0.06695790686379416
elliptic_f_019,>=,0.5,0.03810438680755684,0.041706825549811616,0.0598197839398616,12492,0.0588459744774664,476,12016,10937,188854,0.03877421351884133
elliptic_f_019,<=,0.5,0.0548368237216484,0.9615350915622536,0.9416388709115349,200121,0.9427085541470585,10974,189147,439,11723,0.06758246427810424
elliptic_f_019,>=,1.0,0.028954035468693448,0.021028651537720145,0.0400706924876786,8289,0.03904693263238224,240,8049,11173,192821,0.026924543965536583
elliptic_f_019,<=,1.0,0.05472756096606255,0.9800227810391658,0.9617712948673272,204376,0.9627525520178253,11185,193191,228,7679,0.0674675510334569
elliptic_f_019,>=,2.0,0.021636363636363638,0.010426706387452904,0.026788470154826504,5500,0.025908810408746815,119,5381,11294,195489,0.017807440217879267
elliptic_f_019,<=,2.0,0.05460318687744972,0.9899237711381758,0.9738288445263106,206911,0.9746941582698567,11298,195613,115,5257,0.06732558097959972
elliptic_f_019,>=,5.0,0.011591478696741854,0.0032419171120651887,0.015706675959575846,3192,0.015036531422676334,37,3155,11376,197715,0.007650634795914148
elliptic_f_019,<=,5.0,0.05439012496773021,0.996845702269342,0.9847015482650471,209174,0.9853544560798556,11377,197797,36,3073,0.06707274654555016
elliptic_f_019,>=,10.0,0.010241404535479151,0.0012266713397003418,0.006735699706277692,1367,0.0064395170597739805,14,1353,11399,199517,0.0041466737752502815
elliptic_f_019,<=,10.0,0.054030098352885414,0.9987733286602997,0.9935580226016827,210975,0.9938384138155198,11399,199576,14,1294,0.06663642432653309
elliptic_f_019,>=,20.0,0.010355029585798817,0.0006133356698501709,0.00333051227161846,676,0.003184428333875063,7,669,11406,200201,0.002479280300347099
elliptic_f_019,<=,20.0,0.053891366797701845,0.9993866643301498,0.996873599840693,211648,0.9970087100709901,11406,200242,7,628,0.06646814412503424
elliptic_f_019,>=,50.0,0.006756756756756757,0.00017523876281433454,0.0014636331955991436,296,0.0013943650692707376,2,294,11411,200576,0.0007938398031277288
elliptic_f_019,<=,50.0,0.05382597949037255,0.9998247612371857,0.9985911285906307,211998,0.9986574525515468,11411,200587,2,283,0.06638895514920207
elliptic_f_019,>=,100.0,0.008849557522123894,8.761938140716727e-05,0.0005575745507044357,113,0.0005323082865797072,1,112,11412,200758,0.00042140750105351877
elliptic_f_019,<=,100.0,0.0537837621298596,0.9999123806185928,0.9995071439239309,212183,0.999528930719841,11412,200771,1,99,0.06633765237256509
elliptic_f_019,>=,1000.0,0.0,0.0,2.489172101359088e-05,5,2.355346400795165e-05,0,5,11413,200865,0.0
elliptic_f_019,<=,1000.0,0.053764403282488056,1.0,0.9999751082789864,212278,0.999976446535992,11413,200865,0,5,0.06631416867609889
elliptic_f_019,>=,2000.0,0.0,0.0,1.4935032608154527e-05,3,1.413207840477099e-05,0,3,11413,200867,0.0
elliptic_f_019,<=,2000.0,0.05376364347256702,1.0,0.9999900433115946,212281,0.9999905786143968,11413,200868,0,2,0.06631324393954008
elliptic_f_019,>=,5000.0,0.0,0.0,4.978344202718176e-06,1,4.7106928015903295e-06,0,1,11413,200869,0.0
elliptic_f_019,<=,5000.0,0.053763390207365674,1.0,0.9999950216557972,212282,0.9999952893071984,11413,200869,0,1,0.06631293569975166
elliptic_f_020,>=,0.0,0.053763136944550434,1.0,1.0,212283,1.0,11413,200870,0,0,0.06631262746282879
elliptic_f_020,<=,0.0,0.04061856848845186,0.24901428195916936,0.33417633295166027,69968,0.3295977539416722,2842,67126,8571,133744,0.048783837135451535
elliptic_f_020,>=,1e-08,0.06022555598496294,0.7509857180408306,0.6658236670483397,142315,0.6704022460583278,8571,133744,2842,67126,0.0738022949233045
elliptic_f_020,<=,1e-08,0.04061856848845186,0.24901428195916936,0.33417633295166027,69968,0.3295977539416722,2842,67126,8571,133744,0.048783837135451535
elliptic_f_020,>=,2e-08,0.06022555598496294,0.7509857180408306,0.6658236670483397,142315,0.6704022460583278,8571,133744,2842,67126,0.0738022949233045
elliptic_f_020,<=,2e-08,0.04061798796609927,0.24901428195916936,0.334181311295863,69969,0.3296024646344738,2842,67127,8571,133743,0.04878316723254225
elliptic_f_020,>=,5e-08,0.06022640236661443,0.7509857180408306,0.6658137103599343,142313,0.6703928246727247,8571,133742,2842,67128,0.0738033117201829
elliptic_f_020,<=,5e-08,0.04061740746034015,0.24901428195916936,0.3341862896400657,69970,0.3296071753272754,2842,67128,8571,133742,0.04878249734803102
elliptic_f_020,>=,1e-07,0.06022724877205557,0.7509857180408306,0.6658037536715289,142311,0.6703834032871214,8571,133740,2842,67130,0.07380432854507911
elliptic_f_020,<=,1e-07,0.04061624649859944,0.24901428195916936,0.33419624632847117,69972,0.3296165967128786,2842,67130,8571,133740,0.04878115763419968
elliptic_f_020,>=,1e-05,0.060679439794950225,0.7508980986594235,0.6604470553094041,141234,0.6653099871398086,8570,132664,2843,68206,0.07434731386711871
elliptic_f_020,<=,1e-05,0.04001407459535539,0.24910190134057653,0.33955792303479865,71050,0.33469472355299296,2843,68207,8570,132663,0.048086518522527766
elliptic_f_020,>=,2e-05,0.0611378633850544,0.7508980986594235,0.6551749887987256,140175,0.6603213634629245,8570,131605,2843,69265,0.07489779117062538
elliptic_f_020,<=,2e-05,0.0394258771321592,0.24910190134057653,0.3448349678896799,72110,0.3396880579226787,2843,69267,8570,131603,0.04740656254898234
elliptic_f_020,>=,5e-05,0.06158490566037736,0.7507228598966091,0.6499576840742769,139125,0.6553751360212546,8568,130557,2845,70313,0.07543408937636574
elliptic_f_020,<=,5e-05,0.038887901693571536,0.24927714010339086,0.3500472942699258,73159,0.3446295746715469,2845,70314,8568,130556,0.04678522211880322
elliptic_f_020,>=,0.0001,0.062409383993297145,0.7505476211337948,0.6406581371035993,137255,0.6465661404822808,8566,128689,2847,72181,0.07642305146199456
elliptic_f_020,<=,0.0001,0.03784315288740067,0.24953999824761236,0.3604819037188231,75258,0.35451731886208504,2848,72410,8565,128460,0.04557602137976284
elliptic_f_020,>=,0.0002,0.07314301338961472,0.7500219048453518,0.5400059740130433,117031,0.5512970892629179,8560,108471,2853,92399,0.08925275838986356
elliptic_f_020,<=,0.0002,0.029950658411640844,0.2505038114430912,0.46098471648329764,95457,0.44966860276140813,2859,92598,8554,108272,0.03635175375914516
elliptic_f_020,>=,0.0005,0.08358571750615033,0.7472180846403225,0.46547020460994676,102027,0.4806178544678566,8528,93499,2885,107371,0.1016397272127021
elliptic_f_020,<=,0.0005,0.026137928535188808,0.25278191535967753,0.5351271966943795,110376,0.5199474286683342,2885,107491,8528,93379,0.03184910259495669
elliptic_f_020,>=,0.001,0.08911407495715669,0.7335494611408043,0.4260218051476079,93947,0.4425554566310067,8372,85575,3041,115295,0.1081092249245224
elliptic_f_020,<=,0.001,0.026848573038716787,0.2796810654516779,0.5759794892218848,118889,0.5600495564882727,3192,115697,8221,85173,0.03277416016214584
elliptic_f_020,>=,0.002,0.08800351274525664,0.6673092087969859,0.39292079454373474,86542,0.4076727764352303,7616,78926,3797,121944,0.10649335395337
elliptic_f_020,<=,0.002,0.03113871241503478,0.34399369140453867,0.6081296360830388,126081,0.5939288591173104,3926,122155,7487,78715,0.03806203549483555
elliptic_f_020,>=,0.005,0.07894770728441004,0.5371944274073425,0.3560910041320257,77659,0.36582769227870343,6131,71528,5282,129342,0.09518737831820624
elliptic_f_020,<=,0.005,0.03924273097372695,0.46368176640672915,0.6449992532483696,134853,0.6352510563728607,5292,129561,6121,71309,0.04803703535605682
elliptic_f_020,>=,0.01,0.06822412100071815,0.40786822045036364,0.31650321103201073,68231,0.3214152805453098,4655,63576,6758,137294,0.08185709211252844
elliptic_f_020,<=,0.01,0.046901033564934844,0.5944098834662227,0.6863195101309304,144645,0.6813781602860333,6784,137861,4629,63009,0.05749220753466566
elliptic_f_020,>=,0.02,0.06973817662747454,0.3253307631648121,0.24657241001642854,53242,0.25080670614227235,3713,49529,7700,151341,0.08273873456308689
elliptic_f_020,<=,0.02,0.04840693966707675,0.675720669412074,0.7547368945088864,159316,0.750488734378165,7712,151604,3701,49266,0.05944406846550749
elliptic_f_020,>=,0.05,0.06903437815975733,0.2392885306229738,0.1833474386419077,39560,0.18635500723091344,2731,36829,8682,164041,0.08048781925459615
elliptic_f_020,<=,0.05,0.05029253966051524,0.762200998860948,0.8177876238363121,172968,0.8147991125054762,8699,164269,2714,36601,0.06184548227247844
elliptic_f_020,>=,0.1,0.06696242003407593,0.1825111714711294,0.14449146213969233,31107,0.14653552097907038,2083,29024,9330,171846,0.0766705192099587
elliptic_f_020,<=,0.1,0.05141642903541899,0.8183650223429423,0.8578384029471797,181654,0.8557161901800898,9340,172314,2073,28556,0.06327664631064633
elliptic_f_020,>=,0.2,0.06457429908548366,0.13177954963637956,0.1084631851446209,23291,0.10971674604184037,1504,21787,9909,179083,0.07190873710280463
elliptic_f_020,<=,0.2,0.05240686922060766,0.869009024796285,0.892776422561856,189250,0.89149861270097,9918,179332,1495,21538,0.06453560780465713
elliptic_f_020,>=,0.5,0.054430626993944915,0.07324980285639184,0.07230049285607607,15359,0.07235153073962587,836,14523,10577,186347,0.05737896196241541
elliptic_f_020,<=,0.5,0.05368753106330321,0.9275387715762726,0.9289192014735899,197178,0.9288449852319781,10586,186592,827,14278,0.06615216372441805
elliptic_f_020,>=,1.0,0.046152379136073236,0.04240778060106896,0.049798377059789914,10487,0.04940103541027779,484,10003,10929,190867,0.045351473922902494
elliptic_f_020,<=,1.0,0.054098433628274815,0.9583807938315956,0.9521033504256484,202187,0.9524408454751441,10938,191249,475,9621,0.06668202950396325
elliptic_f_020,>=,2.0,0.03596714811668083,0.022255322877420484,0.03389256733210534,7062,0.03326691256483091,254,6808,11159,194062,0.032021381205718465
elliptic_f_020,<=,2.0,0.05436508323024925,0.9780951546482082,0.966650072185991,205334,0.9672653957217487,11163,194171,250,6699,0.06702499792854749
elliptic_f_020,>=,5.0,0.02066772655007949,0.007973363708052222,0.021466620202120774,4403,0.020741180405402224,91,4312,11322,196558,0.015676141257536608
elliptic_f_020,<=,5.0,0.05444656571145532,0.9920266362919478,0.9788669288594614,207947,0.9795744360123043,11322,196625,91,4245,0.06713701715249389
elliptic_f_020,>=,10.0,0.014181943964026288,0.003592394637693858,0.014188280977746801,2891,0.013618612889397644,41,2850,11372,198020,0.008921965443704574
elliptic_f_020,<=,10.0,0.054294840271378715,0.9964076053623061,0.9860954846418082,209449,0.986649896600293,11372,198077,41,2793,0.06695642650984622
elliptic_f_020,>=,20.0,0.010620915032679739,0.0011390519582931745,0.006028774829491711,1224,0.005765887989146564,13,1211,11400,199659,0.0039855294622601015
elliptic_f_020,<=,20.0,0.05400719148391865,0.9988609480417068,0.9940907054313736,211083,0.9943471686380916,11400,199683,13,1187,0.06660862757012895
elliptic_f_020,>=,50.0,0.006611570247933884,0.0003504775256286691,0.0029919848658336236,605,0.0028499691449621494,4,601,11409,200269,0.001445817971517386
elliptic_f_020,<=,50.0,0.053902766230821554,0.9998247612371857,0.9970876686414099,211696,0.9972348233254664,11411,200285,2,585,0.06648240438966811
elliptic_f_020,>=,100.0,0.0,0.0,0.0015383083586399163,309,0.001455604075691412,0,309,11413,200561,0.0
elliptic_f_020,<=,100.0,0.05383922295655784,1.0,0.9985064967391846,211983,0.998586792159523,11413,200570,0,300,0.06640522723702355
elliptic_f_020,>=,10000.0,0.0,0.0,4.978344202718176e-06,1,4.7106928015903295e-06,0,1,11413,200869,0.0
elliptic_f_020,<=,10000.0,0.053763390207365674,1.0,0.9999950216557972,212282,0.9999952893071984,11413,200869,0,1,0.06631293569975166
elliptic_f_021,>=,0.0,0.053763136944550434,1.0,1.0,212283,1.0,11413,200870,0,0,0.06631262746282879
elliptic_f_021,<=,0.0,0.1,0.8775957241741873,0.44876785980982725,100160,0.4718229910072874,10016,90144,1397,110726,0.12153776334597734
elliptic_f_021,>=,1e-08,0.012459531050721083,0.12240427582581268,0.5512321401901727,112123,0.5281770089927126,1397,110726,10016,90144,0.015187919244191736
elliptic_f_021,<=,1e-08,0.1,0.8775957241741873,0.44876785980982725,100160,0.4718229910072874,10016,90144,1397,110726,0.12153776334597734
elliptic_f_021,>=,2e-08,0.012459531050721083,0.12240427582581268,0.5512321401901727,112123,0.5281770089927126,1397,110726,10016,90144,0.015187919244191736
elliptic_f_021,<=,2e-08,0.09999900160741207,0.8775957241741873,0.44877283815402996,100161,0.47182770170008903,10016,90145,1397,110725,0.12153658353091927
elliptic_f_021,>=,5e-08,0.012459753302235978,0.12240427582581268,0.5512221835017673,112121,0.5281675876071094,1397,110724,10016,90146,0.01518818344107485
elliptic_f_021,<=,5e-08,0.09999800323475969,0.8775957241741873,0.4487778164982327,100162,0.47183241239289064,10016,90146,1397,110724,0.12153540373876684
elliptic_f_021,>=,1e-07,0.012459975561680001,0.12240427582581268,0.5512122268133619,112119,0.5281581662215062,1397,110722,10016,90148,0.015188447647149638
elliptic_f_021,<=,1e-07,0.09999600654925922,0.8775957241741873,0.44878777318663815,100164,0.4718418337784938,10016,90148,1397,110722,0.12153304422317622
elliptic_f_021,>=,1e-05,0.012581278481240656,0.12240427582581268,0.5458306367302235,111038,0.5230659073029871,1397,109641,10016,91229,0.015332608958106966
elliptic_f_021,<=,1e-05,0.09892736503170496,0.8775957241741873,0.4541743416139792,101246,0.47693880338981454,10016,91230,1397,109640,0.12026983863956753
elliptic_f_021,>=,2e-05,0.012703002527870225,0.12240427582581268,0.5405336784985314,109974,0.518053730162095,1397,108577,10016,92293,0.015477200764886142
elliptic_f_021,<=,2e-05,0.09789758676975105,0.8775957241741873,0.459476278189874,102311,0.48195569122350823,10016,92295,1397,108575,0.11905186410781231
elliptic_f_021,>=,5e-05,0.0128298143947395,0.12240427582581268,0.5351222183501767,108887,0.5129332070867663,1397,107490,10016,93380,0.015627761706278623
elliptic_f_021,<=,5e-05,0.09686934824027776,0.8775957241741873,0.464882759994026,103397,0.48707150360603535,10016,93381,1397,107489,0.11783501685878386
elliptic_f_021,>=,0.0001,0.013063999550486037,0.12222903706299834,0.5246527604918604,106782,0.5030171987394186,1395,105387,10018,95483,0.01590501230215647
elliptic_f_021,<=,0.0001,0.0947749827346433,0.8777709629370016,0.4763528650370887,105703,0.49793436120650264,10018,95685,1395,105185,0.11535494271403074
elliptic_f_021,>=,0.0002,0.016167734420500873,0.12161570139314816,0.42048090804998256,85850,0.40441297701652984,1388,84462,10025,116408,0.019559599000036638
elliptic_f_021,<=,0.0002,0.07919775751115322,0.8788223955138876,0.5805496091999801,126645,0.5965856898574073,10030,116615,1383,84255,0.09681598013872775
elliptic_f_021,>=,0.0005,0.018935193633058685,0.11819854551826864,0.3479563897047842,71243,0.3356038872636999,1349,69894,10064,130976,0.022757561954889757
elliptic_f_021,<=,0.0005,0.07130559235930536,0.8818014544817313,0.6525364663712849,141139,0.6648624713236576,10064,131075,1349,69795,0.08736581309063508
elliptic_f_021,>=,0.001,0.02054890266064023,0.11592044160168229,0.3139343854234082,64383,0.3032885346447902,1323,63060,10090,137810,0.0245961070107271
elliptic_f_021,<=,0.001,0.06805244557153263,0.8840795583983178,0.6878976452431921,148268,0.698445000306195,10090,138178,1323,62692,0.08345947376692557
elliptic_f_021,>=,0.002,0.021511637864593147,0.11004994304740208,0.2844177826454921,58387,0.2750432206064546,1256,57131,10157,143739,0.025636734010720075
elliptic_f_021,<=,0.002,0.06591645088228232,0.8899500569525979,0.7165430377856326,154089,0.7258659431042523,10157,143932,1256,56938,0.08089759131145373
elliptic_f_021,>=,0.005,0.022313393842045167,0.10102514676246385,0.25150594912132224,51673,0.2434156291365771,1153,50520,10260,150350,0.02643222301185209
elliptic_f_021,<=,0.005,0.06381404257171462,0.8991500920003505,0.7494847413750186,160811,0.7575312201165425,10262,150549,1151,50321,0.07837692104414984
elliptic_f_021,>=,0.01,0.021489211177927132,0.08516603872776658,0.22034151441230646,45232,0.2130740568015338,972,44260,10441,156610,0.02526762364758424
elliptic_f_021,<=,0.01,0.06237503804811669,0.915710155086305,0.7820978742470255,167551,0.7892812895992614,10451,157100,962,43770,0.07666328744734946
elliptic_f_021,>=,0.02,0.02116509942065271,0.0636992902830106,0.1673818887837905,34349,0.16180758704182624,727,33622,10686,167248,0.024427285984046664
elliptic_f_021,<=,0.02,0.059993039729672085,0.9364759484798038,0.833703390252402,178154,0.8392287653745236,10688,167466,725,33404,0.07380919825034632
elliptic_f_021,>=,0.05,0.02127229344441299,0.04608779462016998,0.12048090804998257,24727,0.11648130090492409,526,24201,10887,176669,0.023839522846964768
elliptic_f_021,<=,0.05,0.05799386398500085,0.9539998247612372,0.8804500423159257,187744,0.8844043093417749,10888,176856,525,24014,0.07140711631463728
elliptic_f_021,>=,0.1,0.019254918375889492,0.032243932357837554,0.0933140837357495,19112,0.09003076082399439,368,18744,11045,182126,0.02094217001855203
elliptic_f_021,<=,0.1,0.05705946169344423,0.9677560676421625,0.9086722756011351,193570,0.9118488056038402,11045,182525,368,18345,0.07028826780943702
elliptic_f_021,>=,0.2,0.017300056721497446,0.021379129063348812,0.06899985064967391,14104,0.06643961127363002,244,13860,11169,187010,0.01798640699405859
elliptic_f_021,<=,0.2,0.05630976926605736,0.9787084903180584,0.9319310997162343,198367,0.934445998973069,11170,187197,243,13673,0.06938913951254906
elliptic_f_021,>=,0.5,0.014252568776930727,0.011302900201524578,0.044416786976651565,9051,0.04263648054719408,129,8922,11284,191948,0.013545582460045781
elliptic_f_021,<=,0.5,0.055465439781362744,0.9886970997984754,0.9566286653059193,203442,0.9583527649411399,11284,192158,129,8712,0.06837287819278437
elliptic_f_021,>=,1.0,0.01488197057817311,0.007622886182423552,0.028670284263453975,5846,0.027538710118097068,87,5759,11326,195111,0.012501077679110267
elliptic_f_021,<=,1.0,0.0547979663607823,0.9925523525803908,0.972743565490118,206723,0.9738085480231577,11328,195395,85,5475,0.06756490776030204
elliptic_f_021,>=,2.0,0.013798701298701298,0.00446858845176553,0.01814606461890775,3696,0.01741072059467786,51,3645,11362,197225,0.00973393900064893
elliptic_f_021,<=,2.0,0.05445815003306593,0.9957066503110488,0.9822770946383232,208674,0.9829991096790605,11364,197310,49,3560,0.06715446827772781
elliptic_f_021,>=,5.0,0.008304836345872008,0.0014895294839218434,0.010106038731517898,2047,0.009642788164855405,17,2030,11396,198840,0.004336513443191674
elliptic_f_021,<=,5.0,0.05419208803123321,0.9985104705160781,0.9901578135112261,210289,0.9906068785536288,11396,198893,17,1977,0.06683330029592913
elliptic_f_021,>=,10.0,0.00743801652892562,0.0007885744326645054,0.0059789913874645296,1210,0.005699938289924299,9,1201,11404,199669,0.0027687196209930476
elliptic_f_021,<=,10.0,0.054015137879749535,0.9992114255673354,0.9942848608552796,211126,0.99454972842856,11404,199722,9,1148,0.06661860904737259
elliptic_f_021,>=,20.0,0.008361204013377926,0.0004380969070358363,0.0029521581122118785,598,0.0028169942953510173,5,593,11408,200277,0.0018109380659181455
elliptic_f_021,<=,20.0,0.053888594966366866,0.9995619030929641,0.997102603674018,211696,0.9972348233254664,11408,200288,5,582,0.06646492588531537
elliptic_f_021,>=,50.0,0.007936507936507936,0.00017523876281433454,0.001244586050679544,252,0.0011870945860007632,2,250,11411,200620,0.0008050881571532082
elliptic_f_021,<=,50.0,0.053822973208769755,1.0,0.9988251107681585,212047,0.9988882764988247,11413,200634,0,236,0.0663854509243242
elliptic_f_021,>=,100.0,0.0,0.0,0.000507791108677254,102,0.00048049066576221367,0,102,11413,200768,0.0
elliptic_f_021,<=,100.0,0.05378670059852019,1.0,0.9995370139891472,212190,0.9995619055694521,11413,200777,0,93,0.06634130576058538
elliptic_f_021,>=,1000.0,0.0,0.0,2.489172101359088e-05,5,2.355346400795165e-05,0,5,11413,200865,0.0
elliptic_f_021,<=,1000.0,0.05376415001012818,1.0,0.9999800866231892,212279,0.9999811572287937,11413,200866,0,4,0.06631386042771364
elliptic_f_022,>=,0.0,0.053763136944550434,1.0,1.0,212283,1.0,11413,200870,0,0,0.06631262746282879
elliptic_f_022,<=,0.0,0.04061856848845186,0.24901428195916936,0.33417633295166027,69968,0.3295977539416722,2842,67126,8571,133744,0.048783837135451535
elliptic_f_022,>=,1e-08,0.06022555598496294,0.7509857180408306,0.6658236670483397,142315,0.6704022460583278,8571,133744,2842,67126,0.0738022949233045
elliptic_f_022,<=,1e-08,0.04061856848845186,0.24901428195916936,0.33417633295166027,69968,0.3295977539416722,2842,67126,8571,133744,0.048783837135451535
elliptic_f_022,>=,2e-08,0.06022555598496294,0.7509857180408306,0.6658236670483397,142315,0.6704022460583278,8571,133744,2842,67126,0.0738022949233045
elliptic_f_022,<=,2e-08,0.04061798796609927,0.24901428195916936,0.334181311295863,69969,0.3296024646344738,2842,67127,8571,133743,0.04878316723254225
elliptic_f_022,>=,5e-08,0.06022640236661443,0.7509857180408306,0.6658137103599343,142313,0.6703928246727247,8571,133742,2842,67128,0.0738033117201829
elliptic_f_022,<=,5e-08,0.04061740746034015,0.24901428195916936,0.3341862896400657,69970,0.3296071753272754,2842,67128,8571,133742,0.04878249734803102
elliptic_f_022,>=,1e-07,0.06022724877205557,0.7509857180408306,0.6658037536715289,142311,0.6703834032871214,8571,133740,2842,67130,0.07380432854507911
elliptic_f_022,<=,1e-07,0.04061624649859944,0.24901428195916936,0.33419624632847117,69972,0.3296165967128786,2842,67130,8571,133740,0.04878115763419968
elliptic_f_022,>=,1e-05,0.060679439794950225,0.7508980986594235,0.6604470553094041,141234,0.6653099871398086,8570,132664,2843,68206,0.07434731386711871
elliptic_f_022,<=,1e-05,0.04001407459535539,0.24910190134057653,0.33955792303479865,71050,0.33469472355299296,2843,68207,8570,132663,0.048086518522527766
elliptic_f_022,>=,2e-05,0.0611378633850544,0.7508980986594235,0.6551749887987256,140175,0.6603213634629245,8570,131605,2843,69265,0.07489779117062538
elliptic_f_022,<=,2e-05,0.0394258771321592,0.24910190134057653,0.3448349678896799,72110,0.3396880579226787,2843,69267,8570,131603,0.04740656254898234
elliptic_f_022,>=,5e-05,0.06157141522250095,0.7505476211337948,0.6499576840742769,139123,0.6553657146356515,8566,130557,2847,70313,0.07541754342715772
elliptic_f_022,<=,5e-05,0.03891417558535285,0.2494523788662052,0.3500472942699258,73161,0.34463899605715015,2847,70314,8566,130556,0.04681687972978751
elliptic_f_022,>=,0.0001,0.0625036483567801,0.7505476211337948,0.6396276198536367,137048,0.6455910270723515,8566,128482,2847,72388,0.07653612816182843
elliptic_f_022,<=,0.0001,0.03773284930708286,0.24953999824761236,0.3615771394434211,75478,0.3555536712784349,2848,72630,8565,128240,0.04544801723450092
elliptic_f_022,>=,0.0002,0.07340519496111068,0.7500219048453518,0.5379250261363071,116613,0.5493280196718532,8560,108053,2853,92817,0.0895650445209421
elliptic_f_022,<=,0.0002,0.029819456178228357,0.2505038114430912,0.4630756210484393,95877,0.45164709373807604,2859,93018,8554,107852,0.03619711284028958
elliptic_f_022,>=,0.0005,0.08422903659211255,0.7470428458775081,0.4614825509035695,101224,0.47683516814817956,8526,92698,2887,108172,0.10239990007422371
elliptic_f_022,<=,0.0005,0.025964798676128033,0.2529571541224919,0.5391646338427839,111189,0.5237772219160272,2887,108302,8526,92568,0.0316439740534758
elliptic_f_022,>=,0.001,0.08975830588841091,0.7331113642337685,0.4224125056006372,93217,0.4391166508858458,8367,84850,3046,116020,0.10886564779419228
elliptic_f_022,<=,0.001,0.02672929691417873,0.2802067817401209,0.5797082690297207,119644,0.5636061295534734,3198,116446,8215,84424,0.0326333856474329
elliptic_f_022,>=,0.002,0.08851783281517449,0.6660825374572855,0.3896998058445761,85881,0.4045590084933791,7602,78279,3811,122591,0.10708942713777375
elliptic_f_022,<=,0.002,0.03107814903940984,0.34513274336283184,0.6113705381590083,126745,0.5970567591375664,3939,122806,7474,78064,0.03799241116295938
elliptic_f_022,>=,0.005,0.07953141861583868,0.5359677560676421,0.352446856175636,76913,0.36231351544871704,6117,70796,5296,130074,0.09585821070941658
elliptic_f_022,<=,0.005,0.03912835072453081,0.46490843774642954,0.6486732712699756,135605,0.6387934973596567,5306,130299,6107,70571,0.047902526573895016
elliptic_f_022,>=,0.01,0.06855185503721938,0.40506440024533424,0.3127146910937422,67438,0.3176797011536487,4623,62815,6790,138055,0.08221151281276119
elliptic_f_022,<=,0.01,0.04686576193815397,0.5973013230526593,0.6902026186090506,145458,0.6852079535337262,6817,138641,4596,62229,0.05745518293453801
elliptic_f_022,>=,0.02,0.07067862206383875,0.32322789801104,0.24147458555284512,52194,0.24586990008620568,3689,48505,7724,152365,0.08376894395269519
elliptic_f_022,<=,0.02,0.048240253423461624,0.677823534565846,0.7598347189724698,160364,0.7554255404342317,7736,152628,3677,48242,0.05924618874536852
elliptic_f_022,>=,0.05,0.06938828408501814,0.23455708402698677,0.17873749191019067,38580,0.18173852828535492,2677,35903,8736,164967,0.08076243113924203
elliptic_f_022,<=,0.05,0.050322780917123194,0.7670200648383423,0.8224373973216508,173957,0.819457987686249,8754,165203,2659,35667,0.0618883803399407
elliptic_f_022,>=,0.1,0.06642616005825114,0.1758520984841847,0.14042415492607158,30214,0.14232887230725022,2007,28207,9406,172663,0.07586811724591552
elliptic_f_022,<=,0.1,0.051582758639578,0.8251117147112942,0.8619704286354358,182561,0.8599887885511323,9417,173144,1996,27726,0.06348622071928128
elliptic_f_022,>=,0.2,0.062405881831871735,0.12345570840269868,0.10538656842734107,22578,0.10635802207430647,1409,21169,10004,179701,0.06925534529368395
elliptic_f_022,<=,0.2,0.05271386384094247,0.877420485411373,0.8958779310001493,189969,0.8948856008253134,10014,179955,1399,20915,0.06491730077830749
elliptic_f_022,>=,0.5,0.04914285714285714,0.06404976780863927,0.07041370040324588,14875,0.07007155542365616,731,14144,10682,186726,0.05154203037524854
elliptic_f_022,<=,0.5,0.05408796122987889,0.9368264260054324,0.9308806690894609,197678,0.9312003316327733,10692,186986,721,13884,0.06664796633941093
elliptic_f_022,>=,1.0,0.038701375828961694,0.0342591781302024,0.04834967889679893,10103,0.0475921293744671,391,9712,11022,191158,0.03772310660877955
elliptic_f_022,<=,1.0,0.05446988730878774,0.9668798738280908,0.9536217454074775,202589,0.9543345439813833,11035,191554,378,9316,0.06714173934524179
elliptic_f_022,>=,2.0,0.028558875219683654,0.017085779374397616,0.033021357096629664,6828,0.03216461044925877,195,6633,11218,194237,0.025177533892834086
elliptic_f_022,<=,2.0,0.05458861529181706,0.9832646981512311,0.9675511524866829,205574,0.9683959619941305,11222,194352,191,6518,0.0673016604114865
elliptic_f_022,>=,5.0,0.015016424213984044,0.005607640410058705,0.020899088963010903,4262,0.020076972720377985,64,4198,11349,196672,0.011243455957274868
elliptic_f_022,<=,5.0,0.05453811516965972,0.9943923595899413,0.9794593518195848,208093,0.9802621971613366,11349,196744,64,4126,0.067250543681151
elliptic_f_022,>=,10.0,0.008261494252873564,0.002015245772364847,0.013745208343704884,2784,0.013114568759627479,23,2761,11390,198109,0.005100004434786465
elliptic_f_022,<=,10.0,0.054350938138229846,0.9979847542276351,0.9865783840294718,209564,0.9871916262724759,11390,198174,23,2696,0.06702610075217526
elliptic_f_022,>=,20.0,0.008741258741258742,0.0008761938140716726,0.005645442325882412,1144,0.005389032565019337,10,1134,11403,199736,0.003127149915566952
elliptic_f_022,<=,20.0,0.05400119339653915,0.9991238061859283,0.9944690595907801,211162,0.9947193133694172,11403,199759,10,1111,0.06660156227184745
elliptic_f_022,>=,50.0,0.007366482504604052,0.0003504775256286691,0.0026833275252650967,543,0.0025579061912635493,4,539,11409,200331,0.001472211998527788
elliptic_f_022,<=,50.0,0.05388469402692582,0.9998247612371857,0.9974411310798028,211767,0.9975692825143794,11411,200356,2,514,0.06646041088853452
elliptic_f_022,>=,100.0,0.0,0.0,0.0012495643948822622,251,0.0011823838931991728,0,251,11413,200619,0.0
elliptic_f_022,<=,100.0,0.053823988530628225,1.0,0.9988051973913477,212043,0.9988694337276183,11413,200630,0,240,0.06638668659876569
elliptic_f_022,>=,1000.0,0.0,0.0,4.4805097824463586e-05,9,4.239623521431297e-05,0,9,11413,200861,0.0
elliptic_f_022,<=,1000.0,0.05376516311388529,1.0,0.9999601732463782,212275,0.9999623144575873,11413,200862,0,8,0.06631509343844892
elliptic_f_022,>=,2000.0,0.0,0.0,1.4935032608154527e-05,3,1.413207840477099e-05,0,3,11413,200867,0.0
elliptic_f_022,<=,2000.0,0.05376364347256702,1.0,0.9999900433115946,212281,0.9999905786143968,11413,200868,0,2,0.06631324393954008
elliptic_f_023,>=,0.0,0.053763136944550434,1.0,1.0,212283,1.0,11413,200870,0,0,0.06631262746282879
elliptic_f_023,<=,0.0,0.04061856848845186,0.24901428195916936,0.33417633295166027,69968,0.3295977539416722,2842,67126,8571,133744,0.048783837135451535
elliptic_f_023,>=,1e-08,0.06022555598496294,0.7509857180408306,0.6658236670483397,142315,0.6704022460583278,8571,133744,2842,67126,0.0738022949233045
elliptic_f_023,<=,1e-08,0.04061856848845186,0.24901428195916936,0.33417633295166027,69968,0.3295977539416722,2842,67126,8571,133744,0.048783837135451535
elliptic_f_023,>=,2e-08,0.06022555598496294,0.7509857180408306,0.6658236670483397,142315,0.6704022460583278,8571,133744,2842,67126,0.0738022949233045
elliptic_f_023,<=,2e-08,0.04061798796609927,0.24901428195916936,0.334181311295863,69969,0.3296024646344738,2842,67127,8571,133743,0.04878316723254225
elliptic_f_023,>=,5e-08,0.06022640236661443,0.7509857180408306,0.6658137103599343,142313,0.6703928246727247,8571,133742,2842,67128,0.0738033117201829
elliptic_f_023,<=,5e-08,0.04061740746034015,0.24901428195916936,0.3341862896400657,69970,0.3296071753272754,2842,67128,8571,133742,0.04878249734803102
elliptic_f_023,>=,1e-07,0.060227671983697564,0.7509857180408306,0.6657987753273261,142310,0.6703786925943198,8571,133739,2842,67131,0.07380483696803426
elliptic_f_023,<=,1e-07,0.04061566604261644,0.24901428195916936,0.3342012246726739,69973,0.32962130740568013,2842,67131,8571,133739,0.04878048780487805
elliptic_f_023,>=,1e-05,0.06069577041842545,0.7508980986594235,0.6602578782297008,141196,0.6651309808133482,8570,132626,2843,68244,0.07436692658934357
elliptic_f_023,<=,1e-05,0.039992685122664864,0.24910190134057653,0.33974710011450193,71088,0.33487372987945335,2843,68245,8570,132625,0.04806180582557098
elliptic_f_023,>=,2e-05,0.06113319015647185,0.7507228598966091,0.6550754219146712,140153,0.6602177282212895,8568,131585,2845,69285,0.07489183165071457
elliptic_f_023,<=,2e-05,0.03944157932678977,0.24927714010339086,0.34493453477373426,72132,0.3397916931643137,2845,69287,8568,131583,0.047425993778776494
elliptic_f_023,>=,5e-05,0.06159798077130509,0.7505476211337948,0.6496589834221138,139063,0.6550830730675561,8566,130497,2847,70373,0.07544942880043688
elliptic_f_023,<=,5e-05,0.03885879575937018,0.24953999824761236,0.3506895006720765,73291,0.34525138612135686,2848,70443,8565,130427,0.0467533661438651
elliptic_f_023,>=,0.0001,0.062760617053241,0.7503723823709805,0.6366854184298303,136455,0.6427975862410085,8564,127891,2849,72979,0.07684397729495561
elliptic_f_023,<=,0.0001,0.03750476867016588,0.24980285639183386,0.36424553193607806,76017,0.3580927346984921,2851,73166,8562,127704,0.04518497151967947
elliptic_f_023,>=,0.0002,0.07388145447634187,0.7493209497940945,0.5336834768755911,115753,0.5452768238624854,8552,107201,2861,93669,0.09013015755915055
elliptic_f_023,<=,0.0002,0.029620975579495876,0.2510295277315342,0.46725245183451986,96722,0.4556276291554199,2865,93857,8548,107013,0.035965262452266
elliptic_f_023,>=,0.0005,0.08394248292712235,0.7345132743362832,0.4554338626972669,99866,0.4704380473236199,8383,91483,3030,109387,0.10201349795680946
elliptic_f_023,<=,0.0005,0.028213249580793697,0.2786296328747919,0.5452929755563299,112713,0.5309563177456509,3180,109533,8233,91337,0.034395855191286386
elliptic_f_023,>=,0.001,0.08389776637951821,0.6707263646718654,0.4161248568726042,91242,0.42981303260270487,7655,83587,3758,117283,0.10169216830817708
elliptic_f_023,<=,0.001,0.0319711716455363,0.340488916148252,0.5857569572360233,121547,0.5725705779548999,3886,117661,7527,83209,0.039047349181372225
elliptic_f_023,>=,0.002,0.07957391988930505,0.5845088933672128,0.3841439737143426,83834,0.3949162203285237,6671,77163,4742,123707,0.09619350019754924
elliptic_f_023,<=,0.002,0.03725545040635246,0.42013493384736705,0.6168716085030119,128706,0.606294427721485,4795,123911,6618,76959,0.04555932023023847
elliptic_f_023,>=,0.005,0.06505474701690195,0.417506352405152,0.3409219893463434,73246,0.3450394049452853,4765,68481,6648,132389,0.07826949674274057
elliptic_f_023,<=,0.005,0.04784630621061848,0.5841584158415841,0.660501817095634,139342,0.6563973563591997,6667,132675,4746,68195,0.058607794564164414
elliptic_f_023,>=,0.01,0.06228557622614158,0.3388241479015158,0.28982924279384675,62085,0.2924633625867356,3867,58218,7546,142652,0.07443609890934849
elliptic_f_023,<=,0.01,0.050192051266742296,0.6629282397266275,0.7127744312241748,150741,0.710094543604528,7566,143175,3847,57695,0.06157457066263874
elliptic_f_023,>=,0.02,0.06093020385493592,0.25952860772802944,0.22726639119828745,48613,0.22900090916371071,2962,45651,8451,155219,0.07194034925800889
elliptic_f_023,<=,0.02,0.05160475600754031,0.7411723473232279,0.7739333897545676,163919,0.7721720533438853,8459,155460,2954,45410,0.06340233462101759
elliptic_f_023,>=,0.05,0.059275366411567026,0.18391308157364408,0.1658386020809479,35411,0.16681034279711518,2099,33312,9314,167558,0.06856922584396663
elliptic_f_023,<=,0.05,0.05263722368985527,0.8170507316218347,0.8355204858863942,177156,0.8345274939585365,9325,167831,2088,33039,0.06475361682802412
elliptic_f_023,>=,0.1,0.0540084388185654,0.12897572943135022,0.12835664857868273,27255,0.12838993230734444,1472,25783,9941,175087,0.06111281791535542
elliptic_f_023,<=,0.1,0.05364065237902682,0.8717252256199072,0.8738288445263106,185475,0.8737157473749665,9949,175526,1464,25344,0.06603496820046913
elliptic_f_023,>=,0.2,0.044354440383285586,0.07868220450363621,0.09632100363419127,20246,0.09537268646099782,898,19348,10515,181522,0.04859465134149377
elliptic_f_023,<=,0.2,0.05471606839118426,0.9216682730219925,0.9047045352715687,192247,0.9056165590273362,10519,181728,894,19142,0.0673948393197856
elliptic_f_023,>=,0.5,0.028405175713957585,0.032506790502059055,0.06317518793249366,13061,0.061526358681571296,371,12690,11042,188180,0.029140550135884506
elliptic_f_023,<=,0.5,0.05537511528128634,0.9680189257863839,0.9382386618210783,199512,0.93983974223089,11048,188464,365,12406,0.06824294190825747
elliptic_f_023,>=,1.0,0.022932670582919115,0.017786734425654954,0.0430576990093095,8852,0.0416990526796776,203,8649,11210,192221,0.021678306742700926
elliptic_f_023,<=,1.0,0.055041548663227594,0.9825637430999737,0.9584457609399114,203737,0.9597424193176091,11214,192523,199,8347,0.06785170161708987
elliptic_f_023,>=,2.0,0.017342004335501083,0.009112415666345396,0.029337382386618212,5997,0.02825002473113721,104,5893,11309,194977,0.01468885059744075
elliptic_f_023,<=,2.0,0.05481177833015956,0.9911504424778761,0.9711106685916264,206379,0.9721880696994107,11312,195067,101,5803,0.06758040407250794
elliptic_f_023,>=,5.0,0.008804316955410394,0.0027162008236221854,0.017374421267486433,3521,0.01658634935439955,31,3490,11382,197380,0.006079146566262698
elliptic_f_023,<=,5.0,0.05450679539120191,0.9972837991763778,0.9829043660078658,208818,0.9836774494424895,11382,197436,31,3434,0.06721507998842545
elliptic_f_023,>=,10.0,0.008413461538461538,0.0012266713397003418,0.00821426793448499,1664,0.007838592821846308,14,1650,11399,199220,0.003874038408323648
elliptic_f_023,<=,10.0,0.05410549598682368,0.9987733286602997,0.9920943894060835,210681,0.9924534701318523,11399,199282,14,1588,0.06672817124184996
elliptic_f_023,>=,20.0,0.008045977011494253,0.0006133356698501709,0.0042963110469457855,870,0.004098302737383587,7,863,11406,200007,0.0023500973611763915
elliptic_f_023,<=,20.0,0.05394871891894448,0.9993866643301498,0.9957534723950814,211423,0.9959488041906324,11406,200017,7,853,0.06653793875896186
elliptic_f_023,>=,50.0,0.005333333333333333,0.00017523876281433454,0.0018569223876138796,375,0.0017665098005963738,2,373,11411,200497,0.0007744133818632386
elliptic_f_023,<=,50.0,0.053854211887280345,1.0,0.9982127744312241,211924,0.998308861284229,11413,200511,0,359,0.06642346896610325
elliptic_f_023,>=,100.0,0.0,0.0,0.0006870114999751083,138,0.0006500756066194656,0,138,11413,200732,0.0
elliptic_f_023,<=,100.0,0.053795573990714336,1.0,0.999362771942052,212155,0.9993970313213965,11413,200742,0,128,0.06635210509364176
elliptic_f_023,>=,1000.0,0.0,0.0,2.9870065216309055e-05,6,2.826415680954198e-05,0,6,11413,200864,0.0
elliptic_f_023,<=,1000.0,0.053764403282488056,1.0,0.9999751082789864,212278,0.999976446535992,11413,200865,0,5,0.06631416867609889
elliptic_f_024,>=,0.0,0.053763136944550434,1.0,1.0,212283,1.0,11413,200870,0,0,0.06631262746282879
elliptic_f_024,<=,0.0,0.04051085640260216,0.2520809603084202,0.33922935231741924,71018,0.33454398138334207,2877,68141,8536,132729,0.04868267424742373
elliptic_f_024,>=,1e-08,0.06042544154603051,0.7479190396915798,0.6607706476825808,141265,0.6654560186166579,8536,132729,2877,68141,0.07403642494965072
elliptic_f_024,<=,1e-08,0.04051085640260216,0.2520809603084202,0.33922935231741924,71018,0.33454398138334207,2877,68141,8536,132729,0.04868267424742373
elliptic_f_024,>=,2e-08,0.06042544154603051,0.7479190396915798,0.6607706476825808,141265,0.6654560186166579,8536,132729,2877,68141,0.07403642494965072
elliptic_f_024,<=,2e-08,0.04051028597980822,0.2520809603084202,0.33923433066162195,71019,0.33454869207614363,2877,68142,8536,132728,0.04868201523576174
elliptic_f_024,>=,5e-08,0.060426297048767195,0.7479190396915798,0.6607606909941753,141263,0.6654465972310548,8536,132727,2877,68143,0.07403745240387534
elliptic_f_024,<=,5e-08,0.040509715573078,0.2520809603084202,0.33923930900582466,71020,0.33455340276894524,2877,68143,8536,132727,0.048681356241941434
elliptic_f_024,>=,1e-07,0.06042758034829392,0.7479190396915798,0.6607457559615671,141260,0.66543246515265,8536,132724,2877,68146,0.07403899363868346
elliptic_f_024,<=,1e-07,0.04050800444926291,0.2520809603084202,0.3392542440384328,71023,0.33456753484735,2877,68146,8536,132724,0.048679379367523395
elliptic_f_024,>=,1e-05,0.06089773319158348,0.7478314203101726,0.6552397072733609,140153,0.6602177282212895,8535,131618,2878,69252,0.07460338271928675
elliptic_f_024,<=,1e-05,0.039899627067419,0.25216857968982737,0.3447652710708418,72131,0.33978698247151207,2878,69253,8535,131617,0.047976741782440976
elliptic_f_024,>=,2e-05,0.0613466943663693,0.7477438009287655,0.6500572509583312,139111,0.6553091863220324,8534,130577,2879,70293,0.07514215726846724
elliptic_f_024,<=,2e-05,0.03934457594227458,0.25225619907123453,0.3499527057300742,73174,0.3447002350635708,2879,70295,8534,130575,0.04733500159482291
elliptic_f_024,>=,5e-05,0.061799950733919695,0.7473933234031368,0.6446756608751929,138026,0.6501980846323069,8530,129496,2883,71374,0.07568538304966842
elliptic_f_024,<=,5e-05,0.03880046818872849,0.25269429597827037,0.35567780156320006,74329,0.3501410852494076,2884,71445,8529,129425,0.04670763031655594
elliptic_f_024,>=,0.0001,0.06297584498253543,0.7472180846403225,0.6316971175387066,135417,0.6379078871129577,8528,126889,2885,73981,0.07709539832321124
elliptic_f_024,<=,0.0001,0.03747826312647616,0.2530447735038991,0.3692437895156071,77058,0.36299656590494767,2888,74170,8525,126700,0.045175116144472775
elliptic_f_024,>=,0.0002,0.07427888599115562,0.7461666520634365,0.5283666052670881,114649,0.5400762190095297,8516,106133,2897,94737,0.09059400990193804
elliptic_f_024,<=,0.0002,0.029648934539322398,0.25418382546219226,0.4726639119828745,97845,0.46091773717160583,2901,94944,8512,105926,0.0360110528236588
elliptic_f_024,>=,0.0005,0.08455670040424303,0.731271357224218,0.44982824712500624,98703,0.46495951159537036,8346,90357,3067,110513,0.10272632161979199
elliptic_f_024,<=,0.0005,0.02824804186716308,0.2818715499868571,0.5509384178822124,113884,0.5364725390163131,3217,110667,8196,90203,0.034447016697755004
elliptic_f_024,>=,0.001,0.08447594959176428,0.6672215894155787,0.41085776870612833,90144,0.4246406919065587,7615,82529,3798,118341,0.10235517716921737
elliptic_f_024,<=,0.001,0.0320242627815779,0.344168930167353,0.5910738288445263,122657,0.5777994469646651,3928,118729,7485,82141,0.03912031089094317
elliptic_f_024,>=,0.002,0.08003824600898055,0.5794269692455971,0.37840394284860857,82623,0.3892115713457978,6613,76010,4800,124860,0.09670814992468668
elliptic_f_024,<=,0.002,0.03735972784508105,0.4253044773503899,0.6226514661223677,129926,0.6120414729394252,4854,125072,6559,75798,0.045696146046916214
elliptic_f_024,>=,0.005,0.06524667101737042,0.411723473232279,0.3351421317269876,72019,0.339259384877734,4699,67320,6714,133550,0.07845029366687925
elliptic_f_024,<=,0.005,0.04791139060410324,0.5901165337772716,0.6662866530591925,140572,0.6621915085051558,6735,133837,4678,67033,0.05869782343067208
elliptic_f_024,>=,0.01,0.062143466002229364,0.3321650749145711,0.284826006870115,61004,0.2873711036682165,3791,57213,7622,143657,0.07420848846450481
elliptic_f_024,<=,0.01,0.05034018982130978,0.6696749320949794,0.7177975805247174,151827,0.7152103559870551,7643,144184,3770,56686,0.06176451098314103
elliptic_f_024,>=,0.02,0.060423849970565977,0.2518181021641987,0.22248220241947528,47564,0.22405939241484246,2874,44690,8539,156180,0.07125537390476473
elliptic_f_024,<=,0.02,0.051826976699076203,0.7491457110312801,0.7787225568775825,164972,0.77713241286396,8550,156422,2863,44448,0.06368231240531445
elliptic_f_024,>=,0.05,0.057066790137747424,0.17278542013493384,0.16221436750136906,34556,0.16278270045175544,1972,32584,9441,168286,0.06589279389455817
elliptic_f_024,<=,0.05,0.053102266662921664,0.8282660124419522,0.8391596554985812,178015,0.8385739790751026,9453,168562,1960,32308,0.0653307034263891
elliptic_f_024,>=,0.1,0.051440406703069104,0.11968807500219049,0.12539951212226813,26555,0.1250924473462312,1366,25189,10047,175681,0.05806193840163899
elliptic_f_024,<=,0.1,0.05401224621334193,0.881100499430474,0.876805894359536,186180,0.8770367858000876,10056,176124,1357,24746,0.06649623809567894
elliptic_f_024,>=,0.2,0.041132668051263865,0.07114693770261982,0.09423507741325235,19741,0.0929937865961947,812,18929,10601,181941,0.044922933932305786
elliptic_f_024,<=,0.2,0.05501888436955259,0.9292035398230089,0.9067904614925076,192752,0.9079954588921393,10605,182147,808,18723,0.06777042027246201
elliptic_f_024,>=,0.5,0.02743044701469209,0.03075440287391571,0.0619554936028277,12796,0.06027802508914986,351,12445,11062,188425,0.028036487371599278
elliptic_f_024,<=,0.5,0.055400386421199106,0.9697713134145273,0.9394832478717579,199782,0.9411116292873193,11068,188714,345,12156,0.06827538643942749
elliptic_f_024,>=,1.0,0.02263802263802264,0.017173398755804783,0.042126748643401206,8658,0.04078517827616908,196,8462,11217,192408,0.021283526984471713
elliptic_f_024,<=,1.0,0.05502027527299294,0.9831770787698239,0.9594364514362523,203943,0.9607128220347366,11221,192722,192,8148,0.06782642335148727
elliptic_f_024,>=,2.0,0.017453798767967144,0.00893717690353106,0.028585652412007768,5844,0.027529288732493887,102,5742,11311,195128,0.014659806260599614
elliptic_f_024,<=,2.0,0.054780591963511885,0.9913256812406904,0.9718673769104396,206533,0.9729135163908555,11314,195219,99,5651,0.06754263949996717
elliptic_f_024,>=,5.0,0.008700696055684454,0.002628581442215018,0.017015980484890725,3448,0.016242468779883456,30,3418,11383,197452,0.005951200158698671
elliptic_f_024,<=,5.0,0.0544917517975624,0.997371418557785,0.9832777418230696,208894,0.9840354620954104,11383,197511,30,3359,0.06719685851882375
elliptic_f_024,>=,10.0,0.0085995085995086,0.0012266713397003418,0.008035047543187136,1628,0.007669007880989057,14,1614,11399,199256,0.003905160390516039
elliptic_f_024,<=,10.0,0.054095482156416096,0.9987733286602997,0.9922885448299895,210720,0.9926371871511143,11399,199321,14,1549,0.06671598620145547
elliptic_f_024,>=,20.0,0.008215962441314555,0.0006133356698501709,0.004206700851296858,852,0.004013510266954961,7,845,11406,200025,0.0023615140678766616
elliptic_f_024,<=,20.0,0.05394412625744297,0.9993866643301498,0.9958430825907303,211441,0.996033596661061,11406,200035,7,835,0.06653234979473317
elliptic_f_024,>=,50.0,0.005361930294906166,0.00017523876281433454,0.0018469656992084432,373,0.001757088414993193,2,371,11411,200499,0.0007748934521503294
elliptic_f_024,<=,50.0,0.05385319542486127,1.0,0.9982326878080351,211928,0.9983277040554355,11413,200515,0,355,0.06642223192201367
elliptic_f_024,>=,100.0,0.0,0.0,0.0006720764673669537,135,0.0006359435282146946,0,135,11413,200735,0.0
elliptic_f_024,<=,100.0,0.05379481329952206,1.0,0.9993777069746602,212158,0.9994111633998012,11413,200745,0,125,0.06635117929875763
elliptic_f_024,>=,1000.0,0.0,0.0,2.9870065216309055e-05,6,2.826415680954198e-05,0,6,11413,200864,0.0
elliptic_f_024,<=,1000.0,0.053764403282488056,1.0,0.9999751082789864,212278,0.999976446535992,11413,200865,0,5,0.06631416867609889
elliptic_f_025,>=,0.0,0.053763136944550434,1.0,1.0,212283,1.0,11413,200870,0,0,0.06631262746282879
elliptic_f_025,<=,0.0,0.0,0.0,0.06300094588539852,12655,0.05961381740412562,0,12655,11413,188215,0.0
elliptic_f_025,>=,1e-06,0.05717133868996333,1.0,0.9369990541146015,199628,0.9403861825958744,11413,188215,0,12655,0.07045714109331111
elliptic_f_025,<=,1e-06,0.0,0.0,0.06300094588539852,12655,0.05961381740412562,0,12655,11413,188215,0.0
elliptic_f_025,>=,2e-06,0.05717133868996333,1.0,0.9369990541146015,199628,0.9403861825958744,11413,188215,0,12655,0.07045714109331111
elliptic_f_025,<=,2e-06,0.0,0.0,0.06300094588539852,12655,0.05961381740412562,0,12655,11413,188215,0.0
elliptic_f_025,>=,4.9999999999999996e-06,0.05717133868996333,1.0,0.9369990541146015,199628,0.9403861825958744,11413,188215,0,12655,0.07045714109331111
elliptic_f_025,<=,4.9999999999999996e-06,0.0,0.0,0.06300094588539852,12655,0.05961381740412562,0,12655,11413,188215,0.0
elliptic_f_025,>=,9.999999999999999e-06,0.05717277067271807,1.0,0.9369741623935879,199623,0.9403626291318664,11413,188210,0,12660,0.07045888097986801
elliptic_f_025,<=,9.999999999999999e-06,0.0,0.0,0.0630258376064121,12660,0.059637370868133574,0,12660,11413,188210,0.0
elliptic_f_025,>=,0.0001,0.05745434008693284,0.9983352317532638,0.9305520983720814,198314,0.9341963322545846,11394,186920,19,13950,0.07079929759938558
elliptic_f_025,<=,0.0001,0.0012607160867372667,0.0021904845351791817,0.09859610693483348,19830,0.09341303825553623,25,19805,11388,181065,0.0013776685439696693
elliptic_f_025,>=,0.0002,0.05922107062720376,0.9712608428984492,0.8766615223776572,187180,0.8817474786016779,11085,176095,328,24775,0.07291487147643899
elliptic_f_025,<=,0.0002,0.021846826056186344,0.062209760799088756,0.1582565838602081,32499,0.15309280535888414,710,31789,10703,169081,0.02510448415588824
elliptic_f_025,>=,0.0005,0.05404451583853577,0.7782353456584596,0.7739533031313786,164346,0.7741835191701644,8882,155464,2531,45406,0.0664028098212163
elliptic_f_025,<=,0.0005,0.051163349966933204,0.22369228073249803,0.23570468462189476,49899,0.23505886010655588,2553,47346,8860,153524,0.06049504997417172
elliptic_f_025,>=,0.001,0.05401334497029759,0.6723911329186016,0.6690994175337283,142076,0.6692763904787478,7674,134402,3739,66468,0.06618746733319879
elliptic_f_025,<=,0.001,0.05439208438138384,0.34294225882765267,0.3387514312739583,71959,0.33897674330963856,3914,68045,7499,132825,0.06539704393331305
elliptic_f_025,>=,0.002,0.06375447331569939,0.5744326645053885,0.4792950664608951,102832,0.4844099621731368,6556,96276,4857,104594,0.07754156800499597
elliptic_f_025,<=,0.002,0.04397501604432754,0.42626829054586873,0.5265395529446906,110631,0.5211486553327398,4865,105766,6548,95104,0.053586731198382156
elliptic_f_025,>=,0.005,0.07197660182288124,0.463594147025322,0.33961766316523123,73510,0.34628302784490517,5291,68219,6122,132651,0.08660906915302845
elliptic_f_025,<=,0.005,0.04412071959135741,0.5365810917374924,0.6605117737840395,138801,0.6538488715535393,6124,132677,5289,68193,0.054040030567385024
elliptic_f_025,>=,0.01,0.08204983611179642,0.4079558398317708,0.2593219495195898,56746,0.26731297371904483,4656,52090,6757,148780,0.09765223555665549
elliptic_f_025,<=,0.01,0.043237605262484324,0.5920441601682292,0.744357046846219,156276,0.7361682282613304,6757,149519,4656,51351,0.05307792250639025
elliptic_f_025,>=,0.02,0.09391296214016791,0.35187943573118374,0.19289590282272115,42763,0.20144335627440726,4016,38747,7397,162123,0.11004850245252515
elliptic_f_025,<=,0.02,0.04363496932515337,0.6481205642688163,0.8071040971772788,169520,0.7985566437255928,7397,162123,4016,38747,0.05364086364908708
elliptic_f_025,>=,0.05,0.08094473744554001,0.12371856654692018,0.0798128142579778,17444,0.08217332523094172,1412,16032,10001,184838,0.08695759277734669
elliptic_f_025,<=,0.05,0.051329559277146775,0.8762814334530798,0.9201871857420222,194839,0.9178266747690583,10001,184838,1412,16032,0.06323591339569457
elliptic_f_025,>=,0.1,0.12890849798580473,0.0588802243056164,0.022606661024543236,5213,0.02455684157469039,672,4541,10741,196329,0.10413761041376104
elliptic_f_025,<=,0.1,0.0515660406344817,0.9411197756943835,0.9834967889679892,208296,0.9812184678000594,10741,197555,672,3315,0.0635865389055372
elliptic_f_025,>=,0.2,0.5131744040150564,0.03583632699553141,0.0019315975506546523,797,0.003754422162867493,409,388,11004,200482,0.1400589000753373
elliptic_f_025,<=,0.2,0.05201976032335075,0.9641636730044686,0.9983123413152786,211535,0.9964764017844104,11004,200531,409,339,0.06415929977505763
elliptic_f_025,>=,0.5,0.08333333333333333,8.761938140716727e-05,5.476178622989994e-05,12,5.652831361908396e-05,1,11,11412,200859,0.0004362621062734491
elliptic_f_025,<=,0.5,0.05376146529671976,0.9999123806185928,0.9999452382137701,212271,0.9999434716863809,11412,200859,1,11,0.06631051589953248
elliptic_f_025,>=,1.0,0.0,0.0,1.9913376810872703e-05,4,1.8842771206361318e-05,0,4,11413,200866,0.0
elliptic_f_025,<=,1.0,0.05376415001012818,1.0,0.9999800866231892,212279,0.9999811572287937,11413,200866,0,4,0.06631386042771364
elliptic_f_025,>=,2.0,0.0,0.0,9.956688405436352e-06,2,9.421385603180659e-06,0,2,11413,200868,0.0
elliptic_f_025,<=,2.0,0.05376364347256702,1.0,0.9999900433115946,212281,0.9999905786143968,11413,200868,0,2,0.06631324393954008
elliptic_f_025,>=,5.0,0.0,0.0,4.978344202718176e-06,1,4.7106928015903295e-06,0,1,11413,200869,0.0
elliptic_f_025,<=,5.0,0.053763390207365674,1.0,0.9999950216557972,212282,0.9999952893071984,11413,200869,0,1,0.06631293569975166
elliptic_f_026,>=,0.0,0.053763136944550434,1.0,1.0,212283,1.0,11413,200870,0,0,0.06631262746282879
elliptic_f_026,<=,0.0,6.414779652318943e-05,8.761938140716727e-05,0.07760242943197093,15589,0.07343499008399165,1,15588,11412,185282,6.777914842277921e-05
elliptic_f_026,>=,1e-06,0.058019054978799556,0.9999123806185928,0.9223975705680291,196694,0.9265650099160083,11412,185282,1,15588,0.07148682830758128
elliptic_f_026,<=,1e-06,6.414779652318943e-05,8.761938140716727e-05,0.07760242943197093,15589,0.07343499008399165,1,15588,11412,185282,6.777914842277921e-05
elliptic_f_026,>=,2e-06,0.058019054978799556,0.9999123806185928,0.9223975705680291,196694,0.9265650099160083,11412,185282,1,15588,0.07148682830758128
elliptic_f_026,<=,2e-06,6.414779652318943e-05,8.761938140716727e-05,0.07760242943197093,15589,0.07343499008399165,1,15588,11412,185282,6.777914842277921e-05
elliptic_f_026,>=,4.9999999999999996e-06,0.058019054978799556,0.9999123806185928,0.9223975705680291,196694,0.9265650099160083,11412,185282,1,15588,0.07148682830758128
elliptic_f_026,<=,4.9999999999999996e-06,6.414779652318943e-05,8.761938140716727e-05,0.07760242943197093,15589,0.07343499008399165,1,15588,11412,185282,6.777914842277921e-05
elliptic_f_026,>=,9.999999999999999e-06,0.05802082485967624,0.9999123806185928,0.9223677005028128,196688,0.9265367457591988,11412,185276,1,15594,0.07148897784292721
elliptic_f_026,<=,9.999999999999999e-06,6.412311638345624e-05,8.761938140716727e-05,0.07763229949718724,15595,0.07346325424080119,1,15594,11412,185276,6.775710433238925e-05
elliptic_f_026,>=,1e-05,0.05802082485967624,0.9999123806185928,0.9223677005028128,196688,0.9265367457591988,11412,185276,1,15594,0.07148897784292721
elliptic_f_026,<=,1e-05,0.00012823800974608873,0.00017523876281433454,0.07763229949718724,15596,0.07346796493360279,2,15594,11411,185276,0.00013550686342263235
elliptic_f_026,>=,2e-05,0.0580108109207589,0.9995619030929641,0.9222133718325285,196653,0.9263718715111432,11408,185245,5,15625,0.07147645750446414
elliptic_f_026,<=,2e-05,0.00038385260060136905,0.0005257162884430036,0.0777866281674715,15631,0.07363283918165844,6,15625,11407,185245,0.00040575084193299703
elliptic_f_026,>=,5e-05,0.05798665919853353,0.9978095154648208,0.921003634191268,196390,0.9251329593043249,11388,185002,25,15868,0.07144533127220119
elliptic_f_026,<=,5e-05,0.001760010057200327,0.0024533426794006836,0.07906108428336735,15909,0.07494241178050055,28,15881,11385,184989,0.0018654479073671867
elliptic_f_026,>=,0.0001,0.05725618916304818,0.9751160956803645,0.9122467267386867,194372,0.9156267812307156,11129,183243,284,17627,0.07053483263425955
elliptic_f_026,<=,0.0001,0.01844190991687609,0.04179444493121878,0.12639020261860906,25865,0.12184206931313388,477,25388,10936,175482,0.020762058969470632
elliptic_f_026,>=,0.0002,0.05226111488134966,0.8164373959519846,0.8412356250311146,178297,0.839902394445151,9318,168979,2095,31891,0.0642974547371588
elliptic_f_026,<=,0.0002,0.07265109857411507,0.2674143520546745,0.19394135510529198,42009,0.19789149390200816,3052,38957,8361,161913,0.08503808881632108
elliptic_f_026,>=,0.0005,0.03743023018273597,0.49767808639271005,0.7271817593468413,151749,0.7148429219485309,5680,146069,5733,54801,0.04592429929059894
elliptic_f_026,<=,0.0005,0.09166216173243871,0.5051257338123193,0.2844078259570867,62894,0.2962743130632222,5765,57129,5648,143741,0.10960534471023503
elliptic_f_026,>=,0.001,0.03019867970039355,0.3334793656356786,0.6084830985214318,126032,0.5936980351700325,3806,122226,7607,78644,0.03691268007782116
elliptic_f_026,<=,0.001,0.08856743202210775,0.6823797423990187,0.3989893961268482,87933,0.4142253501222425,7788,80145,3625,120725,0.10722989439480098
elliptic_f_026,>=,0.002,0.028514510691468042,0.21195128362393761,0.4102902374670185,84834,0.39962691313011406,2419,82415,8994,118455,0.03448334849137132
elliptic_f_026,<=,0.002,0.07019446872268698,0.7881363357574696,0.5931647334096679,128144,0.6036470183669912,8995,119149,2418,81721,0.0858319544875942
elliptic_f_026,>=,0.005,0.017150821845625604,0.08840795583983177,0.28785781848957037,58831,0.2771347682103607,1009,57822,10404,143048,0.02044687258092625
elliptic_f_026,<=,0.005,0.06779528482621106,0.9115920441601683,0.7121919649524568,153462,0.7229123387176553,10404,143058,1009,57812,0.08319725682554965
elliptic_f_026,>=,0.01,0.017334878331402084,0.06553929729256111,0.2110917508836561,43150,0.20326639438862273,748,42402,10665,158468,0.02032465097574628
elliptic_f_026,<=,0.01,0.06277628333794419,0.9344607027074389,0.7926718773335989,169889,0.8002948893693795,10665,159224,748,41646,0.07717422923459663
elliptic_f_026,>=,0.02,0.01552071024813975,0.04258301936388329,0.15346741673719322,31313,0.147505923696198,486,30827,10927,170043,0.017780704642739547
elliptic_f_026,<=,0.02,0.06038017350942145,0.9574169806361167,0.8465325832628068,180970,0.852494076303802,10927,170043,486,30827,0.07430371294164367
elliptic_f_026,>=,0.05,0.02608909672655673,0.02786296328747919,0.059097924030467465,12189,0.05741863455858453,318,11871,11095,188999,0.026425567983513105
elliptic_f_026,<=,0.05,0.05544893899867062,0.9721370367125208,0.9409020759695326,200094,0.9425813654414155,11095,188999,318,11871,0.06833672296618949
elliptic_f_026,>=,0.1,0.08788133221382592,0.02751248576185052,0.016224423756658536,3573,0.016831305380082248,314,3259,11099,197611,0.061077611359657655
elliptic_f_026,<=,0.1,0.052856156392123245,0.9724875142381495,0.9901229651018071,209985,0.9891748279419454,11099,198886,314,1984,0.06518447694434623
elliptic_f_026,>=,0.2,0.6305220883534136,0.02751248576185052,0.0009160153333001444,498,0.0023459250151919844,314,184,11099,200686,0.11712047743379336
elliptic_f_026,<=,0.2,0.05240692211440848,0.9724875142381495,0.9990839846666999,211785,0.9976540749848081,11099,200686,314,184,0.06463782666882534
elliptic_f_027,>=,0.0,0.053763136944550434,1.0,1.0,212283,1.0,11413,200870,0,0,0.06631262746282879
elliptic_f_027,<=,0.0,0.0,0.0,0.06300094588539852,12655,0.05961381740412562,0,12655,11413,188215,0.0
elliptic_f_027,>=,1e-06,0.05717133868996333,1.0,0.9369990541146015,199628,0.9403861825958744,11413,188215,0,12655,0.07045714109331111
elliptic_f_027,<=,1e-06,0.0,0.0,0.06300094588539852,12655,0.05961381740412562,0,12655,11413,188215,0.0
elliptic_f_027,>=,2e-06,0.05717133868996333,1.0,0.9369990541146015,199628,0.9403861825958744,11413,188215,0,12655,0.07045714109331111
elliptic_f_027,<=,2e-06,0.0,0.0,0.06300094588539852,12655,0.05961381740412562,0,12655,11413,188215,0.0
elliptic_f_027,>=,4.9999999999999996e-06,0.05717133868996333,1.0,0.9369990541146015,199628,0.9403861825958744,11413,188215,0,12655,0.07045714109331111
elliptic_f_027,<=,4.9999999999999996e-06,0.0,0.0,0.06300094588539852,12655,0.05961381740412562,0,12655,11413,188215,0.0
elliptic_f_027,>=,9.999999999999999e-06,0.05717277067271807,1.0,0.9369741623935879,199623,0.9403626291318664,11413,188210,0,12660,0.07045888097986801
elliptic_f_027,<=,9.999999999999999e-06,0.0,0.0,0.0630258376064121,12660,0.059637370868133574,0,12660,11413,188210,0.0
elliptic_f_027,>=,0.0001,0.057503053304129276,0.9983352317532638,0.9297157365460248,198146,0.9334049358639175,11394,186752,19,14118,0.07085847335251251
elliptic_f_027,<=,0.0001,0.001264163311171458,0.0023657232979935163,0.1061930601881814,21358,0.10061097685636626,27,21331,11386,179539,0.0013939800712478704
elliptic_f_027,>=,0.0002,0.0588753479071527,0.9545255410496802,0.8669338378055459,185035,0.8716430425422667,10894,174141,519,26729,0.07247659180390471
elliptic_f_027,<=,0.0002,0.0396541357688894,0.12135284324892666,0.16698362124757304,34927,0.16453036748114544,1385,33542,10028,167328,0.04582420709232999
elliptic_f_027,>=,0.0005,0.05078125,0.7198808376412863,0.7645541892766465,161792,0.7621524097549026,8216,153576,3197,47294,0.0623765337900729
elliptic_f_027,<=,0.0005,0.062372149405257975,0.28853062297380183,0.24644297306715787,52796,0.24870573715276306,3293,49503,8120,151367,0.07396775338391802
elliptic_f_027,>=,0.001,0.052041489727992656,0.6356786121089986,0.6579031214218151,139408,0.6567082620841047,7255,132153,4158,68717,0.06374715532163537
elliptic_f_027,<=,0.001,0.05860335792963319,0.3841233680890213,0.3505949121322248,74808,0.3523975071013694,4384,70424,7029,130446,0.0705628611437493
elliptic_f_027,>=,0.002,0.06224704549133884,0.539034434416893,0.46139294070792053,98832,0.46556719096677546,6152,92680,5261,108190,0.07562552090888305
elliptic_f_027,<=,0.002,0.04586660158292947,0.46105318496451414,0.544939513117937,114724,0.540429520969649,5262,109462,6151,91408,0.055941944551348155
elliptic_f_027,>=,0.005,0.07208111915421844,0.4528169631122404,0.33120426146263754,71697,0.3377425417956219,5168,66529,6245,134341,0.08665296226370804
elliptic_f_027,<=,0.005,0.044423265671896556,0.5472706562691667,0.6688704137004032,140602,0.6623328292892036,6246,134356,5167,66514,0.05442463764832587
elliptic_f_027,>=,0.01,0.08274702020293367,0.40085866993779024,0.25247174789664956,55289,0.26044949430712777,4575,50714,6838,150156,0.09835790668575778
elliptic_f_027,<=,0.01,0.0433412984642298,0.5991413300622097,0.7513964255488624,157771,0.743210713999708,6838,150933,4575,49937,0.05321425625333659
elliptic_f_027,>=,0.02,0.09635448332887472,0.34714798913519673,0.18498033554039928,41119,0.19369897730859278,3962,37157,7451,163713,0.11262785051936164
elliptic_f_027,<=,0.02,0.04353135005024421,0.6528520108648033,0.8150196644596007,171164,0.8063010226914072,7451,163713,3962,37157,0.05352199279094458
elliptic_f_027,>=,0.05,0.09003091190108192,0.12249189520721984,0.07034400358440783,15528,0.07314763782309465,1398,14130,10015,186740,0.09506970418225094
elliptic_f_027,<=,0.05,0.05090086655993494,0.8775081047927802,0.9296559964155922,196755,0.9268523621769054,10015,186740,1398,14130,0.06271659613267487
elliptic_f_027,>=,0.1,0.15325402379286215,0.05756593358450889,0.01807138945586698,4287,0.020194740040417745,657,3630,10756,197240,0.11501698119813732
elliptic_f_027,<=,0.1,0.05137684793771345,0.9424340664154911,0.9886941803156271,209355,0.9862070914769435,10756,198599,657,2271,0.06335757445810895
elliptic_f_027,>=,0.2,0.6727574750830565,0.03548584946990274,0.0009807338079354806,602,0.0028358370665573784,405,197,11008,200673,0.1465161710440634
elliptic_f_027,<=,0.2,0.052002777764655304,0.9645141505300973,0.9990192661920645,211681,0.9971641629334426,11008,200673,405,197,0.06413894284945178
elliptic_f_028,>=,0.0,0.053763136944550434,1.0,1.0,212283,1.0,11413,200870,0,0,0.06631262746282879
elliptic_f_028,<=,0.0,0.0,0.0,0.06300094588539852,12655,0.05961381740412562,0,12655,11413,188215,0.0
elliptic_f_028,>=,1e-06,0.05717133868996333,1.0,0.9369990541146015,199628,0.9403861825958744,11413,188215,0,12655,0.07045714109331111
elliptic_f_028,<=,1e-06,0.0,0.0,0.06300094588539852,12655,0.05961381740412562,0,12655,11413,188215,0.0
elliptic_f_028,>=,2e-06,0.05717133868996333,1.0,0.9369990541146015,199628,0.9403861825958744,11413,188215,0,12655,0.07045714109331111
elliptic_f_028,<=,2e-06,0.0,0.0,0.06300094588539852,12655,0.05961381740412562,0,12655,11413,188215,0.0
elliptic_f_028,>=,4.9999999999999996e-06,0.05717133868996333,1.0,0.9369990541146015,199628,0.9403861825958744,11413,188215,0,12655,0.07045714109331111
elliptic_f_028,<=,4.9999999999999996e-06,0.0,0.0,0.06300094588539852,12655,0.05961381740412562,0,12655,11413,188215,0.0
elliptic_f_028,>=,9.999999999999999e-06,0.05717277067271807,1.0,0.9369741623935879,199623,0.9403626291318664,11413,188210,0,12660,0.07045888097986801
elliptic_f_028,<=,9.999999999999999e-06,0.0,0.0,0.0630258376064121,12660,0.059637370868133574,0,12660,11413,188210,0.0
elliptic_f_028,>=,1e-05,0.05717277067271807,1.0,0.9369741623935879,199623,0.9403626291318664,11413,188210,0,12660,0.07045888097986801
elliptic_f_028,<=,1e-05,0.0,0.0,0.0630258376064121,12660,0.059637370868133574,0,12660,11413,188210,0.0
elliptic_f_028,>=,2e-05,0.0571859482806135,1.0,0.9367451585602629,199577,0.9401459372629932,11413,188164,0,12706,0.07047489196896214
elliptic_f_028,<=,2e-05,0.0,0.0,0.06339423507741325,12734,0.05998596213545126,0,12734,11413,188136,0.0
elliptic_f_028,>=,5e-05,0.05730707973049695,0.9993866643301498,0.9340717877234032,199033,0.9375833203789281,11406,187627,7,13243,0.07062145143614287
elliptic_f_028,<=,5e-05,0.0005192107995846313,0.0006133356698501709,0.06708318813162742,13482,0.06350956035104083,7,13475,11406,187395,0.0005356514286588819
elliptic_f_028,>=,0.0001,0.05773324413088432,0.9980723736090423,0.9255389057599442,197304,0.9294385325249784,11391,185913,22,14957,0.07113781789068345
elliptic_f_028,<=,0.0001,0.0013767783386874712,0.002628581442215018,0.1083287698511475,21790,0.10264599614665329,30,21760,11383,179110,0.001521714871212198
elliptic_f_028,>=,0.0002,0.05693088169655007,0.9164111101375624,0.8625230248419375,183714,0.8654202173513659,10459,173255,954,27615,0.07007526776537683
elliptic_f_028,<=,0.0002,0.04468913731753103,0.1397529133444318,0.16974162393587894,35691,0.16812933678156047,1595,34096,9818,166774,0.051726262672123595
elliptic_f_028,>=,0.0005,0.04886262112569583,0.6852711819854552,0.7579031214218152,160061,0.7539982005153498,7821,152240,3592,48630,0.060008562786864866
elliptic_f_028,<=,0.0005,0.06648999797567125,0.31656882502409533,0.2525314880270822,54339,0.25597433614561693,3613,50726,7800,150144,0.07896611866118224
elliptic_f_028,>=,0.001,0.05018568337329669,0.6015070533602033,0.6468213272265645,136792,0.6443850897151444,6865,129927,4548,70943,0.0614503536640165
elliptic_f_028,<=,0.001,0.061182639393624755,0.4130377639533865,0.36010354955941654,77048,0.36294945897693176,4714,72334,6699,128536,0.07374728180097308
elliptic_f_028,>=,0.002,0.060334284549531186,0.5057390694821694,0.4475282521033504,95667,0.4506578482497421,5772,89895,5641,110975,0.07323367531040573
elliptic_f_028,<=,0.002,0.0481034894429853,0.49426093051783054,0.5557176283168218,117268,0.5524135234568948,5641,111627,5772,89243,0.058701104092739625
elliptic_f_028,>=,0.005,0.06790525386696764,0.411197756943836,0.3206949768506995,69111,0.32556069021070927,4693,64418,6720,136452,0.08151616948693274
elliptic_f_028,<=,0.005,0.04693425711871154,0.588802243056164,0.6793398715587196,143179,0.6744722846389019,6720,136459,4693,64411,0.05752154061859623
elliptic_f_028,>=,0.01,0.08007697144054718,0.368264260054324,0.24037437148404442,52487,0.24725013307707164,4203,48284,7210,152586,0.0949354222288479
elliptic_f_028,<=,0.01,0.044912604183537444,0.631735739945676,0.7632996465375617,160534,0.756226358210502,7210,153324,4203,47546,0.055160362880212505
elliptic_f_028,>=,0.02,0.07247772032126747,0.23087707000788574,0.16787474485985962,36356,0.17126194749461804,2635,33721,8778,167149,0.08400441222415629
elliptic_f_028,<=,0.02,0.049895695373649296,0.7691229299921143,0.8321252551401404,175927,0.828738052505382,8778,167149,2635,33721,0.06137422897663472
elliptic_f_028,>=,0.05,0.050928422836890364,0.05791641111013756,0.061323243889082495,12979,0.06114008187184089,661,12318,10752,188552,0.05218778126924474
elliptic_f_028,<=,0.05,0.05394773812868783,0.9420835888898624,0.9386767561109175,199304,0.938859918128159,10752,188552,661,12318,0.06648289883246829
elliptic_f_028,>=,0.1,0.11008426202772492,0.03548584946990274,0.016299098919699308,3679,0.017330638817050825,405,3274,11008,197596,0.07750009567913047
elliptic_f_028,<=,0.1,0.05244926838797593,0.9645141505300973,0.9900482899387664,209879,0.9886754945049768,11008,198871,405,1999,0.06468224728502613
elliptic_f_028,>=,0.2,0.6305220883534136,0.02751248576185052,0.0009160153333001444,498,0.0023459250151919844,314,184,11099,200686,0.11712047743379336
elliptic_f_028,<=,0.2,0.05240692211440848,0.9724875142381495,0.9990839846666999,211785,0.9976540749848081,11099,200686,314,184,0.06463782666882534
elliptic_f_029,>=,0.0,0.053763136944550434,1.0,1.0,212283,1.0,11413,200870,0,0,0.06631262746282879
elliptic_f_029,<=,0.0,0.0,0.0,0.0703888086822323,14139,0.06660448552168567,0,14139,11413,186731,0.0
elliptic_f_029,>=,1e-06,0.05759952357881137,1.0,0.9296111913177677,198144,0.9333955144783144,11413,186731,0,14139,0.07097733924220356
elliptic_f_029,<=,1e-06,0.0,0.0,0.0703888086822323,14139,0.06660448552168567,0,14139,11413,186731,0.0
elliptic_f_029,>=,2e-06,0.05759952357881137,1.0,0.9296111913177677,198144,0.9333955144783144,11413,186731,0,14139,0.07097733924220356
elliptic_f_029,<=,2e-06,0.0,0.0,0.0703888086822323,14139,0.06660448552168567,0,14139,11413,186731,0.0
elliptic_f_029,>=,4.9999999999999996e-06,0.05759952357881137,1.0,0.9296111913177677,198144,0.9333955144783144,11413,186731,0,14139,0.07097733924220356
elliptic_f_029,<=,4.9999999999999996e-06,0.0,0.0,0.0703888086822323,14139,0.06660448552168567,0,14139,11413,186731,0.0
elliptic_f_029,>=,9.999999999999999e-06,0.05760097709183957,1.0,0.9295862995967541,198139,0.9333719610143064,11413,186726,0,14144,0.07097910491573681
elliptic_f_029,<=,9.999999999999999e-06,0.0,0.0,0.07041370040324588,14144,0.06662803898569362,0,14144,11413,186726,0.0
elliptic_f_029,>=,0.0001,0.05800763043821535,0.9978095154648208,0.920650171752875,196319,0.924798500115412,11388,184931,25,15939,0.07147079977255867
elliptic_f_029,<=,0.0001,0.0017816791239353381,0.003592394637693858,0.11435754468063922,23012,0.10840246275019667,41,22971,11372,177899,0.0019814229516436146
elliptic_f_029,>=,0.0002,0.05712705003341404,0.9137825286953474,0.8569174092696769,182558,0.8599746564727274,10429,172129,984,28741,0.07030991916617789
elliptic_f_029,<=,0.0002,0.045876274716654494,0.14860247086655567,0.1756011350624782,36969,0.1741496021819929,1696,35273,9717,165597,0.05323657000797293
elliptic_f_029,>=,0.0005,0.04870089038684038,0.6786121089985104,0.7531587593966247,159032,0.7491508976225133,7745,151287,3668,49583,0.0598031630429579
elliptic_f_029,<=,0.0005,0.06702016376294052,0.3255936213090336,0.25752974560661124,55446,0.2611890730769774,3716,51730,7697,149140,0.0796751244655806
elliptic_f_029,>=,0.001,0.0498305408723653,0.5938841671777797,0.6434161397919053,136021,0.6407531455651183,6778,129243,4635,71627,0.061008430288552414
elliptic_f_029,<=,0.001,0.061719522055520615,0.4213616051870674,0.3639567879723204,77917,0.36704305102151374,4809,73108,6604,127762,0.07442406083923227
elliptic_f_029,>=,0.002,0.060085021993902886,0.4990799964952247,0.44358540349479764,94799,0.44656896689796166,5696,89103,5717,111767,0.07291178646677368
elliptic_f_029,<=,0.002,0.04838723328621848,0.5009200035047753,0.5597351520884154,118151,0.556573065200699,5717,112434,5696,88436,0.05905784300964636
elliptic_f_029,>=,0.005,0.06780181233557439,0.40646631034784897,0.317523771593568,68420,0.32230560148481036,4639,63781,6774,137089,0.08135941605020117
elliptic_f_029,<=,0.005,0.047084173211927434,0.593533689652151,0.6825110768158511,143870,0.6777273733648007,6774,137096,4639,63774,0.05771069002356477
elliptic_f_029,>=,0.01,0.08031904670382471,0.366161394900552,0.23821874844426744,52030,0.24509734646674486,4179,47851,7234,153019,0.09517931244960895
elliptic_f_029,<=,0.01,0.044932514270452244,0.633838605099448,0.7654851396425549,160997,0.7584074089776384,7234,153763,4179,47107,0.05518758744646407
elliptic_f_029,>=,0.02,0.07248978239257704,0.23000087619381407,0.1672076467366954,36212,0.17058360773118902,2625,33587,8788,167283,0.08399408681628813
elliptic_f_029,<=,0.02,0.04991168335501019,0.769999123806186,0.8327923532633046,176071,0.8294163922688109,8788,167283,2625,33587,0.06139469635893402
elliptic_f_029,>=,0.05,0.050865717583686035,0.05791641111013756,0.061402897396325984,12995,0.06121545295666634,661,12334,10752,188536,0.052135093780070356
elliptic_f_029,<=,0.05,0.053952069366946326,0.9420835888898624,0.938597102603674,199288,0.9387845470433337,10752,188536,661,12334,0.06648816112495594
elliptic_f_029,>=,0.1,0.10996470268802606,0.03548584946990274,0.016319012296510182,3683,0.017349481588257186,405,3278,11008,197592,0.0774526678141136
elliptic_f_029,<=,0.1,0.052449768197563335,0.9645141505300973,0.990038333250361,209877,0.9886660731193737,11008,198869,405,2001,0.06468285540020755
elliptic_f_029,>=,0.2,0.6305220883534136,0.02751248576185052,0.0009160153333001444,498,0.0023459250151919844,314,184,11099,200686,0.11712047743379336
elliptic_f_029,<=,0.2,0.05240692211440848,0.9724875142381495,0.9990839846666999,211785,0.9976540749848081,11099,200686,314,184,0.06463782666882534
elliptic_f_030,>=,0.0,0.053763136944550434,1.0,1.0,212283,1.0,11413,200870,0,0,0.06631262746282879
elliptic_f_030,<=,0.0,0.0,0.0,0.06306566436003386,12668,0.0596750564105463,0,12668,11413,188202,0.0
elliptic_f_030,>=,1e-12,0.0571750619943391,1.0,0.9369343356399662,199615,0.9403249435894537,11413,188202,0,12668,0.07046166497710135
elliptic_f_030,<=,1e-12,0.0,0.0,0.06306566436003386,12668,0.0596750564105463,0,12668,11413,188202,0.0
elliptic_f_030,>=,2e-12,0.0571750619943391,1.0,0.9369343356399662,199615,0.9403249435894537,11413,188202,0,12668,0.07046166497710135
elliptic_f_030,<=,2e-12,0.0,0.0,0.06306566436003386,12668,0.0596750564105463,0,12668,11413,188202,0.0
elliptic_f_030,>=,5e-12,0.0571750619943391,1.0,0.9369343356399662,199615,0.9403249435894537,11413,188202,0,12668,0.07046166497710135
elliptic_f_030,<=,5e-12,0.0,0.0,0.06306566436003386,12668,0.0596750564105463,0,12668,11413,188202,0.0
elliptic_f_030,>=,1e-11,0.057175348422455335,1.0,0.9369293572957634,199614,0.9403202328966521,11413,188201,0,12669,0.07046201299222467
elliptic_f_030,<=,1e-11,0.0,0.0,0.06307064270423657,12669,0.05967976710334789,0,12669,11413,188201,0.0
elliptic_f_030,>=,1e-09,0.05735838815541495,1.0,0.933758152038632,198977,0.937319521582039,11413,187564,0,13306,0.07068439939008152
elliptic_f_030,<=,1e-09,0.0,0.0,0.06624184796136805,13306,0.06268047841796093,0,13306,11413,187564,0.0
elliptic_f_030,>=,2e-09,0.0575017256059774,1.0,0.9312888933140837,198481,0.9349830179524503,11413,187068,0,13802,0.07085853499839198
elliptic_f_030,<=,2e-09,0.0,0.0,0.06871110668591626,13802,0.06501698204754973,0,13802,11413,187068,0.0
elliptic_f_030,>=,5e-09,0.05772946615544922,1.0,0.9273908498033554,197698,0.9312945454888051,11413,186285,0,14585,0.0711351836500645
elliptic_f_030,<=,5e-09,0.0,0.0,0.0726091501966446,14585,0.06870545451119496,0,14585,11413,186285,0.0
elliptic_f_030,>=,1e-08,0.05791158992991947,0.9999123806185928,0.9242146662020212,197059,0.9282844127885889,11412,185647,1,15223,0.0713563075799507
elliptic_f_030,<=,1e-08,6.568575932737782e-05,8.761938140716727e-05,0.07578533379797879,15224,0.07171558721141118,1,15223,11412,185647,6.914768562696206e-05
elliptic_f_030,>=,1e-07,0.05893309259951023,0.995268553404013,0.9029969632100363,192744,0.9079577733497265,11359,181385,54,19485,0.07259176701103927
elliptic_f_030,<=,1e-07,0.0027637033625057578,0.0047314465959870326,0.09700303678996366,19539,0.09204222665027345,54,19485,11359,181385,0.003014435798099789
elliptic_f_030,>=,2e-07,0.059530443376686185,0.9922018750547621,0.8906158211778762,190222,0.8960774061041157,11324,178898,89,21972,0.07331338428928617
elliptic_f_030,<=,2e-07,0.004034268618829609,0.007798124945237886,0.10938417882212376,22061,0.10392259389588426,89,21972,11324,178898,0.004465316033996608
elliptic_f_030,>=,5e-07,0.0608766102244187,0.9875580478401822,0.8656046199034201,185145,0.8721612187504416,11271,173874,142,26996,0.07494085716223423
elliptic_f_030,<=,5e-07,0.005232515292210185,0.012441952159817752,0.13439538009657986,27138,0.1278387812495584,142,26996,11271,173874,0.0059183928645855045
elliptic_f_030,>=,1e-06,0.06248295286920606,0.9835275562954525,0.8384726439986061,179649,0.8462712511129011,11225,168424,188,32446,0.07688261377599455
elliptic_f_030,<=,1e-06,0.005760862903720047,0.016472443704547444,0.16152735600139392,32634,0.15372874888709884,188,32446,11225,168424,0.006622096668521793
elliptic_f_030,>=,2e-06,0.0654117619540492,0.9801104004205731,0.795653905511027,171009,0.8055708653071607,11186,159823,227,41047,0.08042286350257172
elliptic_f_030,<=,2e-06,0.005499830401705675,0.01988959957942697,0.20434609448897298,41274,0.1944291346928393,227,41047,11186,159823,0.006430267011880414
elliptic_f_030,>=,4.9999999999999996e-06,0.08336715215463468,0.9719617979497065,0.6072036640613332,133062,0.6268142055652125,11093,121969,320,78901,0.10202129635931215
elliptic_f_030,<=,4.9999999999999996e-06,0.004039333005137527,0.028038202050293524,0.3927963359386668,79221,0.3731857944347875,320,78901,11093,121969,0.004873635762739227
elliptic_f_030,>=,9.999999999999999e-06,0.09110656147008889,0.95916936826426,0.5436799920346492,120156,0.5660180042678877,10947,109209,466,91661,0.11124163426734168
elliptic_f_030,<=,9.999999999999999e-06,0.005058234828009161,0.04083063173573995,0.4563200079653507,92127,0.4339819957321123,466,91661,10947,109209,0.006132853935423417
elliptic_f_030,>=,1e-05,0.09110656147008889,0.95916936826426,0.5436799920346492,120156,0.5660180042678877,10947,109209,466,91661,0.11124163426734168
elliptic_f_030,<=,1e-05,0.005058234828009161,0.04083063173573995,0.4563200079653507,92127,0.4339819957321123,466,91661,10947,109209,0.006132853935423417
elliptic_f_030,>=,2e-05,0.09842865417312831,0.9231578025059143,0.4804400856275203,107042,0.5042419788678321,10536,96506,877,104364,0.11984139441877606
elliptic_f_030,<=,2e-05,0.008333254149998574,0.07684219749408569,0.5195599143724797,105241,0.4957580211321679,877,104364,10536,96506,0.010141612527955927
elliptic_f_030,>=,5e-05,0.1029940119760479,0.8062735477087531,0.3989794394384428,89345,0.42087684835808803,9202,80143,2211,120727,0.12475833326554463
elliptic_f_030,<=,5e-05,0.01798335868300975,0.19372645229124683,0.6010653656593817,122947,0.5791655478771263,2211,120736,9202,80134,0.0219693522071697
elliptic_f_030,>=,0.0001,0.11244460588448965,0.6780863927100674,0.3041071339672425,68825,0.32421343206945447,7739,61086,3674,139784,0.13496074471684227
elliptic_f_030,<=,0.0001,0.02559624857373445,0.32235170419696835,0.6972320406232887,143732,0.6770772977581813,3679,140053,7734,60817,0.03137252895499377
elliptic_f_030,>=,0.0002,0.11723695808959052,0.5127486199947429,0.2193657589485737,49916,0.2351389418841829,5852,44064,5561,156806,0.13862239846122504
elliptic_f_030,<=,0.0002,0.0356110817357943,0.5074914571103128,0.7808732015731568,162646,0.7661753414074608,5792,156854,5621,44016,0.04374642181157921
elliptic_f_030,>=,0.0005,0.0934682301147187,0.19346359414702533,0.10661124110120974,23623,0.11128069605196836,2208,21415,9205,179455,0.10424436995420423
elliptic_f_030,<=,0.0005,0.04877299476145832,0.8067992639971961,0.8940359436451436,188793,0.8893458260906432,9208,179585,2205,21285,0.06005857145652472
elliptic_f_030,>=,0.001,0.10259189908347295,0.09121177604486112,0.04533280230995171,10147,0.047799399857737075,1041,9106,10372,191764,0.10009422895713543
elliptic_f_030,<=,0.001,0.05137843371944645,0.9101901340576536,0.9548364613929408,202186,0.9524361347823425,10388,191798,1025,9072,0.06332933816330288
elliptic_f_030,>=,0.002,0.08157776781712237,0.03189345483220889,0.020401254542739083,4462,0.021019111280696053,364,4098,11049,196772,0.06219883120877619
elliptic_f_030,<=,0.002,0.05316441078396936,0.9681065451677912,0.9796286155224773,207827,0.9790091528761135,11049,196778,364,4092,0.06555550413482042
elliptic_f_030,>=,0.005,0.06883116883116883,0.00928765442915973,0.007138945586697865,1540,0.007254466914449108,106,1434,11307,199436,0.030159904398793604
elliptic_f_030,<=,0.005,0.05365226386265932,0.9907123455708403,0.9928759894459103,210746,0.9927596651639556,11307,199439,106,1431,0.06616947390966962
elliptic_f_030,>=,0.01,0.06637806637806638,0.004030491544729694,0.00322098869915866,693,0.0032645101115020988,46,647,11367,200223,0.016214310891787098
elliptic_f_030,<=,0.01,0.05372156660727535,0.9959695084552703,0.9967839896450441,211591,0.9967402005812995,11367,200224,46,646,0.0662584797680516
elliptic_f_030,>=,1.0,0.0,0.0,1.9913376810872703e-05,4,1.8842771206361318e-05,0,4,11413,200866,0.0
elliptic_f_030,<=,1.0,0.05376415001012818,1.0,0.9999800866231892,212279,0.9999811572287937,11413,200866,0,4,0.06631386042771364
elliptic_f_030,>=,2.0,0.0,0.0,9.956688405436352e-06,2,9.421385603180659e-06,0,2,11413,200868,0.0
elliptic_f_030,<=,2.0,0.05376364347256702,1.0,0.9999900433115946,212281,0.9999905786143968,11413,200868,0,2,0.06631324393954008
elliptic_f_031,>=,0.0,0.053763136944550434,1.0,1.0,212283,1.0,11413,200870,0,0,0.06631262746282879
elliptic_f_031,<=,0.0,6.409434687860531e-05,8.761938140716727e-05,0.07766714790660627,15602,0.07349622909041233,1,15601,11412,185269,6.773140434293765e-05
elliptic_f_031,>=,1e-11,0.0580228898571799,0.9999123806185928,0.9223328520933938,196681,0.9265037709095877,11412,185269,1,15601,0.07149148579755105
elliptic_f_031,<=,1e-11,6.409434687860531e-05,8.761938140716727e-05,0.07766714790660627,15602,0.07349622909041233,1,15601,11412,185269,6.773140434293765e-05
elliptic_f_031,>=,2e-11,0.0580228898571799,0.9999123806185928,0.9223328520933938,196681,0.9265037709095877,11412,185269,1,15601,0.07149148579755105
elliptic_f_031,<=,2e-11,6.409434687860531e-05,8.761938140716727e-05,0.07766714790660627,15602,0.07349622909041233,1,15601,11412,185269,6.773140434293765e-05
elliptic_f_031,>=,4.9999999999999995e-11,0.058023479883464936,0.9999123806185928,0.9223228954049884,196679,0.9264943495239845,11412,185267,1,15603,0.07149220238833572
elliptic_f_031,<=,4.9999999999999995e-11,6.40861317610869e-05,8.761938140716727e-05,0.0776771045950117,15604,0.07350565047601551,1,15603,11412,185267,6.772406506928171e-05
elliptic_f_031,>=,9.999999999999999e-11,0.058024659972035084,0.9999123806185928,0.9223029820281774,196675,0.9264755067527781,11412,185263,1,15607,0.07149363561300216
elliptic_f_031,<=,9.999999999999999e-11,6.406970784213224e-05,8.761938140716727e-05,0.07769701797182257,15608,0.07352449324722186,1,15607,11412,185263,6.770939129257228e-05
elliptic_f_031,>=,1e-09,0.058230134553859815,0.9999123806185928,0.9188480111514911,195981,0.9232062859484744,11412,184569,1,16301,0.0717431730197388
elliptic_f_031,<=,1e-09,6.13421666053245e-05,8.761938140716727e-05,0.08115198884850898,16302,0.07679371405152556,1,16301,11412,184569,6.52562613382754e-05
elliptic_f_031,>=,2e-09,0.058397895792608664,0.9999123806185928,0.9160452033653607,195418,0.9205541659011791,11412,184006,1,16864,0.0719468909385501
elliptic_f_031,<=,2e-09,5.9294396679513786e-05,8.761938140716727e-05,0.08395479663463933,16865,0.07944583409882092,1,16864,11412,184006,6.339304958604338e-05
elliptic_f_031,>=,5e-09,0.05866203265742607,0.9997371418557784,0.9115049534524817,194504,0.9162485926805255,11410,183094,3,17776,0.07226742366951303
elliptic_f_031,<=,5e-09,0.00016873839923505258,0.0002628581442215018,0.0884950465475183,17779,0.08375140731947447,3,17776,11410,183094,0.00018175429243053956
elliptic_f_031,>=,1e-08,0.05888335880384949,0.9992990449487427,0.9074675163040773,193688,0.9124046673544278,11405,182283,8,18587,0.07253566363295237
elliptic_f_031,<=,1e-08,0.0004302231782737295,0.0007009550512573382,0.09253248369592273,18595,0.08759533264557219,8,18587,11405,182283,0.00046623850430687816
elliptic_f_031,>=,1e-07,0.05985887450024689,0.9878209059844038,0.8815104296311047,188343,0.8872260143299275,11274,177069,139,23801,0.07370698954608158
elliptic_f_031,<=,1e-07,0.005805939601520404,0.01217909401559625,0.11849454871309803,23941,0.11277869636287409,139,23802,11274,177068,0.0064846002407232895
elliptic_f_031,>=,2e-07,0.06026947304729285,0.9774818189783581,0.8659630606860158,185102,0.8719586589599733,11156,173946,257,26924,0.07419319226251994
elliptic_f_031,<=,2e-07,0.009455134101026452,0.02251818102164199,0.13403693931398417,27181,0.12804134104002676,257,26924,11156,173946,0.010696121927466143
elliptic_f_031,>=,5e-07,0.06069186605008601,0.9521598177516867,0.8372828197341564,179052,0.8434589675103518,10867,168185,546,32685,0.0746748650739877
elliptic_f_031,<=,5e-07,0.01643044145526767,0.04784018224831333,0.1627171802658436,33231,0.15654103248964826,546,32685,10867,168185,0.01891406915759646
elliptic_f_031,>=,1e-06,0.060699463067769556,0.916235871374748,0.8055857021954498,172275,0.8115346023939741,10457,161818,956,39052,0.07463815803561105
elliptic_f_031,<=,1e-06,0.023895220955808837,0.0837641286252519,0.19441429780455022,40008,0.18846539760602593,956,39052,10457,161818,0.027880661436612324
elliptic_f_031,>=,2e-06,0.060920669645340104,0.8637518619118549,0.7565042067008513,161817,0.7622701770749424,9858,151959,1555,48911,0.07483136753603034
elliptic_f_031,<=,2e-06,0.030812213921968812,0.1362481380881451,0.24350077164335143,50467,0.23773453361785918,1555,48912,9858,151958,0.03645425518447494
elliptic_f_031,>=,4.9999999999999996e-06,0.07189488266376887,0.7593971786559187,0.5569970627769204,120551,0.5678787279245159,8667,111884,2746,88986,0.08779073654270417
elliptic_f_031,<=,4.9999999999999996e-06,0.0299350281254088,0.2406028213440813,0.4430029372230796,91732,0.4321212720754841,2746,88986,8667,111884,0.036290013506334234
elliptic_f_031,>=,9.999999999999999e-06,0.0726740947075209,0.6857968982738982,0.49720217055807236,107700,0.5073416147312785,7827,99873,3586,100997,0.08849807671868534
elliptic_f_031,<=,9.999999999999999e-06,0.034288555501372116,0.31420310172610183,0.5027978294419276,104583,0.49265838526872147,3586,100997,7827,99873,0.04172241678204516
elliptic_f_031,>=,1e-05,0.0726740947075209,0.6857968982738982,0.49720217055807236,107700,0.5073416147312785,7827,99873,3586,100997,0.08849807671868534
elliptic_f_031,<=,1e-05,0.034288555501372116,0.31420310172610183,0.5027978294419276,104583,0.49265838526872147,3586,100997,7827,99873,0.04172241678204516
elliptic_f_031,>=,2e-05,0.07417277131051149,0.6023832471742749,0.42721162941205754,92689,0.4366294050866061,6875,85814,4538,115056,0.08994711763643833
elliptic_f_031,<=,2e-05,0.037945047410405205,0.39761675282572506,0.5727883705879424,119594,0.5633705949133939,4538,115056,6875,85814,0.04632607102241986
elliptic_f_031,>=,5e-05,0.07378830980623692,0.4818189783580128,0.3436302085926221,74524,0.3510596703457177,5499,69025,5914,131845,0.08883425037721035
elliptic_f_031,<=,5e-05,0.04292692840914865,0.5181810216419872,0.656419574849405,137769,0.6489874365822982,5914,131855,5499,69015,0.05256991692281982
elliptic_f_031,>=,0.0001,0.07977605416364414,0.3757995268553404,0.24629860108527904,53763,0.25326097709190093,4289,49474,7124,151396,0.0946945444108361
elliptic_f_031,<=,0.0001,0.044924223821486815,0.6251642863401384,0.7551550754219146,158823,0.748166362826981,7135,151688,4278,49182,0.05516425572710896
elliptic_f_031,>=,0.0002,0.06569584643389045,0.2087093665118724,0.16864638821128092,36258,0.17080029960006218,2382,33876,9031,166994,0.07612899101920803
elliptic_f_031,<=,0.0002,0.05282109441451659,0.8161745378077631,0.8315577239010306,176350,0.8307306755604547,9315,167035,2098,33835,0.06497510508319464
elliptic_f_031,>=,0.0005,0.04269588313413015,0.05633926224480855,0.07177278837058794,15060,0.07094303359195037,643,14417,10770,186453,0.04486902153433911
elliptic_f_031,<=,0.0005,0.05459225554080485,0.9440112152808201,0.9288594613431572,197354,0.929674067165058,10774,186580,639,14290,0.06726779374872788
elliptic_f_031,>=,0.001,0.031323283082077054,0.016384824323140278,0.028789764524319212,5970,0.028122836025494268,187,5783,11226,195087,0.02649250559601054
elliptic_f_031,<=,0.001,0.054477083959256066,0.9850170857793744,0.9713745208343705,206362,0.9721079879217837,11242,195120,171,5750,0.0671676658369789
elliptic_f_031,>=,0.002,0.019826964671953856,0.004819065977394199,0.01353611788719072,2774,0.013067461831611575,55,2719,11358,198151,0.01221733528810698
elliptic_f_031,<=,0.002,0.05421568861418037,0.995268553404013,0.9864887738338228,209515,0.986960802325198,11359,198156,54,2714,0.06685909970063793
elliptic_f_031,>=,0.005,0.024945770065075923,0.002015245772364847,0.00447553143824364,922,0.004343258763066284,23,899,11390,199971,0.007615389709290776
elliptic_f_031,<=,0.005,0.053888079332336636,0.9979847542276351,0.9955394035943645,211364,0.9956708733153384,11390,199974,23,896,0.06646290156371627
elliptic_f_031,>=,0.01,0.036057692307692304,0.001314290721107509,0.0019963160252899886,416,0.001959648205461577,15,401,11398,200469,0.005735260380821289
elliptic_f_031,<=,0.01,0.05379764759189684,0.9986857092788924,0.9980086623189127,211868,0.99804506248734,11398,200470,15,400,0.06635346990574989
elliptic_f_031,>=,0.1,0.0,0.0,1.4935032608154527e-05,3,1.413207840477099e-05,0,3,11413,200867,0.0
elliptic_f_031,<=,0.1,0.05376389674015451,1.0,0.9999850649673918,212280,0.9999858679215953,11413,200867,0,3,0.06631355218219406
elliptic_f_031,>=,0.2,0.0,0.0,4.978344202718176e-06,1,4.7106928015903295e-06,0,1,11413,200869,0.0
elliptic_f_031,<=,0.2,0.053763390207365674,1.0,0.9999950216557972,212282,0.9999952893071984,11413,200869,0,1,0.06631293569975166
elliptic_f_032,>=,0.0,0.053763136944550434,1.0,1.0,212283,1.0,11413,200870,0,0,0.06631262746282879
elliptic_f_032,<=,0.0,0.0,0.0,0.06306566436003386,12668,0.0596750564105463,0,12668,11413,188202,0.0
elliptic_f_032,>=,1e-12,0.0571750619943391,1.0,0.9369343356399662,199615,0.9403249435894537,11413,188202,0,12668,0.07046166497710135
elliptic_f_032,<=,1e-12,0.0,0.0,0.06306566436003386,12668,0.0596750564105463,0,12668,11413,188202,0.0
elliptic_f_032,>=,2e-12,0.0571750619943391,1.0,0.9369343356399662,199615,0.9403249435894537,11413,188202,0,12668,0.07046166497710135
elliptic_f_032,<=,2e-12,0.0,0.0,0.06306566436003386,12668,0.0596750564105463,0,12668,11413,188202,0.0
elliptic_f_032,>=,5e-12,0.0571750619943391,1.0,0.9369343356399662,199615,0.9403249435894537,11413,188202,0,12668,0.07046166497710135
elliptic_f_032,<=,5e-12,0.0,0.0,0.06306566436003386,12668,0.0596750564105463,0,12668,11413,188202,0.0
elliptic_f_032,>=,1e-11,0.057175348422455335,1.0,0.9369293572957634,199614,0.9403202328966521,11413,188201,0,12669,0.07046201299222467
elliptic_f_032,<=,1e-11,0.0,0.0,0.06307064270423657,12669,0.05967976710334789,0,12669,11413,188201,0.0
elliptic_f_032,>=,1e-09,0.05735867642328723,1.0,0.9337531736944292,198976,0.9373148108892375,11413,187563,0,13307,0.0706847496088897
elliptic_f_032,<=,1e-09,0.0,0.0,0.06624682630557077,13307,0.06268518911076253,0,13307,11413,187563,0.0
elliptic_f_032,>=,2e-09,0.05750288446520252,1.0,0.9312689799372729,198477,0.9349641751812439,11413,187064,0,13806,0.07085994280541548
elliptic_f_032,<=,2e-09,0.0,0.0,0.06873102006272713,13806,0.0650358248187561,0,13806,11413,187064,0.0
elliptic_f_032,>=,5e-09,0.05773005017805115,1.0,0.92738089311495,197696,0.9312851241032019,11413,186283,0,14587,0.07113589305370127
elliptic_f_032,<=,5e-09,0.0,0.0,0.07261910688505004,14587,0.06871487589679814,0,14587,11413,186283,0.0
elliptic_f_032,>=,1e-08,0.05791364715912551,0.9999123806185928,0.9241798177926022,197052,0.9282514379389777,11412,185640,1,15230,0.07135880623445358
elliptic_f_032,<=,1e-08,6.565557087518876e-05,8.761938140716727e-05,0.07582018220739782,15231,0.07174856206102231,1,15230,11412,185640,6.912092013768888e-05
elliptic_f_032,>=,1e-07,0.0589364660951867,0.9951809340226058,0.902862547916563,192716,0.907825873951282,11358,181358,55,19512,0.07259576850655203
elliptic_f_032,<=,1e-07,0.002810855010987888,0.004819065977394199,0.09713745208343705,19567,0.09217412604871798,55,19512,11358,181358,0.0030664243262229457
elliptic_f_032,>=,2e-07,0.05956220046610236,0.9920266362919478,0.8899537013989147,190087,0.8954414625759011,11322,178765,91,22105,0.07335172417367553
elliptic_f_032,<=,2e-07,0.004099837808614165,0.007973363708052222,0.11004629860108528,22196,0.10455853742409896,91,22105,11322,178765,0.004541054123376948
elliptic_f_032,>=,5e-07,0.06090034587116299,0.9873828090773679,0.8650918504505402,185040,0.8716665960062746,11269,173771,144,27099,0.07496943078050967
elliptic_f_032,<=,5e-07,0.005285761480013214,0.012617190922632086,0.13490814954945984,27243,0.12833340399372536,144,27099,11269,173771,0.005980811562902355
elliptic_f_032,>=,1e-06,0.0625201956611363,0.9832646981512311,0.8377159356797929,179494,0.8455410937286547,11222,168272,191,32598,0.07692740087936616
elliptic_f_032,<=,1e-06,0.005825124279483973,0.01673530184876895,0.1622840643202071,32789,0.15445890627134531,191,32598,11222,168272,0.006698510896478197
elliptic_f_032,>=,2e-06,0.06548842547858728,0.9798475422763515,0.7944441678697666,170763,0.8044120348779695,11183,159580,230,41290,0.08051521674958421
elliptic_f_032,<=,2e-06,0.005539499036608863,0.02015245772364847,0.20555583213023348,41520,0.1955879651220305,230,41290,11183,159580,0.006479128754373412
elliptic_f_032,>=,4.9999999999999996e-06,0.08462919802850266,0.9703846490843775,0.5963558520436103,130865,0.6164648134801185,11075,119790,338,81080,0.10352924899929516
elliptic_f_032,<=,4.9999999999999996e-06,0.004151416148763173,0.029615350915622535,0.4036441479563897,81418,0.3835351865198815,338,81080,11075,119790,0.005013572244389398
elliptic_f_032,>=,9.999999999999999e-06,0.09097081356557309,0.9509331464119863,0.5398964504405834,119302,0.5619950726153295,10853,108449,560,92421,0.11105744534107212
elliptic_f_032,<=,9.999999999999999e-06,0.0060227358277497554,0.049066853588013666,0.4601035495594165,92981,0.43800492738467045,560,92421,10853,108449,0.007304277959080391
elliptic_f_032,>=,1e-05,0.09097081356557309,0.9509331464119863,0.5398964504405834,119302,0.5619950726153295,10853,108449,560,92421,0.11105744534107212
elliptic_f_032,<=,1e-05,0.0060227358277497554,0.049066853588013666,0.4601035495594165,92981,0.43800492738467045,560,92421,10853,108449,0.007304277959080391
elliptic_f_032,>=,2e-05,0.09800499929255294,0.9103653728204679,0.4760541643849256,106015,0.4994040973605988,10390,95625,1023,105245,0.11929557056350222
elliptic_f_032,<=,2e-05,0.009626604434072346,0.0896346271795321,0.5239458356150745,106268,0.5005959026394011,1023,105245,10390,95625,0.011718615759991752
elliptic_f_032,>=,5e-05,0.10034133576060986,0.7727153246298081,0.3936426544531289,87890,0.4140227903317741,8819,79071,2594,121799,0.12148286511668913
elliptic_f_032,<=,5e-05,0.02085175479493899,0.2272846753701919,0.6064021506446956,124402,0.5860196059034403,2594,121808,8819,79062,0.025480284703381588
elliptic_f_032,>=,0.0001,0.11238850048216008,0.6535529659160606,0.293269278637925,66368,0.31263925985594704,7459,58909,3954,141961,0.13469490943893675
elliptic_f_032,<=,0.0001,0.027063571735879206,0.3472356085166039,0.7092646985612585,146433,0.6898008790152768,3963,142470,7450,58400,0.03318289527669159
elliptic_f_032,>=,0.0002,0.11157095681262598,0.4558836414614913,0.20625777866281675,46634,0.21967844810936343,5203,41431,6210,159439,0.13142274020075878
elliptic_f_032,<=,0.0002,0.0421347808595087,0.6148251993340927,0.7941454672176034,166537,0.7845046470984488,7017,159520,4396,41350,0.05178131563062219
elliptic_f_032,>=,0.0005,0.07758198727361723,0.13887671953036013,0.09381689650022403,20430,0.09623945393649044,1585,18845,9828,182025,0.08509336110723374
elliptic_f_032,<=,0.0005,0.051158652695545405,0.8615613773766757,0.9079155672823219,192206,0.9054234206224709,9833,182373,1580,18497,0.0630129050532082
elliptic_f_032,>=,0.001,0.08782650371435419,0.06422500657145361,0.037900134415293475,8346,0.03931544212207289,733,7613,10680,193257,0.08181351429783244
elliptic_f_032,<=,0.001,0.05245411551373472,0.9377902392009112,0.9625230248419375,204045,0.9611933127004989,10703,193342,710,7528,0.0646634275543655
elliptic_f_032,>=,0.002,0.04814121422840332,0.015771488653290106,0.01771792701747399,3739,0.017613280385146243,180,3559,11233,197311,0.034130987143994845
elliptic_f_032,<=,0.002,0.05386562841634861,0.9843161307281171,0.9823368347687559,208556,0.9824432479284728,11234,197322,179,3548,0.06642329983196099
elliptic_f_032,>=,0.005,0.037551020408163265,0.004030491544729694,0.005869467815004729,1225,0.005770598681948154,46,1179,11367,199691,0.014099184699319561
elliptic_f_032,<=,0.005,0.053856212866361546,0.9959695084552703,0.9941504455618061,211062,0.9942482440892582,11367,199695,46,1175,0.06642233314361645
elliptic_f_032,>=,0.01,0.036297640653357534,0.0017523876281433453,0.0026435007716433512,551,0.0025955917336762716,20,531,11393,200339,0.007343761474627304
elliptic_f_032,<=,0.01,0.053808334081130484,0.9982476123718567,0.9973614775725593,211733,0.9974091189591253,11393,200340,20,530,0.066366088227927
elliptic_f_032,>=,0.1,0.2,8.761938140716727e-05,1.9913376810872703e-05,5,2.355346400795165e-05,1,4,11412,200866,0.00043733053441791307
elliptic_f_032,<=,0.1,0.05375969247873072,0.9999123806185928,0.9999800866231892,212278,0.999976446535992,11412,200866,1,4,0.06630835826966096
elliptic_f_032,>=,0.2,0.0,0.0,4.978344202718176e-06,1,4.7106928015903295e-06,0,1,11413,200869,0.0
elliptic_f_032,<=,0.2,0.053763390207365674,1.0,0.9999950216557972,212282,0.9999952893071984,11413,200869,0,1,0.06631293569975166
elliptic_f_033,>=,0.0,0.053763136944550434,1.0,1.0,212283,1.0,11413,200870,0,0,0.06631262746282879
elliptic_f_033,<=,0.0,0.0,0.0,0.06306566436003386,12668,0.0596750564105463,0,12668,11413,188202,0.0
elliptic_f_033,>=,1e-12,0.0571750619943391,1.0,0.9369343356399662,199615,0.9403249435894537,11413,188202,0,12668,0.07046166497710135
elliptic_f_033,<=,1e-12,0.0,0.0,0.06306566436003386,12668,0.0596750564105463,0,12668,11413,188202,0.0
elliptic_f_033,>=,2e-12,0.0571750619943391,1.0,0.9369343356399662,199615,0.9403249435894537,11413,188202,0,12668,0.07046166497710135
elliptic_f_033,<=,2e-12,0.0,0.0,0.06306566436003386,12668,0.0596750564105463,0,12668,11413,188202,0.0
elliptic_f_033,>=,5e-12,0.057175348422455335,1.0,0.9369293572957634,199614,0.9403202328966521,11413,188201,0,12669,0.07046201299222467
elliptic_f_033,<=,5e-12,0.0,0.0,0.06307064270423657,12669,0.05967976710334789,0,12669,11413,188201,0.0
elliptic_f_033,>=,1e-11,0.05717592128729736,1.0,0.936919400607358,199612,0.9403108115110489,11413,188199,0,12671,0.07046270903278463
elliptic_f_033,<=,1e-11,0.0,0.0,0.063080599392642,12671,0.05968918848895107,0,12671,11413,188199,0.0
elliptic_f_033,>=,1e-09,0.05736098267058019,1.0,0.9337133469408075,198968,0.9372771253468247,11413,187555,0,13315,0.07068755148429613
elliptic_f_033,<=,1e-09,0.0,0.0,0.06628665305919251,13315,0.06272287465317525,0,13315,11413,187555,0.0
elliptic_f_033,>=,2e-09,0.05750607156893372,1.0,0.931214218151043,198466,0.9349123575604265,11413,187053,0,13817,0.07086381456318758
elliptic_f_033,<=,2e-09,0.0,0.0,0.06878578184895703,13817,0.06508764243957359,0,13817,11413,187053,0.0
elliptic_f_033,>=,5e-09,0.05773939614699693,1.0,0.927221586100463,197664,0.9311343819335509,11413,186251,0,14619,0.07114724543648988
elliptic_f_033,<=,5e-09,0.0,0.0,0.07277841389953701,14619,0.06886561806644903,0,14619,11413,186251,0.0
elliptic_f_033,>=,1e-08,0.057931286549707604,0.9999123806185928,0.9238811171404391,196992,0.9279687963708823,11412,185580,1,15290,0.07138023045331325
elliptic_f_033,<=,1e-08,6.539794650447976e-05,8.761938140716727e-05,0.07611888285956091,15291,0.07203120362911773,1,15290,11412,185580,6.889234881574052e-05
elliptic_f_033,>=,1e-07,0.0590020001558563,0.9950933146411987,0.9017175287499378,192485,0.9067377039141147,11357,181128,56,19742,0.07267521849919306
elliptic_f_033,<=,1e-07,0.0028285685422769977,0.004906685358801367,0.09828247125006223,19798,0.09326229608588535,56,19742,11357,181128,0.0030903371778599415
elliptic_f_033,>=,2e-07,0.059677104801260795,0.9920266362919478,0.8881316274207198,189721,0.893717349010519,11322,178399,91,22471,0.0734911339392468
elliptic_f_033,<=,2e-07,0.004033330378512543,0.007973363708052222,0.11186837257928013,22562,0.10628265098948102,91,22471,11322,178399,0.004475659299042897
elliptic_f_033,>=,5e-07,0.06101419438725756,0.9867694734075177,0.8628366605267088,184580,0.8694996773175431,11262,173318,151,27552,0.07510673799872755
elliptic_f_033,<=,5e-07,0.005450673212287478,0.013230526592482257,0.13716333947329118,27703,0.1305003226824569,151,27552,11262,173318,0.006177132337901411
elliptic_f_033,>=,1e-06,0.0626931740061145,0.9828266012441952,0.8348782794842435,178919,0.8428324453677403,11217,167702,196,33168,0.07713636157334247
elliptic_f_033,<=,1e-06,0.005874595372257523,0.017173398755804783,0.16512172051575646,33364,0.15716755463225976,196,33168,11217,167702,0.006764732275366021
elliptic_f_033,>=,2e-06,0.06591493780830324,0.9787961096994655,0.7880967790113008,169476,0.7983493732423228,11171,158305,242,42565,0.08102948280689436
elliptic_f_033,<=,2e-06,0.005653281005443035,0.02120389030053448,0.21190322098869915,42807,0.20165062675767725,242,42565,11171,158305,0.006625018478873856
elliptic_f_033,>=,4.9999999999999996e-06,0.08509177849760913,0.9667046350652765,0.590566037735849,129660,0.6107884286542021,11033,118627,380,82243,0.1040744982105563
elliptic_f_033,<=,4.9999999999999996e-06,0.004599203611585152,0.03329536493472356,0.40943396226415096,82623,0.3892115713457978,380,82243,11033,118627,0.005557099194220617
elliptic_f_033,>=,9.999999999999999e-06,0.09086044338741188,0.9372645229124682,0.5328471150495345,117730,0.5545898635312295,10697,107033,716,93837,0.11088812086255762
elliptic_f_033,<=,9.999999999999999e-06,0.007572472581515129,0.06273547708753176,0.4671528849504655,94553,0.4454101364687705,716,93837,10697,107033,0.009188322104587745
elliptic_f_033,>=,1e-05,0.09086044338741188,0.9372645229124682,0.5328471150495345,117730,0.5545898635312295,10697,107033,716,93837,0.11088812086255762
elliptic_f_033,<=,1e-05,0.007572472581515129,0.06273547708753176,0.4671528849504655,94553,0.4454101364687705,716,93837,10697,107033,0.009188322104587745
elliptic_f_033,>=,2e-05,0.09497593840230992,0.8646280557259266,0.4681236620699955,103900,0.4894409820852353,9868,94032,1545,106838,0.11554683346877027
elliptic_f_033,<=,2e-05,0.014254871567759078,0.13537194427407342,0.5318813162742072,108384,0.5105637286075663,1545,106839,9868,94031,0.01736154031136153
elliptic_f_033,>=,5e-05,0.09624019283486152,0.7136598615613774,0.3807786130333051,84632,0.3986753531841928,8145,76487,3268,124383,0.1163767606539388
elliptic_f_033,<=,5e-05,0.025598646436320625,0.2863401384386226,0.6192811270971275,127663,0.6013811751294262,3268,124395,8145,76475,0.031298784634097285
elliptic_f_033,>=,0.0001,0.10644893263453918,0.5837203189345483,0.2783989645044058,62584,0.2948139982947292,6662,55922,4751,144948,0.12725932095251558
elliptic_f_033,<=,0.0001,0.03171152910112884,0.4167177779724875,0.7229601234629363,149977,0.7064955743041129,4756,145221,6657,55649,0.038899367108278626
elliptic_f_033,>=,0.0002,0.08344279129749481,0.3061421186366424,0.19106387215612086,41873,0.19725083968099189,3494,38379,7919,162491,0.0976495905648249
elliptic_f_033,<=,0.0002,0.047784489375040276,0.7146236747568562,0.809115348235177,170683,0.8040351794538423,8156,162527,3257,38343,0.05874853236715672
elliptic_f_033,>=,0.0005,0.06490134994807892,0.09857180408306318,0.08069398118185891,17334,0.08165514902276678,1125,16209,10288,184661,0.06966030539077883
elliptic_f_033,<=,0.0005,0.05275406894784057,0.9016910540611583,0.9199183551550755,195075,0.9189383982702336,10291,184784,1122,16086,0.06499198573220347
elliptic_f_033,>=,0.001,0.047017849368741836,0.028388679575922195,0.032692786379250265,6891,0.032461384095758966,324,6567,11089,194303,0.04156297303537984
elliptic_f_033,<=,0.001,0.05405444872250427,0.9730132305265925,0.9674714989794394,205441,0.967769439851519,11105,194336,308,6534,0.06664250213340023
elliptic_f_033,>=,0.002,0.02448330683624801,0.00674669236835188,0.015273560013939364,3145,0.014815128861001588,77,3068,11336,197802,0.016046346851164923
elliptic_f_033,<=,0.002,0.054202148769024065,0.9932533076316481,0.9847513317070742,209143,0.9852084246030064,11336,197807,77,3063,0.066840804967069
elliptic_f_033,>=,0.005,0.02403846153846154,0.0021904845351791817,0.005053019365758949,1040,0.004899120513653943,25,1015,11388,199855,0.008026712900532973
elliptic_f_033,<=,0.005,0.05390871306438939,0.9978095154648208,0.9949619156668492,211246,0.9951150115647508,11388,199858,25,1012,0.06648785551560783
elliptic_f_033,>=,0.01,0.03648068669527897,0.0014895294839218434,0.002235276547020461,466,0.0021951828455410937,17,449,11396,200421,0.006402048655569782
elliptic_f_033,<=,0.01,0.05380090455013266,0.9985104705160781,0.9977697017971823,211818,0.9978095278472605,11396,200422,17,448,0.06635727886244665
elliptic_f_033,>=,0.1,0.0,0.0,1.4935032608154527e-05,3,1.413207840477099e-05,0,3,11413,200867,0.0
elliptic_f_033,<=,0.1,0.05376389674015451,1.0,0.9999850649673918,212280,0.9999858679215953,11413,200867,0,3,0.06631355218219406
elliptic_f_033,>=,0.2,0.0,0.0,4.978344202718176e-06,1,4.7106928015903295e-06,0,1,11413,200869,0.0
elliptic_f_033,<=,0.2,0.053763390207365674,1.0,0.9999950216557972,212282,0.9999952893071984,11413,200869,0,1,0.06631293569975166
elliptic_f_034,>=,0.0,0.053763136944550434,1.0,1.0,212283,1.0,11413,200870,0,0,0.06631262746282879
elliptic_f_034,<=,0.0,0.0,0.0,0.07045352715686763,14152,0.06666572452810635,0,14152,11413,186718,0.0
elliptic_f_034,>=,1e-12,0.057603302865276006,1.0,0.9295464728431324,198131,0.9333342754718936,11413,186718,0,14152,0.07098193017612077
elliptic_f_034,<=,1e-12,0.0,0.0,0.07045352715686763,14152,0.06666572452810635,0,14152,11413,186718,0.0
elliptic_f_034,>=,2e-12,0.057603302865276006,1.0,0.9295464728431324,198131,0.9333342754718936,11413,186718,0,14152,0.07098193017612077
elliptic_f_034,<=,2e-12,0.0,0.0,0.07045352715686763,14152,0.06666572452810635,0,14152,11413,186718,0.0
elliptic_f_034,>=,5e-12,0.05760359360016151,1.0,0.9295414944989296,198130,0.933329564779092,11413,186717,0,14153,0.0709822833494831
elliptic_f_034,<=,5e-12,0.0,0.0,0.07045850550107034,14153,0.06667043522090794,0,14153,11413,186717,0.0
elliptic_f_034,>=,1e-11,0.057604175078736976,1.0,0.9295315378105242,198128,0.9333201433934889,11413,186715,0,14155,0.07098298970675125
elliptic_f_034,<=,1e-11,0.0,0.0,0.07046846218947578,14155,0.06667985660651111,0,14155,11413,186715,0.0
elliptic_f_034,>=,1e-09,0.05779260894663817,1.0,0.9263155274555683,197482,0.9302770358436615,11413,186069,0,14801,0.07121188108433239
elliptic_f_034,<=,1e-09,0.0,0.0,0.07368447254443172,14801,0.06972296415633847,0,14801,11413,186069,0.0
elliptic_f_034,>=,2e-09,0.05794106896271627,1.0,0.9237964852889928,196976,0.9278934252860568,11413,185563,0,15307,0.07139220109168203
elliptic_f_034,<=,2e-09,0.0,0.0,0.07620351471100711,15307,0.07210657471394318,0,15307,11413,185563,0.0
elliptic_f_034,>=,5e-09,0.05817408900691687,1.0,0.9198685717130483,196187,0.9241766886656021,11413,184774,0,16096,0.0716752013725867
elliptic_f_034,<=,5e-09,0.0,0.0,0.08013142828695176,16096,0.07582331133439794,0,16096,11413,184774,0.0
elliptic_f_034,>=,1e-08,0.058365639352311205,0.9999123806185928,0.9165828645392542,195526,0.9210629207237508,11412,184114,1,16756,0.07190772220380912
elliptic_f_034,<=,1e-08,5.967655308229397e-05,8.761938140716727e-05,0.08341713546074575,16757,0.07893707927624916,1,16756,11412,184114,6.374217564793921e-05
elliptic_f_034,>=,1e-07,0.059396513842097556,0.9948304564969771,0.8951162443371334,191156,0.9004771931808011,11354,179802,59,21068,0.07315372849490424
elliptic_f_034,<=,1e-07,0.002792635016803143,0.0051695435030228686,0.10488375566286653,21127,0.0995228068191989,59,21068,11354,179802,0.0030754475036748993
elliptic_f_034,>=,2e-07,0.06007260298691235,0.9917637781477263,0.8816796933339971,188422,0.8875981590612532,11319,177103,94,23767,0.07397062610034492
elliptic_f_034,<=,2e-07,0.003939482838104019,0.008236221852273722,0.11832030666600289,23861,0.11240184093874686,94,23767,11319,177103,0.0043984016021411795
elliptic_f_034,>=,5e-07,0.061369339879978176,0.9856304214492245,0.8565290984218649,183300,0.8634699905315074,11249,172051,164,28819,0.07553588239797049
elliptic_f_034,<=,5e-07,0.0056584894593382324,0.014369578550775431,0.1434709015781351,28983,0.13653000946849253,164,28819,11249,172051,0.006439200596803958
elliptic_f_034,>=,1e-06,0.0630726002173558,0.9814246911416805,0.8283367352018719,177589,0.8365672239416251,11201,166388,212,34482,0.07759407788364421
elliptic_f_034,<=,1e-06,0.006110566668588229,0.01857530885831946,0.17166326479812813,34694,0.16343277605837492,212,34482,11201,166388,0.007057773871588465
elliptic_f_034,>=,2e-06,0.06631691024703035,0.9768684833085078,0.7814407328122667,168117,0.7919475417249615,11149,156968,264,43902,0.08151271931812698
elliptic_f_034,<=,2e-06,0.005977313378766952,0.023131516691492156,0.21856424553193607,44167,0.2080571689678401,264,43903,11149,156967,0.007018252774070746
elliptic_f_034,>=,4.9999999999999996e-06,0.08569535907727079,0.9634627179532113,0.5840543635186937,128315,0.6044525468360632,10996,117319,417,83551,0.10478907814962843
elliptic_f_034,<=,4.9999999999999996e-06,0.004966177591463414,0.03653728204678875,0.41594563648130634,83968,0.3955474531639368,417,83551,10996,117319,0.006003714528413263
elliptic_f_034,>=,9.999999999999999e-06,0.09138802371575416,0.9332340313677385,0.527186737691044,116547,0.5490171139469482,10651,105896,762,94974,0.1115052104162261
elliptic_f_034,<=,9.999999999999999e-06,0.007959388317874154,0.06676596863226146,0.47281326230895604,95736,0.4509828860530518,762,94974,10651,105896,0.009661296743813347
elliptic_f_034,>=,1e-05,0.09138802371575416,0.9332340313677385,0.527186737691044,116547,0.5490171139469482,10651,105896,762,94974,0.1115052104162261
elliptic_f_034,<=,1e-05,0.007959388317874154,0.06676596863226146,0.47281326230895604,95736,0.4509828860530518,762,94974,10651,105896,0.009661296743813347
elliptic_f_034,>=,2e-05,0.09537847830317182,0.8589327959344607,0.46287150893612783,102780,0.4841650061474541,9803,92977,1610,107893,0.11600277374784929
elliptic_f_034,<=,2e-05,0.014702793530770846,0.1410672040655393,0.5371284910638722,109503,0.5158349938525459,1610,107893,9803,92977,0.017911776158424653
elliptic_f_034,>=,5e-05,0.0962455872531247,0.7070884079558398,0.37724896699357796,83848,0.394982170027746,8070,75778,3343,125092,0.11634780352071049
elliptic_f_034,<=,5e-05,0.02602629878471276,0.2929115920441602,0.6228107731368547,128447,0.6050743582858731,3343,125104,8070,75766,0.031825910460947335
elliptic_f_034,>=,0.0001,0.1067130636508627,0.580390782441076,0.27604420769652016,62073,0.29240683427311653,6624,55449,4789,145421,0.12752931210411814
elliptic_f_034,<=,0.0001,0.031868752283218754,0.42039779199158855,0.7256285159555932,150555,0.7092183547434321,4798,145757,6615,55113,0.03909502911349292
elliptic_f_034,>=,0.0002,0.08243253003346414,0.30000876193814074,0.18973963259819784,41537,0.19566804689965753,3424,38113,7989,162757,0.09641756917341082
elliptic_f_034,<=,0.0002,0.04814134870613548,0.7214579865066153,0.8104943495793299,171038,0.8057074753984068,8234,162804,3179,38066,0.05918929215817357
elliptic_f_034,>=,0.0005,0.06399208105275417,0.09629370016647683,0.08002688305869468,17174,0.08090143817451233,1099,16075,10314,184795,0.06859404061965572
elliptic_f_034,<=,0.0005,0.05284238454013245,0.9039691579777447,0.920615323343456,195241,0.9197203732752977,10317,184924,1096,15946,0.0651015867446935
elliptic_f_034,>=,0.001,0.046975924838520255,0.028038202050293524,0.0323194105640464,6812,0.03208923936443333,320,6492,11093,194378,0.04138537544295284
elliptic_f_034,<=,0.001,0.054053133514986376,0.9733637080522212,0.9678448747946433,205520,0.9681415845828446,11109,194411,304,6459,0.06664123154003693
elliptic_f_034,>=,0.002,0.02442159383033419,0.006659072986944712,0.015114252999452382,3112,0.014659675998549107,76,3036,11337,197834,0.01592556891999497
elliptic_f_034,<=,0.002,0.05419837839905152,0.9933409270130553,0.9849106387215613,209176,0.9853638774654588,11337,197839,76,3031,0.06683629735048348
elliptic_f_034,>=,0.005,0.024437927663734114,0.0021904845351791817,0.004968387514312739,1023,0.004819038736026907,25,998,11388,199872,0.008061915511125443
elliptic_f_034,<=,0.005,0.05390437511537752,0.9978095154648208,0.9950465475182955,211263,0.9951950933423779,11388,199875,25,995,0.06648257663769097
elliptic_f_034,>=,0.01,0.0368763557483731,0.0014895294839218434,0.0022103848260068702,461,0.002171629381533142,17,444,11396,200426,0.006411707022704986
elliptic_f_034,<=,0.01,0.05379963460058634,0.9985104705160781,0.9977945935181959,211823,0.9978330813112685,11396,200427,17,443,0.06635573334264969
elliptic_f_034,>=,0.1,0.0,0.0,1.4935032608154527e-05,3,1.413207840477099e-05,0,3,11413,200867,0.0
elliptic_f_034,<=,0.1,0.05376389674015451,1.0,0.9999850649673918,212280,0.9999858679215953,11413,200867,0,3,0.06631355218219406
elliptic_f_034,>=,0.2,0.0,0.0,4.978344202718176e-06,1,4.7106928015903295e-06,0,1,11413,200869,0.0
elliptic_f_034,<=,0.2,0.053763390207365674,1.0,0.9999950216557972,212282,0.9999952893071984,11413,200869,0,1,0.06631293569975166
elliptic_f_035,>=,0.0,0.053763136944550434,1.0,1.0,212283,1.0,11413,200870,0,0,0.06631262746282879
elliptic_f_035,<=,0.0,0.023605969458583988,0.3575746955226496,0.8403395230746253,172880,0.8143845715389363,4081,168799,7332,32071,0.029028371124986307
elliptic_f_035,>=,1.0,0.186077202243484,0.6424253044773504,0.15966047692537463,39403,0.18561542846106377,7332,32071,4081,168799,0.21689099245673718
elliptic_f_035,<=,1.0,0.03999716718510811,0.643301498291422,0.8772887937471997,183563,0.8647089027383257,7342,176221,4071,24649,0.04923122313639503
elliptic_f_035,>=,2.0,0.14174791086350974,0.3566985017085779,0.12271120625280031,28720,0.13529109726167426,4071,24649,7342,176221,0.16117282826443272
elliptic_f_035,<=,2.0,0.045185708411963774,0.7510733374222378,0.9017473988151541,189706,0.8936466886184952,8572,181134,2841,19736,0.05564521050014476
elliptic_f_035,>=,3.0,0.12583602781591885,0.2489266625777622,0.09825260118484593,22577,0.10635331138150488,2841,19736,8572,181134,0.13964668062641933
elliptic_f_035,<=,3.0,0.0494136488092163,0.8380793831595549,0.916040225021158,193570,0.9118488056038402,9565,184005,1848,16865,0.060869830837235406
elliptic_f_035,>=,5.0,0.08048914035407921,0.11592044160168229,0.0752426942798825,16437,0.07742965757974025,1323,15114,10090,185756,0.08572983761226527
elliptic_f_035,<=,5.0,0.053004017531044556,0.9155349163234907,0.9293921441728481,197136,0.9286471361343113,10449,186687,964,14183,0.06530976039962148
elliptic_f_035,>=,10.0,0.024041639127561135,0.025497239989485675,0.058809180066709814,12104,0.057018225670449355,291,11813,11122,189057,0.024319310033595748
elliptic_f_035,<=,10.0,0.05571420013179703,0.9778322965039867,0.9416438492557375,200308,0.9435894537009558,11160,189148,253,11722,0.0686646690744421
elliptic_f_035,>=,20.0,0.017325895875591617,0.017961973188469288,0.057883208045004235,11832,0.05573691722841678,205,11627,11208,189243,0.017449481622716673
elliptic_f_035,<=,20.0,0.05591391412365117,0.9820380268115307,0.9421167919549958,200451,0.9442630827715832,11208,189243,205,11627,0.0689114959475761
elliptic_f_035,>=,50.0,0.017325895875591617,0.017961973188469288,0.057883208045004235,11832,0.05573691722841678,205,11627,11208,189243,0.017449481622716673
elliptic_f_035,<=,50.0,0.05591391412365117,0.9820380268115307,0.9421167919549958,200451,0.9442630827715832,11208,189243,205,11627,0.0689114959475761
elliptic_f_035,>=,100.0,0.017325895875591617,0.017961973188469288,0.057883208045004235,11832,0.05573691722841678,205,11627,11208,189243,0.017449481622716673
elliptic_f_035,<=,100.0,0.05591391412365117,0.9820380268115307,0.9421167919549958,200451,0.9442630827715832,11208,189243,205,11627,0.0689114959475761
elliptic_f_035,>=,200.0,0.017325895875591617,0.017961973188469288,0.057883208045004235,11832,0.05573691722841678,205,11627,11208,189243,0.017449481622716673
elliptic_f_035,<=,200.0,0.05591391412365117,0.9820380268115307,0.9421167919549958,200451,0.9442630827715832,11208,189243,205,11627,0.0689114959475761
elliptic_f_035,>=,500.0,0.017325895875591617,0.017961973188469288,0.057883208045004235,11832,0.05573691722841678,205,11627,11208,189243,0.017449481622716673
elliptic_f_035,<=,500.0,0.05591391412365117,0.9820380268115307,0.9421167919549958,200451,0.9442630827715832,11208,189243,205,11627,0.0689114959475761
elliptic_f_035,>=,1000.0,0.017325895875591617,0.017961973188469288,0.057883208045004235,11832,0.05573691722841678,205,11627,11208,189243,0.017449481622716673
elliptic_f_035,<=,1000.0,0.05591391412365117,0.9820380268115307,0.9421167919549958,200451,0.9442630827715832,11208,189243,205,11627,0.0689114959475761
elliptic_f_035,>=,2000.0,0.017325895875591617,0.017961973188469288,0.057883208045004235,11832,0.05573691722841678,205,11627,11208,189243,0.017449481622716673
elliptic_f_035,<=,2000.0,0.05591391412365117,0.9820380268115307,0.9421167919549958,200451,0.9442630827715832,11208,189243,205,11627,0.0689114959475761
elliptic_f_035,>=,5000.0,0.014847512038523275,0.012967668448260755,0.04888734007069249,9968,0.046956185846252406,148,9820,11265,191050,0.014429170322706445
elliptic_f_035,<=,5000.0,0.05568049823295356,0.9870323315517392,0.9511126599293075,202315,0.9530438141537476,11265,191050,148,9820,0.0686326953610025
elliptic_f_035,>=,10000.0,0.01302477032213048,0.009813370717602734,0.04225120724846916,8599,0.040507247400875246,112,8487,11301,192383,0.01222467200768408
elliptic_f_035,<=,10000.0,0.05548300308320732,0.9901866292823973,0.9577487927515308,203684,0.9594927525991247,11301,192383,112,8487,0.06839565260019681
elliptic_f_035,>=,20000.0,0.014321176245942334,0.006571453605537545,0.025698212774431226,5237,0.024669898201928556,75,5162,11338,195708,0.011588022619820153
elliptic_f_035,<=,20000.0,0.05476077779817046,0.9934285463944624,0.9743017872255688,207046,0.9753301017980714,11338,195708,75,5162,0.06752048899650666
elliptic_f_035,>=,50000.0,0.01145311381531854,0.0014019101025146764,0.006875093343953801,1397,0.0065808378438216904,16,1381,11397,199489,0.004705605552614552
elliptic_f_035,<=,50000.0,0.054043416822359,0.9985980898974853,0.9931249066560462,210886,0.9934191621561783,11397,199489,16,1381,0.06665247491979129
elliptic_f_036,>=,0.0,0.053763136944550434,1.0,1.0,212283,1.0,11413,200870,0,0,0.06631262746282879
elliptic_f_036,<=,0.0,0.02572290628498048,0.3966529396302462,0.8536068103748693,175991,0.8290395368446838,4527,171464,6886,29406,0.03164065940056781
elliptic_f_036,>=,1.0,0.18973878540725228,0.6033470603697538,0.14639318962513068,36292,0.17096046315531624,6886,29406,4527,171464,0.2198861930885612
elliptic_f_036,<=,1.0,0.04126563618300877,0.6769473407517743,0.8936127843879126,187226,0.8819641704705511,7726,179500,3687,21370,0.0508077551863236
elliptic_f_036,>=,2.0,0.14714451051602348,0.3230526592482257,0.10638721561208742,25057,0.1180358295294489,3687,21370,7726,179500,0.1651275069195009
elliptic_f_036,<=,2.0,0.04574509247555911,0.7769210549373522,0.9208343704883756,193835,0.9130971391962616,8867,184968,2546,15902,0.05635186646889176
elliptic_f_036,>=,3.0,0.13800954032957502,0.22307894506264786,0.07916562951162444,18448,0.08690286080373841,2546,15902,8867,184968,0.14940437767736636
elliptic_f_036,<=,3.0,0.04952772946078233,0.8582318408832034,0.9357942948175437,197768,0.9316242939849163,9795,187973,1618,12897,0.0610291781154788
elliptic_f_036,>=,5.0,0.09319755600814664,0.10023657232979935,0.05541394932045601,12275,0.0578237541395213,1144,11131,10269,189739,0.09452514335762563
elliptic_f_036,<=,5.0,0.052607786349794586,0.9278892491019013,0.9494250012445861,201301,0.948267171652935,10590,190711,823,10159,0.06484067806572726
elliptic_f_036,>=,10.0,0.02526446795270691,0.017786734425654954,0.03899039179568876,8035,0.0378504166607783,203,7832,11210,193038,0.02330493881018529
elliptic_f_036,<=,10.0,0.05503087718611457,0.9853675633050031,0.9613780056753124,204358,0.9626677595473966,11246,193112,167,7758,0.06784139374671984
elliptic_f_036,>=,20.0,0.015605014070094653,0.010689564531674406,0.03831333698411908,7818,0.0368281963228332,122,7696,11291,193174,0.014290734450040999
elliptic_f_036,<=,20.0,0.05522216516274179,0.9893104354683256,0.9616866630158809,204465,0.9631718036771668,11291,193174,122,7696,0.06807770179422216
elliptic_f_036,>=,50.0,0.015605014070094653,0.010689564531674406,0.03831333698411908,7818,0.0368281963228332,122,7696,11291,193174,0.014290734450040999
elliptic_f_036,<=,50.0,0.05522216516274179,0.9893104354683256,0.9616866630158809,204465,0.9631718036771668,11291,193174,122,7696,0.06807770179422216
elliptic_f_036,>=,100.0,0.015605014070094653,0.010689564531674406,0.03831333698411908,7818,0.0368281963228332,122,7696,11291,193174,0.014290734450040999
elliptic_f_036,<=,100.0,0.05522216516274179,0.9893104354683256,0.9616866630158809,204465,0.9631718036771668,11291,193174,122,7696,0.06807770179422216
elliptic_f_036,>=,200.0,0.015605014070094653,0.010689564531674406,0.03831333698411908,7818,0.0368281963228332,122,7696,11291,193174,0.014290734450040999
elliptic_f_036,<=,200.0,0.05522216516274179,0.9893104354683256,0.9616866630158809,204465,0.9631718036771668,11291,193174,122,7696,0.06807770179422216
elliptic_f_036,>=,500.0,0.015605014070094653,0.010689564531674406,0.03831333698411908,7818,0.0368281963228332,122,7696,11291,193174,0.014290734450040999
elliptic_f_036,<=,500.0,0.05522216516274179,0.9893104354683256,0.9616866630158809,204465,0.9631718036771668,11291,193174,122,7696,0.06807770179422216
elliptic_f_036,>=,1000.0,0.015605014070094653,0.010689564531674406,0.03831333698411908,7818,0.0368281963228332,122,7696,11291,193174,0.014290734450040999
elliptic_f_036,<=,1000.0,0.05522216516274179,0.9893104354683256,0.9616866630158809,204465,0.9631718036771668,11291,193174,122,7696,0.06807770179422216
elliptic_f_036,>=,10000.0,0.00957166786312515,0.0035047752562866906,0.02060536665505053,4179,0.019685985217845987,40,4139,11373,196731,0.007110099896903551
elliptic_f_036,<=,10000.0,0.054650559335716754,0.9964952247437133,0.9793946333449495,208104,0.980314014782154,11373,196731,40,4139,0.06738924592541853
elliptic_f_036,>=,20000.0,0.013605442176870748,0.0017523876281433453,0.007218599093941355,1470,0.006924718418337785,20,1450,11393,199420,0.005782686636211184
elliptic_f_036,<=,20000.0,0.054043156731321124,0.9982476123718567,0.9927814009060586,210813,0.9930752815816623,11393,199420,20,1450,0.06665184604494158
elliptic_f_036,>=,50000.0,0.032,0.0003504775256286691,0.0006023796485288993,125,0.0005888366001987912,4,121,11409,200749,0.001678838243935197
elliptic_f_036,<=,50000.0,0.05377595942646518,0.9996495224743713,0.9993976203514711,212158,0.9994111633998012,11409,200749,4,121,0.06632792470161444
elliptic_f_037,>=,0.0,0.053763136944550434,1.0,1.0,212283,1.0,11413,200870,0,0,0.06631262746282879
elliptic_f_037,<=,0.0,0.023605969458583988,0.3575746955226496,0.8403395230746253,172880,0.8143845715389363,4081,168799,7332,32071,0.029028371124986307
elliptic_f_037,>=,1.0,0.186077202243484,0.6424253044773504,0.15966047692537463,39403,0.18561542846106377,7332,32071,4081,168799,0.21689099245673718
elliptic_f_037,<=,1.0,0.04022553731107713,0.6475948479803733,0.8779210434609449,183739,0.8655379846714056,7391,176348,4022,24522,0.04951304247630864
elliptic_f_037,>=,2.0,0.14090526905829595,0.35240515201962674,0.12207895653905511,28544,0.13446201532859436,4022,24522,7391,176348,0.1601254886972585
elliptic_f_037,<=,2.0,0.04559710367618426,0.7592219398931044,0.9029173097027928,190034,0.8951917958574167,8665,181369,2748,19501,0.05615327088752626
elliptic_f_037,>=,3.0,0.12351116904130523,0.24077806010689565,0.09708269029720715,22249,0.10480820414258325,2748,19501,8665,181369,0.1368403230786085
elliptic_f_037,<=,3.0,0.04971922713982953,0.8448260755279068,0.9174441180863245,193929,0.913539944319611,9642,184287,1771,16583,0.06124790218629983
elliptic_f_037,>=,5.0,0.078743091349438,0.1111013756242881,0.07385373624732414,16103,0.07585628618400908,1268,14835,10145,186035,0.08361358391031981
elliptic_f_037,<=,5.0,0.053103172311791194,0.9186015946727416,0.9306666002887439,197427,0.930017947739574,10484,186943,929,13927,0.06543331157215951
elliptic_f_037,>=,10.0,0.023416092335796727,0.02470866555682117,0.05855030616816847,12043,0.056730873409552345,282,11761,11131,189109,0.023663673743391792
elliptic_f_037,<=,10.0,0.05572359817515698,0.9781827740296154,0.9418131129586299,200346,0.9437684600274162,11164,189182,249,11688,0.06867643458329693
elliptic_f_037,>=,20.0,0.017325895875591617,0.017961973188469288,0.057883208045004235,11832,0.05573691722841678,205,11627,11208,189243,0.017449481622716673
elliptic_f_037,<=,20.0,0.05591391412365117,0.9820380268115307,0.9421167919549958,200451,0.9442630827715832,11208,189243,205,11627,0.0689114959475761
elliptic_f_037,>=,50.0,0.017325895875591617,0.017961973188469288,0.057883208045004235,11832,0.05573691722841678,205,11627,11208,189243,0.017449481622716673
elliptic_f_037,<=,50.0,0.05591391412365117,0.9820380268115307,0.9421167919549958,200451,0.9442630827715832,11208,189243,205,11627,0.0689114959475761
elliptic_f_037,>=,100.0,0.017325895875591617,0.017961973188469288,0.057883208045004235,11832,0.05573691722841678,205,11627,11208,189243,0.017449481622716673
elliptic_f_037,<=,100.0,0.05591391412365117,0.9820380268115307,0.9421167919549958,200451,0.9442630827715832,11208,189243,205,11627,0.0689114959475761
elliptic_f_037,>=,200.0,0.017325895875591617,0.017961973188469288,0.057883208045004235,11832,0.05573691722841678,205,11627,11208,189243,0.017449481622716673
elliptic_f_037,<=,200.0,0.05591391412365117,0.9820380268115307,0.9421167919549958,200451,0.9442630827715832,11208,189243,205,11627,0.0689114959475761
elliptic_f_037,>=,500.0,0.017325895875591617,0.017961973188469288,0.057883208045004235,11832,0.05573691722841678,205,11627,11208,189243,0.017449481622716673
elliptic_f_037,<=,500.0,0.05591391412365117,0.9820380268115307,0.9421167919549958,200451,0.9442630827715832,11208,189243,205,11627,0.0689114959475761
elliptic_f_037,>=,1000.0,0.017325895875591617,0.017961973188469288,0.057883208045004235,11832,0.05573691722841678,205,11627,11208,189243,0.017449481622716673
elliptic_f_037,<=,1000.0,0.05591391412365117,0.9820380268115307,0.9421167919549958,200451,0.9442630827715832,11208,189243,205,11627,0.0689114959475761
elliptic_f_037,>=,2000.0,0.017325895875591617,0.017961973188469288,0.057883208045004235,11832,0.05573691722841678,205,11627,11208,189243,0.017449481622716673
elliptic_f_037,<=,2000.0,0.05591391412365117,0.9820380268115307,0.9421167919549958,200451,0.9442630827715832,11208,189243,205,11627,0.0689114959475761
elliptic_f_037,>=,5000.0,0.014214641080312722,0.012266713397003417,0.04833474386419077,9849,0.04639561340286316,140,9709,11273,191161,0.013777086736601784
elliptic_f_037,<=,5000.0,0.055687285732633846,0.9877332866029965,0.9516652561358092,202434,0.9536043865971369,11273,191161,140,9709,0.06864162289669719
elliptic_f_037,>=,10000.0,0.012600504020160807,0.009200035047752563,0.04096181609996515,8333,0.03925420311565222,105,8228,11308,192642,0.011733154542406973
elliptic_f_037,<=,10000.0,0.05544496200049032,0.9907999649522474,0.9590381839000348,203950,0.9607457968843478,11308,192642,105,8228,0.06834998966408894
elliptic_f_037,>=,20000.0,0.013407304669440592,0.005081924121615702,0.021247573057201177,4326,0.020378457059679767,58,4268,11355,196602,0.01009854789845736
elliptic_f_037,<=,20000.0,0.05460263419841602,0.9949180758783843,0.9787524269427988,207957,0.9796215429403202,11355,196602,58,4268,0.06732950603682696
elliptic_f_037,>=,50000.0,0.0211864406779661,0.0004380969070358363,0.0011499975108278987,236,0.0011117235011753178,5,231,11408,200639,0.0020231447762401877
elliptic_f_037,<=,50000.0,0.05379939353067952,0.9995619030929641,0.9988500024891721,212047,0.9988882764988247,11408,200639,5,231,0.06635636766360206
elliptic_f_038,>=,0.0,0.053763136944550434,1.0,1.0,212283,1.0,11413,200870,0,0,0.06631262746282879
elliptic_f_038,<=,0.0,0.023605969458583988,0.3575746955226496,0.8403395230746253,172880,0.8143845715389363,4081,168799,7332,32071,0.029028371124986307
elliptic_f_038,>=,0.01,0.186077202243484,0.6424253044773504,0.15966047692537463,39403,0.18561542846106377,7332,32071,4081,168799,0.21689099245673718
elliptic_f_038,<=,0.01,0.023605969458583988,0.3575746955226496,0.8403395230746253,172880,0.8143845715389363,4081,168799,7332,32071,0.029028371124986307
elliptic_f_038,>=,0.02,0.18605654535302776,0.6423376850959432,0.15966047692537463,39402,0.18561071776826218,7331,32071,4082,168799,0.21686654321060697
elliptic_f_038,<=,0.02,0.02361726495528742,0.3577499342854639,0.8403395230746253,172882,0.8143939929245394,4083,168799,7330,32071,0.029042266705171557
elliptic_f_038,>=,0.05,0.1859166370513276,0.641724349426093,0.1596554985811719,39394,0.18557303222584945,7324,32070,4089,168800,0.21670049529851054
elliptic_f_038,<=,0.05,0.023656523474327756,0.3583632699553141,0.8403494797630309,172891,0.8144363891597537,4090,168801,7323,32069,0.029090567685713758
elliptic_f_038,>=,0.1,0.1856903383114904,0.6405852974677999,0.15961069348334744,39372,0.18546939698421447,7311,32061,4102,168809,0.2164285587415113
elliptic_f_038,<=,0.1,0.023728695933793294,0.3595023219136073,0.8403942848608553,172913,0.8145400244013887,4103,168810,7310,32060,0.029179378862551827
elliptic_f_038,>=,0.2,0.18501743046896868,0.6370805222115132,0.15944640812465774,39299,0.18512551640969838,7271,32028,4142,168842,0.21561719718401745
elliptic_f_038,<=,0.2,0.024008785111547797,0.3639709103653728,0.8406730721362075,173020,0.8150440685311588,4154,168866,7259,32004,0.029524103295981624
elliptic_f_038,>=,0.5,0.18408904390644235,0.6289319197406467,0.15838104246527604,38992,0.18367933371961015,7178,31814,4235,169056,0.21442099162987435
elliptic_f_038,<=,0.5,0.024729547575432897,0.37615000438096907,0.8428585652412007,173598,0.8177668489704781,4293,169305,7120,31565,0.030412082657391207
elliptic_f_038,>=,1.0,0.1830488216800478,0.6172785420134934,0.15652909842186488,38487,0.181300433854807,7045,31442,4368,169428,0.2130187891945501
elliptic_f_038,<=,1.0,0.04106629024377002,0.6627530009638132,0.8793050231493006,184190,0.8676625071249229,7564,176626,3849,24244,0.05054980599406822
elliptic_f_038,>=,2.0,0.13634235077987103,0.3316393586261281,0.11936078060437098,27761,0.13077354286494916,3785,23976,7628,176894,0.1545440440317826
elliptic_f_038,<=,2.0,0.04605297693414104,0.7686848330850784,0.9046896002389605,190498,0.8973775573173547,8773,181725,2640,19145,0.056716726682656565
elliptic_f_038,>=,5.0,0.07676767676767676,0.10654516779111539,0.07280330562055061,15840,0.07461737397719083,1216,14624,10197,186246,0.08131277332727053
elliptic_f_038,<=,5.0,0.05322993753733081,0.921405414877771,0.931159456364813,197558,0.9306350484965824,10516,187042,897,13828,0.06559013029458177
elliptic_f_038,>=,10.0,0.023099293726630662,0.0243581880311925,0.05853039279135759,12035,0.05669318786713962,278,11757,11135,189113,0.023340553792420195
elliptic_f_038,<=,10.0,0.055737459445969556,0.9784456321738368,0.9418180913028327,200350,0.9437873027986226,11167,189183,246,11687,0.06869353713584797
elliptic_f_038,>=,1000.0,0.017198167833376545,0.017436256900026287,0.0566137302733111,11571,0.05450742640720171,199,11372,11214,189498,0.017245264051857116
elliptic_f_038,<=,1000.0,0.05587109888795887,0.9825637430999737,0.9433862697266889,200712,0.9454925735927983,11214,189498,199,11372,0.06885998469778118
elliptic_f_038,>=,2000.0,0.015719899964272956,0.015421011127661439,0.0548613531139543,11196,0.052740916606605334,176,11020,11237,189850,0.015659198889620442
elliptic_f_038,<=,2000.0,0.05588128521485725,0.9845789888723385,0.9451386468860457,201087,0.9472590833933947,11237,189850,176,11020,0.06887433942049204
elliptic_f_038,>=,5000.0,0.012158393753485777,0.009550512573381232,0.044088216259272166,8965,0.042231360966257306,109,8856,11304,192014,0.011528779641655914
elliptic_f_038,<=,5000.0,0.05559763523150926,0.9904494874266188,0.9559117837407278,203318,0.9577686390337427,11304,192014,109,8856,0.06853525891704106
elliptic_f_038,>=,10000.0,0.010626308162936726,0.005782879172873039,0.03059192512570319,6211,0.02925811299067754,66,6145,11347,194725,0.009101690708001214
elliptic_f_038,<=,10000.0,0.05506327885399278,0.994217120827127,0.9694080748742968,206072,0.9707418870093225,11347,194725,66,6145,0.0678891134508634
elliptic_f_038,>=,20000.0,0.012800819252432157,0.0021904845351791817,0.009598247622840643,1953,0.009199983041505913,25,1928,11388,198942,0.006501950585175552
elliptic_f_038,<=,20000.0,0.05414348880330908,0.9978095154648208,0.9904017523771593,210330,0.9908000169584941,11388,198942,25,1928,0.06677353872783157
elliptic_f_038,>=,50000.0,0.032,0.0003504775256286691,0.0006023796485288993,125,0.0005888366001987912,4,121,11409,200749,0.001678838243935197
elliptic_f_038,<=,50000.0,0.05377595942646518,0.9996495224743713,0.9993976203514711,212158,0.9994111633998012,11409,200749,4,121,0.06632792470161444
elliptic_f_039,>=,0.0,0.053763136944550434,1.0,1.0,212283,1.0,11413,200870,0,0,0.06631262746282879
elliptic_f_039,<=,0.0,0.024903211703186393,0.3793043021116271,0.8438492557375417,173833,0.8188738617788518,4329,169504,7084,31366,0.03062632208222202
elliptic_f_039,>=,0.1,0.18423927178153446,0.6206956978883729,0.1561507442624583,38450,0.18112613822114818,7084,31366,4329,169504,0.2143899087844177
elliptic_f_039,<=,0.1,0.024903211703186393,0.3793043021116271,0.8438492557375417,173833,0.8188738617788518,4329,169504,7084,31366,0.03062632208222202
elliptic_f_039,>=,0.2,0.18423927178153446,0.6206956978883729,0.1561507442624583,38450,0.18112613822114818,7084,31366,4329,169504,0.2143899087844177
elliptic_f_039,<=,0.2,0.024903211703186393,0.3793043021116271,0.8438492557375417,173833,0.8188738617788518,4329,169504,7084,31366,0.03062632208222202
elliptic_f_039,>=,0.5,0.18423927178153446,0.6206956978883729,0.1561507442624583,38450,0.18112613822114818,7084,31366,4329,169504,0.2143899087844177
elliptic_f_039,<=,0.5,0.025209794625124845,0.38482432314027865,0.845452282570817,174218,0.820687478507464,4392,169826,7021,31044,0.031004468540206272
elliptic_f_039,>=,1.0,0.18444765532641536,0.6151756768597214,0.15454771742918305,38065,0.1793125214925359,7021,31044,4392,169826,0.21448253529904138
elliptic_f_039,<=,1.0,0.04119844114006497,0.6678349250854289,0.8830835863991636,185007,0.8715111431438222,7622,177385,3791,23485,0.05071589120103907
elliptic_f_039,>=,2.0,0.1389729211244743,0.3300622097607991,0.1161895753472395,27106,0.12768803907990747,3767,23339,7646,177531,0.1571718250623764
elliptic_f_039,<=,2.0,0.045991909604992214,0.771050556383072,0.9087369940757704,191338,0.9013345392706905,8800,182538,2613,18332,0.05664518869928485
elliptic_f_039,>=,5.0,0.08024024834660548,0.10417944449312187,0.06784985313884602,14818,0.06980304593396551,1189,13629,10224,187241,0.08410553865742378
elliptic_f_039,<=,5.0,0.05309186478566897,0.9239463769385788,0.9362921292378155,198618,0.9356283828662681,10545,188073,868,12797,0.06542496758222327
elliptic_f_039,>=,10.0,0.022729355696086518,0.021729606588977483,0.05308408423358391,10911,0.05139836915815209,248,10663,11165,190207,0.022522113446064987
elliptic_f_039,<=,10.0,0.0555745817140418,0.9810742136160518,0.9472793348932145,201477,0.9490962535860149,11197,190280,216,10590,0.06849817880612391
elliptic_f_039,>=,1000.0,0.016349028400597907,0.015333391746254272,0.05241698611041967,10704,0.050423255748222894,175,10529,11238,190341,0.016135278172195688
elliptic_f_039,<=,1000.0,0.05574985489559924,0.9846666082537457,0.9475830138895803,201579,0.9495767442517771,11238,190341,175,10529,0.06871469643365956
elliptic_f_039,>=,2000.0,0.01565952541070228,0.014281959169368265,0.05100811470105043,10409,0.04903360137175374,163,10246,11250,190624,0.015363154819129483
elliptic_f_039,<=,2000.0,0.05572783023073798,0.9857180408306317,0.9489918852989496,201874,0.9509663986282463,11250,190624,163,10246,0.06868895078696167
elliptic_f_039,>=,5000.0,0.011820619059224957,0.008499079996495225,0.04036939313984169,8206,0.038655945129850246,97,8109,11316,192761,0.010963672943463617
elliptic_f_039,<=,5000.0,0.05544965870725265,0.9915009200035048,0.9596306068601583,204077,0.9613440548701497,11316,192761,97,8109,0.06835636645681335
elliptic_f_039,>=,10000.0,0.010749076251259657,0.005607640410058705,0.029322447354010055,5954,0.028047464940668825,64,5890,11349,194980,0.00908342558687445
elliptic_f_039,<=,10000.0,0.055004386198740846,0.9943923595899413,0.97067755264599,206329,0.9719525350593312,11349,194980,64,5890,0.06781765661283402
elliptic_f_039,>=,20000.0,0.013374485596707819,0.002278103916586349,0.009548464180813461,1944,0.009157586806291602,26,1918,11387,198952,0.00677471468028558
elliptic_f_039,<=,20000.0,0.05413641787780678,0.9977218960834137,0.9904515358191865,210339,0.9908424131937084,11387,198952,26,1918,0.06676485660243278
elliptic_f_039,>=,50000.0,0.032,0.0003504775256286691,0.0006023796485288993,125,0.0005888366001987912,4,121,11409,200749,0.001678838243935197
elliptic_f_039,<=,50000.0,0.05377595942646518,0.9996495224743713,0.9993976203514711,212158,0.9994111633998012,11409,200749,4,121,0.06632792470161444
elliptic_f_040,>=,0.0,0.053763136944550434,1.0,1.0,212283,1.0,11413,200870,0,0,0.06631262746282879
elliptic_f_040,<=,0.0,0.05392898074756094,0.9812494523788662,0.978060437098621,207662,0.9782318885638511,11199,196463,214,4407,0.0664975577778807
elliptic_f_040,>=,1.0,0.04631032244103008,0.018750547621133797,0.021939562901379002,4621,0.021768111436148915,214,4407,11199,196463,0.035789544101414855
elliptic_f_040,<=,1.0,0.0539470024647786,0.9857180408306317,0.9821675710658635,208538,0.9823584554580442,11250,197288,163,3582,0.06652356708236505
elliptic_f_040,>=,2.0,0.043524699599465956,0.014281959169368265,0.017832428934136505,3745,0.017641544541955784,163,3582,11250,197288,0.030879399840866895
elliptic_f_040,<=,2.0,0.0540664748600945,0.9895732936125471,0.9837058794245034,208891,0.9840213300170056,11294,197597,119,3273,0.06667241259207747
elliptic_f_040,>=,3.0,0.03508254716981132,0.010426706387452904,0.01629412057549659,3392,0.0159786699829944,119,3273,11294,197597,0.023818101757335574
elliptic_f_040,<=,3.0,0.054149933065595714,0.9923771138175764,0.9848857470005477,209160,0.9852885063806334,11326,197834,87,3036,0.06677648684693056
elliptic_f_040,>=,5.0,0.02560553633217993,0.006483834224130377,0.014019017274854384,2890,0.013613902196596053,74,2816,11339,198054,0.016105863404866583
elliptic_f_040,<=,5.0,0.05418535840412332,0.9948304564969771,0.9866381241599044,209540,0.9870785696452378,11354,198186,59,2684,0.06682180342360221
elliptic_f_040,>=,10.0,0.01580867450344548,0.0034171558748795233,0.012087419724199732,2467,0.011621279141523343,39,2428,11374,198442,0.00916310323762981
elliptic_f_040,<=,10.0,0.05420733567180113,0.9965828441251204,0.987952407029422,209824,0.9884164064008893,11374,198450,39,2420,0.06685012148690092
elliptic_f_040,>=,20.0,0.015580155801558016,0.003329536493472356,0.01195300443072634,2439,0.011489379743078815,38,2401,11375,198469,0.008975388539846002
elliptic_f_040,<=,20.0,0.05420693467528259,0.9966704635065277,0.9880469955692737,209844,0.9885106202569212,11375,198469,38,2401,0.06684971244339079
elliptic_f_040,>=,50.0,0.015580155801558016,0.003329536493472356,0.01195300443072634,2439,0.011489379743078815,38,2401,11375,198469,0.008975388539846002
elliptic_f_040,<=,50.0,0.05420693467528259,0.9966704635065277,0.9880469955692737,209844,0.9885106202569212,11375,198469,38,2401,0.06684971244339079
elliptic_f_040,>=,100.0,0.015580155801558016,0.003329536493472356,0.01195300443072634,2439,0.011489379743078815,38,2401,11375,198469,0.008975388539846002
elliptic_f_040,<=,100.0,0.05420693467528259,0.9966704635065277,0.9880469955692737,209844,0.9885106202569212,11375,198469,38,2401,0.06684971244339079
elliptic_f_040,>=,200.0,0.015580155801558016,0.003329536493472356,0.01195300443072634,2439,0.011489379743078815,38,2401,11375,198469,0.008975388539846002
elliptic_f_040,<=,200.0,0.05420693467528259,0.9966704635065277,0.9880469955692737,209844,0.9885106202569212,11375,198469,38,2401,0.06684971244339079
elliptic_f_040,>=,500.0,0.015580155801558016,0.003329536493472356,0.01195300443072634,2439,0.011489379743078815,38,2401,11375,198469,0.008975388539846002
elliptic_f_040,<=,500.0,0.05420693467528259,0.9966704635065277,0.9880469955692737,209844,0.9885106202569212,11375,198469,38,2401,0.06684971244339079
elliptic_f_040,>=,1000.0,0.015580155801558016,0.003329536493472356,0.01195300443072634,2439,0.011489379743078815,38,2401,11375,198469,0.008975388539846002
elliptic_f_040,<=,1000.0,0.05420693467528259,0.9966704635065277,0.9880469955692737,209844,0.9885106202569212,11375,198469,38,2401,0.06684971244339079
elliptic_f_040,>=,2000.0,0.015580155801558016,0.003329536493472356,0.01195300443072634,2439,0.011489379743078815,38,2401,11375,198469,0.008975388539846002
elliptic_f_040,<=,2000.0,0.05420693467528259,0.9966704635065277,0.9880469955692737,209844,0.9885106202569212,11375,198469,38,2401,0.06684971244339079
elliptic_f_040,>=,5000.0,0.0125,0.002015245772364847,0.009045651416338925,1840,0.008667674754926207,23,1817,11390,199053,0.006125818995365685
elliptic_f_040,<=,5000.0,0.054123919541158416,0.9979847542276351,0.990954348583661,210443,0.9913323252450738,11390,199053,23,1817,0.0667498842572244
elliptic_f_040,>=,10000.0,0.01257445400397088,0.001664768246736178,0.007427689550455518,1511,0.007117856823202988,19,1492,11394,199378,0.005441943060090508
elliptic_f_040,<=,10000.0,0.05405841383105915,0.9983352317532638,0.9925723104495445,210772,0.992882143176797,11394,199378,19,1492,0.06667048956057395
elliptic_f_040,>=,20000.0,0.012644889357218124,0.0010514325768860072,0.004664708517946931,949,0.004470447468709223,12,937,11401,199933,0.003945032546518509
elliptic_f_040,<=,20000.0,0.05394777934454465,0.998948567423114,0.995335291482053,211334,0.9955295525312908,11401,199933,12,937,0.06653640681226357
elliptic_f_040,>=,50000.0,0.012552301255230125,0.0002628581442215018,0.0011748892318414895,239,0.0011258555795800888,3,236,11410,200634,0.001212709192335678
elliptic_f_040,<=,50000.0,0.053809586689554996,0.9997371418557784,0.9988251107681585,212044,0.9988741444204199,11410,200634,3,236,0.06636892747580529
elliptic_f_041,>=,0.0,0.053763136944550434,1.0,1.0,212283,1.0,11413,200870,0,0,0.06631262746282879
elliptic_f_041,<=,0.0,0.05404602109300096,0.9878209059844038,0.9823567481455668,208600,0.9826505184117428,11274,197326,139,3544,0.06664593710430083
elliptic_f_041,>=,1.0,0.037740972033668205,0.01217909401559625,0.017643251854433214,3683,0.017349481588257186,139,3544,11274,197326,0.026582520558424173
elliptic_f_041,<=,1.0,0.05410235580828594,0.9920266362919478,0.9854532782396574,209270,0.9858066825888083,11322,197948,91,2922,0.06671828759930842
elliptic_f_041,>=,2.0,0.03020245602389645,0.007973363708052222,0.01454672176034251,3013,0.014193317411191664,91,2922,11322,197948,0.019390581717451522
elliptic_f_041,<=,2.0,0.05413593381742541,0.994217120827127,0.986981629909892,209602,0.9873706325989363,11347,198255,66,2615,0.06676111792954045
elliptic_f_041,>=,3.0,0.02461767997016039,0.005782879172873039,0.01301837009010803,2681,0.012629367401063674,66,2615,11347,198255,0.014907168993088494
elliptic_f_041,<=,3.0,0.05416263564487611,0.995794269692456,0.9880320605366655,209831,0.9884493812505005,11365,198466,48,2404,0.06679502595984423
elliptic_f_041,>=,5.0,0.01908566355969818,0.0037676334005081924,0.011002140688007169,2253,0.010613190881983012,43,2210,11370,198660,0.010526315789473684
elliptic_f_041,<=,5.0,0.054131867608918076,0.9966704635065277,0.9894956937322646,210135,0.989881431862184,11375,198760,38,2110,0.06675837751613059
elliptic_f_041,>=,10.0,0.012800819252432157,0.0021904845351791817,0.009598247622840643,1953,0.009199983041505913,25,1928,11388,198942,0.006501950585175552
elliptic_f_041,<=,10.0,0.05414271654947155,0.9978095154648208,0.9904166874097675,210333,0.9908141490368989,11388,198945,25,1925,0.06677259907709808
elliptic_f_041,>=,20.0,0.012377514182568335,0.0021028651537720144,0.009533529148205306,1939,0.009134033342283649,24,1915,11389,198955,0.006260107465178152
elliptic_f_041,<=,20.0,0.05414463925759708,0.997897134846228,0.9904664708517947,210344,0.9908659666577163,11389,198955,24,1915,0.06677501703234916
elliptic_f_041,>=,50.0,0.012377514182568335,0.0021028651537720144,0.009533529148205306,1939,0.009134033342283649,24,1915,11389,198955,0.006260107465178152
elliptic_f_041,<=,50.0,0.05414463925759708,0.997897134846228,0.9904664708517947,210344,0.9908659666577163,11389,198955,24,1915,0.06677501703234916
elliptic_f_041,>=,100.0,0.012377514182568335,0.0021028651537720144,0.009533529148205306,1939,0.009134033342283649,24,1915,11389,198955,0.006260107465178152
elliptic_f_041,<=,100.0,0.05414463925759708,0.997897134846228,0.9904664708517947,210344,0.9908659666577163,11389,198955,24,1915,0.06677501703234916
elliptic_f_041,>=,200.0,0.012377514182568335,0.0021028651537720144,0.009533529148205306,1939,0.009134033342283649,24,1915,11389,198955,0.006260107465178152
elliptic_f_041,<=,200.0,0.05414463925759708,0.997897134846228,0.9904664708517947,210344,0.9908659666577163,11389,198955,24,1915,0.06677501703234916
elliptic_f_041,>=,500.0,0.012377514182568335,0.0021028651537720144,0.009533529148205306,1939,0.009134033342283649,24,1915,11389,198955,0.006260107465178152
elliptic_f_041,<=,500.0,0.05414463925759708,0.997897134846228,0.9904664708517947,210344,0.9908659666577163,11389,198955,24,1915,0.06677501703234916
elliptic_f_041,>=,1000.0,0.012377514182568335,0.0021028651537720144,0.009533529148205306,1939,0.009134033342283649,24,1915,11389,198955,0.006260107465178152
elliptic_f_041,<=,1000.0,0.05414463925759708,0.997897134846228,0.9904664708517947,210344,0.9908659666577163,11389,198955,24,1915,0.06677501703234916
elliptic_f_041,>=,2000.0,0.012377514182568335,0.0021028651537720144,0.009533529148205306,1939,0.009134033342283649,24,1915,11389,198955,0.006260107465178152
elliptic_f_041,<=,2000.0,0.05414463925759708,0.997897134846228,0.9904664708517947,210344,0.9908659666577163,11389,198955,24,1915,0.06677501703234916
elliptic_f_041,>=,5000.0,0.006102212051868803,0.0007009550512573382,0.006486782496141783,1311,0.006175718262884922,8,1303,11405,199567,0.0024013928078285406
elliptic_f_041,<=,5000.0,0.05405930644824906,0.9992990449487427,0.9935132175038582,210972,0.9938242817371151,11405,199567,8,1303,0.06667243461658527
elliptic_f_041,>=,10000.0,0.004106776180698152,0.0003504775256286691,0.004828993876636631,974,0.004588214788748981,4,970,11409,199900,0.0013064210595074793
elliptic_f_041,<=,10000.0,0.05399202116332007,0.9996495224743713,0.9951710061233634,211309,0.9954117852112511,11409,199900,4,970,0.06659086743812226
elliptic_f_041,>=,20000.0,0.0038240917782026767,0.00017523876281433454,0.0025937173296161696,523,0.0024636923352317425,2,521,11411,200349,0.0007404664938911515
elliptic_f_041,<=,20000.0,0.053886475255005666,0.9998247612371857,0.9974062826703838,211760,0.9975363076647683,11411,200349,2,521,0.06646257861525325
elliptic_f_041,>=,50000.0,0.0136986301369863,8.761938140716727e-05,0.0003584407825957087,73,0.00034388057451609406,1,72,11412,200798,0.00042716787697565144
elliptic_f_041,<=,50000.0,0.05377691908958108,0.9999123806185928,0.9996415592174043,212210,0.9996561194254839,11412,200798,1,72,0.06632932404769294
elliptic_f_042,>=,0.0,0.053763136944550434,1.0,1.0,212283,1.0,11413,200870,0,0,0.06631262746282879
elliptic_f_042,<=,0.0,0.05392898074756094,0.9812494523788662,0.978060437098621,207662,0.9782318885638511,11199,196463,214,4407,0.0664975577778807
elliptic_f_042,>=,1.0,0.04631032244103008,0.018750547621133797,0.021939562901379002,4621,0.021768111436148915,214,4407,11199,196463,0.035789544101414855
elliptic_f_042,<=,1.0,0.054015312408612154,0.9872075703145535,0.9823368347687559,208589,0.9825987007909254,11267,197322,146,3548,0.06660802181210236
elliptic_f_042,>=,2.0,0.03952355170546833,0.012792429685446421,0.017663165231244088,3694,0.01740129920907468,146,3548,11267,197322,0.027874298369544467
elliptic_f_042,<=,2.0,0.054101388662921454,0.9906247261894331,0.9840792552397073,208978,0.984431160290744,11306,197672,107,3198,0.06671584102912105
elliptic_f_042,>=,3.0,0.03237518910741301,0.009375273810566898,0.015920744760292725,3305,0.01556883970925604,107,3198,11306,197672,0.02171883246052044
elliptic_f_042,<=,3.0,0.05418450833460774,0.9934285463944624,0.9852641011599542,209248,0.9857030473471734,11338,197910,75,2960,0.06681950247817964
elliptic_f_042,>=,5.0,0.0225,0.005520021028651538,0.013625728082839647,2800,0.013189939844452924,63,2737,11350,198133,0.013930040242338479
elliptic_f_042,<=,5.0,0.054184019578377915,0.9951809340226058,0.9870114999751083,209619,0.9874507143765634,11358,198261,55,2609,0.0668204906758412
elliptic_f_042,>=,10.0,0.01589242053789731,0.0034171558748795233,0.012022701249564395,2454,0.01156004013510267,39,2415,11374,198455,0.009185548071034905
elliptic_f_042,<=,10.0,0.05420501065132748,0.9965828441251204,0.9879972121272464,209833,0.9884588026361036,11374,198459,39,2411,0.06684729266701538
elliptic_f_042,>=,20.0,0.015580155801558016,0.003329536493472356,0.01195300443072634,2439,0.011489379743078815,38,2401,11375,198469,0.008975388539846002
elliptic_f_042,<=,20.0,0.05420693467528259,0.9966704635065277,0.9880469955692737,209844,0.9885106202569212,11375,198469,38,2401,0.06684971244339079
elliptic_f_042,>=,50.0,0.015580155801558016,0.003329536493472356,0.01195300443072634,2439,0.011489379743078815,38,2401,11375,198469,0.008975388539846002
elliptic_f_042,<=,50.0,0.05420693467528259,0.9966704635065277,0.9880469955692737,209844,0.9885106202569212,11375,198469,38,2401,0.06684971244339079
elliptic_f_042,>=,100.0,0.015580155801558016,0.003329536493472356,0.01195300443072634,2439,0.011489379743078815,38,2401,11375,198469,0.008975388539846002
elliptic_f_042,<=,100.0,0.05420693467528259,0.9966704635065277,0.9880469955692737,209844,0.9885106202569212,11375,198469,38,2401,0.06684971244339079
elliptic_f_042,>=,200.0,0.015580155801558016,0.003329536493472356,0.01195300443072634,2439,0.011489379743078815,38,2401,11375,198469,0.008975388539846002
elliptic_f_042,<=,200.0,0.05420693467528259,0.9966704635065277,0.9880469955692737,209844,0.9885106202569212,11375,198469,38,2401,0.06684971244339079
elliptic_f_042,>=,500.0,0.015580155801558016,0.003329536493472356,0.01195300443072634,2439,0.011489379743078815,38,2401,11375,198469,0.008975388539846002
elliptic_f_042,<=,500.0,0.05420693467528259,0.9966704635065277,0.9880469955692737,209844,0.9885106202569212,11375,198469,38,2401,0.06684971244339079
elliptic_f_042,>=,1000.0,0.015580155801558016,0.003329536493472356,0.01195300443072634,2439,0.011489379743078815,38,2401,11375,198469,0.008975388539846002
elliptic_f_042,<=,1000.0,0.05420693467528259,0.9966704635065277,0.9880469955692737,209844,0.9885106202569212,11375,198469,38,2401,0.06684971244339079
elliptic_f_042,>=,2000.0,0.015580155801558016,0.003329536493472356,0.01195300443072634,2439,0.011489379743078815,38,2401,11375,198469,0.008975388539846002
elliptic_f_042,<=,2000.0,0.05420693467528259,0.9966704635065277,0.9880469955692737,209844,0.9885106202569212,11375,198469,38,2401,0.06684971244339079
elliptic_f_042,>=,5000.0,0.012784880489160644,0.002015245772364847,0.008841539304027481,1799,0.008474536350061004,23,1776,11390,199094,0.006179805470471277
elliptic_f_042,<=,5000.0,0.054113376788734534,0.9979847542276351,0.9911584606959725,210484,0.991525463649939,11390,199094,23,1776,0.06673705599936251
elliptic_f_042,>=,10000.0,0.011259676284306826,0.0014019101025146764,0.006994573604819037,1421,0.006693894471059858,16,1405,11397,199465,0.004679183482482307
elliptic_f_042,<=,10000.0,0.05404956796388159,0.9985980898974853,0.993005426395181,210862,0.9933061055289402,11397,199465,16,1405,0.06665995992330917
elliptic_f_042,>=,20000.0,0.008092485549132947,0.0006133356698501709,0.004271419325932195,865,0.004074749273375635,7,858,11406,200012,0.002353257580851207
elliptic_f_042,<=,20000.0,0.053949994797037146,0.9993866643301498,0.9957285806740678,211418,0.9959252507266244,11406,200012,7,858,0.06653949141567056
elliptic_f_042,>=,50000.0,0.01834862385321101,0.00017523876281433454,0.0005326828296908448,109,0.000513465515373346,2,107,11411,200763,0.0008439530762089628
elliptic_f_042,<=,50000.0,0.05378133041748753,0.9998247612371857,0.9994673171703091,212174,0.9994865344846267,11411,200763,2,107,0.06633461572893667
elliptic_f_043,>=,0.0,0.053763136944550434,1.0,1.0,212283,1.0,11413,200870,0,0,0.06631262746282879
elliptic_f_043,<=,0.0,0.05392898074756094,0.9812494523788662,0.978060437098621,207662,0.9782318885638511,11199,196463,214,4407,0.0664975577778807
elliptic_f_043,>=,0.01,0.04631032244103008,0.018750547621133797,0.021939562901379002,4621,0.021768111436148915,214,4407,11199,196463,0.035789544101414855
elliptic_f_043,<=,0.01,0.05392898074756094,0.9812494523788662,0.978060437098621,207662,0.9782318885638511,11199,196463,214,4407,0.0664975577778807
elliptic_f_043,>=,0.02,0.04631032244103008,0.018750547621133797,0.021939562901379002,4621,0.021768111436148915,214,4407,11199,196463,0.035789544101414855
elliptic_f_043,<=,0.02,0.05392898074756094,0.9812494523788662,0.978060437098621,207662,0.9782318885638511,11199,196463,214,4407,0.0664975577778807
elliptic_f_043,>=,0.05,0.04631032244103008,0.018750547621133797,0.021939562901379002,4621,0.021768111436148915,214,4407,11199,196463,0.035789544101414855
elliptic_f_043,<=,0.05,0.05392898074756094,0.9812494523788662,0.978060437098621,207662,0.9782318885638511,11199,196463,214,4407,0.0664975577778807
elliptic_f_043,>=,0.1,0.04618386816999133,0.018662928239726626,0.021899736147757257,4612,0.021725715200934602,213,4399,11200,196471,0.03566524898697297
elliptic_f_043,<=,0.1,0.05393145889411617,0.9813370717602734,0.9781002638522427,207671,0.9782742847990654,11200,196471,213,4399,0.06650065253765303
elliptic_f_043,>=,0.2,0.046117032847509246,0.01857530885831946,0.0218300393289192,4597,0.021655054808910747,212,4385,11201,196485,0.03556927619878528
elliptic_f_043,<=,0.2,0.053926406655465095,0.9814246911416805,0.9782844625877433,207709,0.9784532911255258,11201,196508,212,4362,0.06649458770506109
elliptic_f_043,>=,0.5,0.04586534116583823,0.017786734425654954,0.02102354756807886,4426,0.0208495263398388,203,4223,11210,196647,0.03485936051104166
elliptic_f_043,<=,0.5,0.05396623985849963,0.9837904144396741,0.9798775327326131,208056,0.9800879015276777,11228,196828,185,4042,0.06654520842495054
elliptic_f_043,>=,1.0,0.04158699808795411,0.015245772364847103,0.019963160252899886,4184,0.01970953868185394,174,4010,11239,196860,0.030906959394649897
elliptic_f_043,<=,1.0,0.05405288855454881,0.988434241654254,0.9828346691890277,208703,0.9831357197703067,11281,197422,132,3448,0.06665484947856658
elliptic_f_043,>=,2.0,0.032165422171166,0.009813370717602734,0.016777019963160254,3482,0.01640263233513753,112,3370,11301,197500,0.02209857543111953
elliptic_f_043,<=,2.0,0.05417140889658272,0.9925523525803908,0.9846467864788171,209114,0.9850718145117603,11328,197786,85,3084,0.06680277259812542
elliptic_f_043,>=,5.0,0.020879120879120878,0.004994304740208534,0.013307114053865685,2730,0.0128601913483416,57,2673,11356,198197,0.012761384498276093
elliptic_f_043,<=,5.0,0.054190834160116004,0.9954437921668273,0.987140936924379,209648,0.9875873244678095,11361,198287,52,2583,0.06682901865283146
elliptic_f_043,>=,10.0,0.015898899306971057,0.0034171558748795233,0.012017722905361676,2453,0.011555329442301079,39,2414,11374,198456,0.009187279151943463
elliptic_f_043,<=,10.0,0.05420501065132748,0.9965828441251204,0.9879972121272464,209833,0.9884588026361036,11374,198459,39,2411,0.06684729266701538
elliptic_f_043,>=,1000.0,0.015113350125944584,0.0031542977306580214,0.011679195499576842,2382,0.011220870253388165,36,2346,11377,198524,0.008595578052624038
elliptic_f_043,<=,1000.0,0.05420174272633289,0.996845702269342,0.9883208045004231,209901,0.9887791297466119,11377,198524,36,2346,0.06684355306650748
elliptic_f_043,>=,2000.0,0.014347826086956521,0.0028914395864365196,0.011285906307562104,2300,0.010834593443657758,33,2267,11380,198603,0.008004657255130257
elliptic_f_043,<=,2000.0,0.0541948633937033,0.9971085604135634,0.9887140936924379,209983,0.9891654065563422,11380,198603,33,2267,0.06683541924836582
elliptic_f_043,>=,5000.0,0.00851581508515815,0.0012266713397003418,0.008114701050430627,1644,0.007744378965814503,14,1630,11399,199240,0.003891266885318806
elliptic_f_043,<=,5000.0,0.05411628425885045,0.9987733286602997,0.9918852989495693,210639,0.9922556210341855,11399,199240,14,1630,0.06674129857172802
elliptic_f_043,>=,10000.0,0.007785467128027681,0.0007885744326645054,0.005710160800517748,1156,0.005445560878638421,9,1147,11404,199723,0.002806011099332793
elliptic_f_043,<=,10000.0,0.054014882037825576,0.9992114255673354,0.9942898391994822,211127,0.9945544391213615,11404,199723,9,1147,0.06661829771672853
elliptic_f_043,>=,20000.0,0.004901960784313725,0.0002628581442215018,0.003031811619455369,612,0.002882943994573282,3,609,11410,200261,0.0010821730033908088
elliptic_f_043,<=,20000.0,0.05390440825620893,0.9997371418557784,0.9969681883805447,211671,0.9971170560054268,11410,200261,3,609,0.06648432519866636
elliptic_f_043,>=,50000.0,0.0136986301369863,8.761938140716727e-05,0.0003584407825957087,73,0.00034388057451609406,1,72,11412,200798,0.00042716787697565144
elliptic_f_043,<=,50000.0,0.05377691908958108,0.9999123806185928,0.9996415592174043,212210,0.9996561194254839,11412,200798,1,72,0.06632932404769294
elliptic_f_044,>=,0.0,0.053763136944550434,1.0,1.0,212283,1.0,11413,200870,0,0,0.06631262746282879
elliptic_f_044,<=,0.0,0.053945021180837716,0.9830018400070095,0.9794991785732066,207971,0.9796874926395425,11219,196752,194,4118,0.06651867610106522
elliptic_f_044,>=,0.1,0.044990723562152134,0.01699815999299045,0.02050082142679345,4312,0.0203125073604575,194,4118,11219,196752,0.03384389937545794
elliptic_f_044,<=,0.1,0.053945021180837716,0.9830018400070095,0.9794991785732066,207971,0.9796874926395425,11219,196752,194,4118,0.06651867610106522
elliptic_f_044,>=,0.2,0.044990723562152134,0.01699815999299045,0.02050082142679345,4312,0.0203125073604575,194,4118,11219,196752,0.03384389937545794
elliptic_f_044,<=,0.2,0.053945021180837716,0.9830018400070095,0.9794991785732066,207971,0.9796874926395425,11219,196752,194,4118,0.06651867610106522
elliptic_f_044,>=,0.5,0.044990723562152134,0.01699815999299045,0.02050082142679345,4312,0.0203125073604575,194,4118,11219,196752,0.03384389937545794
elliptic_f_044,<=,0.5,0.05398174831892411,0.9847542276351529,0.9805396525115746,208200,0.9807662412911067,11239,196961,174,3909,0.06656495457899843
elliptic_f_044,>=,1.0,0.0426157237325496,0.015245772364847103,0.019460347488425348,4083,0.019233758708893316,174,3909,11239,196961,0.031357001261488555
elliptic_f_044,<=,1.0,0.05407656698054948,0.9897485323753614,0.9836859660476925,208889,0.9840119086314024,11296,197593,117,3277,0.06668484915032309
elliptic_f_044,>=,2.0,0.03284562555986862,0.009638131954788399,0.016124856872604173,3349,0.015776110192526015,110,3239,11303,197631,0.02216937401749365
elliptic_f_044,<=,2.0,0.054149364705432614,0.9929028301060194,0.9854184298302384,209273,0.985820814667213,11332,197941,81,2929,0.066776271206416
elliptic_f_044,>=,5.0,0.02115987460815047,0.0047314465959870326,0.012435903818390003,2552,0.012021688029658521,54,2498,11359,198372,0.012487859025946997
elliptic_f_044,<=,5.0,0.054157353705089284,0.9957066503110488,0.9880469955692737,209833,0.9884588026361036,11364,198469,49,2401,0.06678852064954834
elliptic_f_044,>=,10.0,0.015473032714412025,0.003066678349250854,0.011086772539453378,2262,0.010655587117197326,35,2227,11378,198643,0.008552856654122478
elliptic_f_044,<=,10.0,0.05417476097969756,0.9969333216507491,0.9889281624931547,210024,0.9893585449612075,11378,198646,35,2224,0.06681080293925255
elliptic_f_044,>=,1000.0,0.015124555160142349,0.002979058967843687,0.011022054064818041,2248,0.010589637417975062,34,2214,11379,198656,0.008331291350159274
elliptic_f_044,<=,1000.0,0.05417668483824124,0.9970209410321563,0.988977945935182,210035,0.989410362582025,11379,198656,34,2214,0.06681322243007776
elliptic_f_044,>=,2000.0,0.01366742596810934,0.002628581442215018,0.01077811519888485,2195,0.010339970699490775,30,2165,11383,198705,0.00742831674342594
elliptic_f_044,<=,2000.0,0.054182057042763035,0.997371418557785,0.9892218848011152,210088,0.9896600293005092,11383,198705,30,2165,0.06682007361185303
elliptic_f_044,>=,5000.0,0.008569545154911009,0.0011390519582931745,0.007487429680888137,1517,0.00714612098001253,13,1504,11400,199366,0.003718322750414736
elliptic_f_044,<=,5000.0,0.05408842033345037,0.9988609480417068,0.9925125703191119,210766,0.9928538790199875,11400,199366,13,1504,0.06670747135382228
elliptic_f_044,>=,10000.0,0.007279344858962694,0.0007009550512573382,0.00543137352516553,1099,0.005177051388947773,8,1091,11405,199779,0.0025302043139983554
elliptic_f_044,<=,10000.0,0.05400503826047428,0.9992990449487427,0.9945686264748345,211184,0.9948229486110522,11405,199779,8,1091,0.0666063967837374
elliptic_f_044,>=,20000.0,0.0032733224222585926,0.00017523876281433454,0.003031811619455369,611,0.0028782333017716914,2,609,11411,200261,0.0007216569242981886
elliptic_f_044,<=,20000.0,0.05390887788654144,0.9998247612371857,0.9969681883805447,211672,0.9971217666982283,11411,200261,2,609,0.06648984210483382
elliptic_f_044,>=,50000.0,0.0136986301369863,8.761938140716727e-05,0.0003584407825957087,73,0.00034388057451609406,1,72,11412,200798,0.00042716787697565144
elliptic_f_044,<=,50000.0,0.05377691908958108,0.9999123806185928,0.9996415592174043,212210,0.9996561194254839,11412,200798,1,72,0.06632932404769294
elliptic_f_045,>=,0.0,0.053763136944550434,1.0,1.0,212283,1.0,11413,200870,0,0,0.06631262746282879
elliptic_f_045,<=,0.0,0.055088185925117925,0.9690703583632699,0.9444367003534624,200769,0.945761083082489,11060,189709,353,11161,0.06789533069200443
elliptic_f_045,>=,1.0,0.030658328990793817,0.030929641636730044,0.05556329964653756,11514,0.05423891691751106,353,11161,11060,189709,0.030712210061076408
elliptic_f_045,<=,1.0,0.05552712511986327,0.9792342066065014,0.9463583412157116,201271,0.9481258508688872,11176,190095,237,10775,0.06843870828674202
elliptic_f_045,>=,2.0,0.021521976026153286,0.02076579339349864,0.053641658784288344,11012,0.05187414913111271,237,10775,11176,190095,0.021366365554173202
elliptic_f_045,<=,2.0,0.05572643297250637,0.9842285113467099,0.9475830138895803,201574,0.9495531907877691,11233,190341,180,10529,0.0686858038739943
elliptic_f_045,>=,3.0,0.016808292090764777,0.015771488653290106,0.05241698611041967,10709,0.050446809212230846,180,10529,11233,190341,0.016590167560692363
elliptic_f_045,<=,3.0,0.05578214436157296,0.9862437571190747,0.9485189425996914,201785,0.9505471469689047,11256,190529,157,10341,0.06875547459968995
elliptic_f_045,>=,5.0,0.014394744469133417,0.013055287829667923,0.05078906755613083,10351,0.04876038118926151,149,10202,11264,190668,0.014105307003426926
elliptic_f_045,<=,5.0,0.055784878541307835,0.9875580478401822,0.9497336585851546,202044,0.9517672164045166,11271,190773,142,10097,0.06876007364666925
elliptic_f_045,>=,10.0,0.01431297709923664,0.01182861648996758,0.04628366605267088,9432,0.04443125450459999,135,9297,11278,191573,0.013735984208705561
elliptic_f_045,<=,10.0,0.055599647048964564,0.9882590028914396,0.9537611390451536,202861,0.955615852423416,11279,191582,134,9288,0.06853560217631982
elliptic_f_045,>=,20.0,0.014036580178647383,0.011565758345746078,0.04615920744760293,9404,0.044299355106155465,132,9272,11281,191598,0.013461420791776296
elliptic_f_045,<=,20.0,0.05560457218341967,0.988434241654254,0.9538407925523971,202879,0.9557006448938445,11281,191598,132,9272,0.06854175755138049
elliptic_f_045,>=,50.0,0.014036580178647383,0.011565758345746078,0.04615920744760293,9404,0.044299355106155465,132,9272,11281,191598,0.013461420791776296
elliptic_f_045,<=,50.0,0.05560457218341967,0.988434241654254,0.9538407925523971,202879,0.9557006448938445,11281,191598,132,9272,0.06854175755138049
elliptic_f_045,>=,100.0,0.014036580178647383,0.011565758345746078,0.04615920744760293,9404,0.044299355106155465,132,9272,11281,191598,0.013461420791776296
elliptic_f_045,<=,100.0,0.05560457218341967,0.988434241654254,0.9538407925523971,202879,0.9557006448938445,11281,191598,132,9272,0.06854175755138049
elliptic_f_045,>=,200.0,0.014036580178647383,0.011565758345746078,0.04615920744760293,9404,0.044299355106155465,132,9272,11281,191598,0.013461420791776296
elliptic_f_045,<=,200.0,0.05560457218341967,0.988434241654254,0.9538407925523971,202879,0.9557006448938445,11281,191598,132,9272,0.06854175755138049
elliptic_f_045,>=,500.0,0.014036580178647383,0.011565758345746078,0.04615920744760293,9404,0.044299355106155465,132,9272,11281,191598,0.013461420791776296
elliptic_f_045,<=,500.0,0.05560457218341967,0.988434241654254,0.9538407925523971,202879,0.9557006448938445,11281,191598,132,9272,0.06854175755138049
elliptic_f_045,>=,1000.0,0.014036580178647383,0.011565758345746078,0.04615920744760293,9404,0.044299355106155465,132,9272,11281,191598,0.013461420791776296
elliptic_f_045,<=,1000.0,0.05560457218341967,0.988434241654254,0.9538407925523971,202879,0.9557006448938445,11281,191598,132,9272,0.06854175755138049
elliptic_f_045,>=,2000.0,0.014036580178647383,0.011565758345746078,0.04615920744760293,9404,0.044299355106155465,132,9272,11281,191598,0.013461420791776296
elliptic_f_045,<=,2000.0,0.05560457218341967,0.988434241654254,0.9538407925523971,202879,0.9557006448938445,11281,191598,132,9272,0.06854175755138049
elliptic_f_045,>=,5000.0,0.01226919339164237,0.008849557522123894,0.040478916712301485,8232,0.038778423142691594,101,8131,11312,192739,0.011389007915924313
elliptic_f_045,<=,5000.0,0.055437121111878894,0.9911504424778761,0.9595210832876985,204051,0.9612215768573084,11312,192739,101,8131,0.06834079048642065
elliptic_f_045,>=,10000.0,0.010993541294489487,0.007009550512573381,0.03582914322696271,7277,0.03427971151717283,80,7197,11333,193673,0.009871424693368871
elliptic_f_045,<=,10000.0,0.05528130883974128,0.9929904494874267,0.9641708567730373,205006,0.9657202884828272,11333,193673,80,7197,0.0681530891697146
elliptic_f_045,>=,20000.0,0.010932619366354306,0.004293349688951196,0.022068999850649675,4482,0.021113325136727857,49,4433,11364,196437,0.008350090317303433
elliptic_f_045,<=,20000.0,0.054686936059018004,0.9957066503110488,0.9779310001493503,207801,0.9788866748632722,11364,196437,49,4433,0.06743277194739722
elliptic_f_045,>=,50000.0,0.005942275042444821,0.0006133356698501709,0.005829641061382984,1178,0.005549196120273409,7,1171,11406,199699,0.0021705426356589145
elliptic_f_045,<=,50000.0,0.05402998507851543,0.9993866643301498,0.994170358938617,211105,0.9944508038797266,11406,199699,7,1171,0.06663683218571848
elliptic_f_046,>=,0.0,0.053763136944550434,1.0,1.0,212283,1.0,11413,200870,0,0,0.06631262746282879
elliptic_f_046,<=,0.0,0.05539663954390281,0.9824761237185665,0.9518594115597152,202413,0.9535054620483034,11213,191200,200,9670,0.06828326624566873
elliptic_f_046,>=,1.0,0.020263424518743668,0.017523876281433454,0.04814058844028476,9870,0.04649453795169656,200,9670,11213,191200,0.019649067651739925
elliptic_f_046,<=,1.0,0.0555114792712794,0.9870323315517392,0.954179319958182,202931,0.9559456009195272,11265,191666,148,9204,0.068427248441025
elliptic_f_046,>=,2.0,0.015825491873396064,0.012967668448260755,0.04582068004181809,9352,0.04405439908047277,148,9204,11265,191666,0.01515741176952541
elliptic_f_046,<=,2.0,0.05558589809826064,0.9898361517567686,0.9555334295813213,203235,0.9573776515312107,11297,191938,116,8932,0.06852040327384021
elliptic_f_046,>=,3.0,0.01282051282051282,0.010163848243231403,0.04446657041867875,9048,0.0426223484687893,116,8932,11297,191938,0.012183594160277282
elliptic_f_046,<=,3.0,0.05559897561431191,0.991062823096469,0.9564793149798377,203439,0.9583386328627351,11311,192128,102,8742,0.06853747535353363
elliptic_f_046,>=,5.0,0.011242399908225308,0.008586699377902391,0.04290834868322796,8717,0.041063109151462905,98,8619,11315,192251,0.010587498109375338
elliptic_f_046,<=,5.0,0.055580648645464095,0.9919390169105406,0.9576591825558819,203686,0.9595021739847279,11321,192365,92,8505,0.0685160326669144
elliptic_f_046,>=,10.0,0.011248881503259619,0.007710505563830719,0.03850749240802509,7823,0.03685174978684115,88,7735,11325,193135,0.010303243179955509
elliptic_f_046,<=,10.0,0.05538818189821291,0.9922894944361693,0.9615223776571912,204466,0.9631765143699684,11325,193141,88,7729,0.06828237127039578
elliptic_f_046,>=,20.0,0.011138138522596338,0.007622886182423552,0.03845273062179519,7811,0.03679522147322207,87,7724,11326,193146,0.01019762289893804
elliptic_f_046,<=,20.0,0.055391447239719865,0.9923771138175764,0.9615472693782048,204472,0.9632047785267779,11326,193146,87,7724,0.06828642435014548
elliptic_f_046,>=,50.0,0.011138138522596338,0.007622886182423552,0.03845273062179519,7811,0.03679522147322207,87,7724,11326,193146,0.01019762289893804
elliptic_f_046,<=,50.0,0.055391447239719865,0.9923771138175764,0.9615472693782048,204472,0.9632047785267779,11326,193146,87,7724,0.06828642435014548
elliptic_f_046,>=,100.0,0.011138138522596338,0.007622886182423552,0.03845273062179519,7811,0.03679522147322207,87,7724,11326,193146,0.01019762289893804
elliptic_f_046,<=,100.0,0.055391447239719865,0.9923771138175764,0.9615472693782048,204472,0.9632047785267779,11326,193146,87,7724,0.06828642435014548
elliptic_f_046,>=,200.0,0.011138138522596338,0.007622886182423552,0.03845273062179519,7811,0.03679522147322207,87,7724,11326,193146,0.01019762289893804
elliptic_f_046,<=,200.0,0.055391447239719865,0.9923771138175764,0.9615472693782048,204472,0.9632047785267779,11326,193146,87,7724,0.06828642435014548
elliptic_f_046,>=,500.0,0.011138138522596338,0.007622886182423552,0.03845273062179519,7811,0.03679522147322207,87,7724,11326,193146,0.01019762289893804
elliptic_f_046,<=,500.0,0.055391447239719865,0.9923771138175764,0.9615472693782048,204472,0.9632047785267779,11326,193146,87,7724,0.06828642435014548
elliptic_f_046,>=,1000.0,0.011138138522596338,0.007622886182423552,0.03845273062179519,7811,0.03679522147322207,87,7724,11326,193146,0.01019762289893804
elliptic_f_046,<=,1000.0,0.055391447239719865,0.9923771138175764,0.9615472693782048,204472,0.9632047785267779,11326,193146,87,7724,0.06828642435014548
elliptic_f_046,>=,2000.0,0.011138138522596338,0.007622886182423552,0.03845273062179519,7811,0.03679522147322207,87,7724,11326,193146,0.01019762289893804
elliptic_f_046,<=,2000.0,0.055391447239719865,0.9923771138175764,0.9615472693782048,204472,0.9632047785267779,11326,193146,87,7724,0.06828642435014548
elliptic_f_046,>=,5000.0,0.006966058989180376,0.004118110926136861,0.03335490615821178,6747,0.03178304433232996,47,6700,11366,194170,0.006119632301242155
elliptic_f_046,<=,5000.0,0.05529931496185583,0.9958818890738631,0.9666450938417882,205536,0.9682169556676701,11366,194170,47,6700,0.06817770110502341
elliptic_f_046,>=,10000.0,0.007895959126799815,0.002979058967843687,0.021267486434012047,4306,0.02028424320364796,34,4272,11379,196598,0.005936376017040891
elliptic_f_046,<=,10000.0,0.054712780740178,0.9970209410321563,0.978732513565988,207977,0.979715756796352,11379,196598,34,4272,0.06746541352581045
elliptic_f_046,>=,20000.0,0.011013215859030838,0.001314290721107509,0.006705829641061383,1362,0.00641596359576603,15,1347,11398,199523,0.004448134748828658
elliptic_f_046,<=,20000.0,0.05403919002849408,0.9986857092788924,0.9932941703589386,210921,0.993584036404234,11398,199523,15,1347,0.06664740959212814
elliptic_f_046,>=,50000.0,0.009615384615384616,8.761938140716727e-05,0.0005127694528799721,104,0.0004899120513653943,1,103,11412,200767,0.00042268999915462
elliptic_f_046,<=,50000.0,0.05378477606172147,0.9999123806185928,0.9994872305471201,212179,0.9995100879486346,11412,200767,1,103,0.06633888637634587
elliptic_f_047,>=,0.0,0.053763136944550434,1.0,1.0,212283,1.0,11413,200870,0,0,0.06631262746282879
elliptic_f_047,<=,0.0,0.055088185925117925,0.9690703583632699,0.9444367003534624,200769,0.945761083082489,11060,189709,353,11161,0.06789533069200443
elliptic_f_047,>=,1.0,0.030658328990793817,0.030929641636730044,0.05556329964653756,11514,0.05423891691751106,353,11161,11060,189709,0.030712210061076408
elliptic_f_047,<=,1.0,0.055610744655487564,0.9809865942346447,0.9465425399512122,201328,0.9483943603585779,11196,190132,217,10738,0.06854204291530197
elliptic_f_047,>=,2.0,0.019808306709265176,0.019013405765355297,0.05345746004878777,10955,0.05160563964142206,217,10738,11196,190132,0.0196440533738888
elliptic_f_047,<=,2.0,0.05576740933952861,0.9853675633050031,0.947941454672176,201659,0.9499535996759043,11246,190413,167,10457,0.06873671381543159
elliptic_f_047,>=,3.0,0.015719126506024098,0.014632436694996934,0.05205854532782397,10624,0.050046400324095665,167,10457,11246,190413,0.015489064905674378
elliptic_f_047,<=,3.0,0.055794161502375324,0.9868570927889249,0.9488923184148952,201867,0.9509334237786351,11263,190604,150,10266,0.06877067608114
elliptic_f_047,>=,5.0,0.014230019493177388,0.012792429685446421,0.050350973266291635,10260,0.04833170814431678,146,10114,11267,190756,0.013917221131298495
elliptic_f_047,<=,5.0,0.05576114381833473,0.9875580478401822,0.9501617961865884,202130,0.9521723359854534,11271,190859,142,10011,0.0687312256001405
elliptic_f_047,>=,10.0,0.014234119396643298,0.011740997108560414,0.046199034201224676,9414,0.04434646203417136,134,9280,11279,191590,0.013654241985775133
elliptic_f_047,<=,10.0,0.05560101343691158,0.9883466222728468,0.9538208791755862,202874,0.9556770914298366,11280,191594,133,9276,0.06853734738591995
elliptic_f_047,>=,20.0,0.014036580178647383,0.011565758345746078,0.04615920744760293,9404,0.044299355106155465,132,9272,11281,191598,0.013461420791776296
elliptic_f_047,<=,20.0,0.05560457218341967,0.988434241654254,0.9538407925523971,202879,0.9557006448938445,11281,191598,132,9272,0.06854175755138049
elliptic_f_047,>=,50.0,0.014036580178647383,0.011565758345746078,0.04615920744760293,9404,0.044299355106155465,132,9272,11281,191598,0.013461420791776296
elliptic_f_047,<=,50.0,0.05560457218341967,0.988434241654254,0.9538407925523971,202879,0.9557006448938445,11281,191598,132,9272,0.06854175755138049
elliptic_f_047,>=,100.0,0.014036580178647383,0.011565758345746078,0.04615920744760293,9404,0.044299355106155465,132,9272,11281,191598,0.013461420791776296
elliptic_f_047,<=,100.0,0.05560457218341967,0.988434241654254,0.9538407925523971,202879,0.9557006448938445,11281,191598,132,9272,0.06854175755138049
elliptic_f_047,>=,200.0,0.014036580178647383,0.011565758345746078,0.04615920744760293,9404,0.044299355106155465,132,9272,11281,191598,0.013461420791776296
elliptic_f_047,<=,200.0,0.05560457218341967,0.988434241654254,0.9538407925523971,202879,0.9557006448938445,11281,191598,132,9272,0.06854175755138049
elliptic_f_047,>=,500.0,0.014036580178647383,0.011565758345746078,0.04615920744760293,9404,0.044299355106155465,132,9272,11281,191598,0.013461420791776296
elliptic_f_047,<=,500.0,0.05560457218341967,0.988434241654254,0.9538407925523971,202879,0.9557006448938445,11281,191598,132,9272,0.06854175755138049
elliptic_f_047,>=,1000.0,0.014036580178647383,0.011565758345746078,0.04615920744760293,9404,0.044299355106155465,132,9272,11281,191598,0.013461420791776296
elliptic_f_047,<=,1000.0,0.05560457218341967,0.988434241654254,0.9538407925523971,202879,0.9557006448938445,11281,191598,132,9272,0.06854175755138049
elliptic_f_047,>=,2000.0,0.014036580178647383,0.011565758345746078,0.04615920744760293,9404,0.044299355106155465,132,9272,11281,191598,0.013461420791776296
elliptic_f_047,<=,2000.0,0.05560457218341967,0.988434241654254,0.9538407925523971,202879,0.9557006448938445,11281,191598,132,9272,0.06854175755138049
elliptic_f_047,>=,5000.0,0.01162506118453255,0.00832384123368089,0.040210086125354705,8172,0.038495781574596176,95,8077,11318,192793,0.01077073082243033
elliptic_f_047,<=,5000.0,0.055450220713239365,0.9916761587663191,0.9597899138746453,204111,0.9615042184254038,11318,192793,95,8077,0.06835721628252223
elliptic_f_047,>=,10000.0,0.010388881089428611,0.006483834224130377,0.03509234828496042,7123,0.03355426482572792,74,7049,11339,193821,0.009272021049993735
elliptic_f_047,<=,10000.0,0.055269058295964124,0.9935161657758697,0.9649076517150396,205160,0.9664457351742721,11339,193821,74,7049,0.06813868828067443
elliptic_f_047,>=,20000.0,0.009623095429029671,0.0031542977306580214,0.01844476527107084,3741,0.017622701770749424,36,3705,11377,197165,0.0068241270804109645
elliptic_f_047,<=,20000.0,0.05455495775431328,0.996845702269342,0.9815552347289291,208542,0.9823772982292506,11377,197165,36,3705,0.06727327127738206
elliptic_f_047,>=,50000.0,0.006329113924050633,8.761938140716727e-05,0.0007816000398267536,158,0.0007442894626512721,1,157,11412,200713,0.00041511000415110004
elliptic_f_047,<=,50000.0,0.053798467884502064,0.9999123806185928,0.9992183999601733,212125,0.9992557105373487,11412,200713,1,157,0.0663555499219107
elliptic_f_048,>=,0.0,0.053763136944550434,1.0,1.0,212283,1.0,11413,200870,0,0,0.06631262746282879
elliptic_f_048,<=,0.0,0.055088185925117925,0.9690703583632699,0.9444367003534624,200769,0.945761083082489,11060,189709,353,11161,0.06789533069200443
elliptic_f_048,>=,0.01,0.030658328990793817,0.030929641636730044,0.05556329964653756,11514,0.05423891691751106,353,11161,11060,189709,0.030712210061076408
elliptic_f_048,<=,0.01,0.055088185925117925,0.9690703583632699,0.9444367003534624,200769,0.945761083082489,11060,189709,353,11161,0.06789533069200443
elliptic_f_048,>=,0.02,0.030658328990793817,0.030929641636730044,0.05556329964653756,11514,0.05423891691751106,353,11161,11060,189709,0.030712210061076408
elliptic_f_048,<=,0.02,0.055088185925117925,0.9690703583632699,0.9444367003534624,200769,0.945761083082489,11060,189709,353,11161,0.06789533069200443
elliptic_f_048,>=,0.05,0.030155557486747198,0.03040392534828704,0.055558321302334845,11507,0.05420594206789993,347,11160,11066,189710,0.030204905903448757
elliptic_f_048,<=,0.05,0.05511614934055863,0.9695960746517129,0.9444416786976652,200776,0.9457940579321,11066,189710,347,11160,0.06792982835226276
elliptic_f_048,>=,0.1,0.029493648860274925,0.0297029702970297,0.05553342958132125,11494,0.054144703061479255,339,11155,11074,189715,0.029535276795204655
elliptic_f_048,<=,0.1,0.05515657994342404,0.9703846490843775,0.9444765271070842,200792,0.9458694290169255,11075,189717,338,11153,0.06797973436650254
elliptic_f_048,>=,0.2,0.028439326528831892,0.02856391833873653,0.055443819385672326,11463,0.053998671584629954,326,11137,11087,189733,0.02846415786256876
elliptic_f_048,<=,0.2,0.05523189228486351,0.9718741785682993,0.9445611589585304,200826,0.9460295925721796,11092,189734,321,11136,0.06807271727483286
elliptic_f_048,>=,0.5,0.024645717806531114,0.024533426794006833,0.05516503211032011,11361,0.05351818091886774,280,11081,11133,189789,0.02462317744516946
elliptic_f_048,<=,0.5,0.05550580134137362,0.9774818189783581,0.9450490366903967,200988,0.9467927248060373,11156,189832,257,11038,0.06841107970050223
elliptic_f_048,>=,1.0,0.021886120996441282,0.021554367826163146,0.054731916164683626,11240,0.05294818708987531,246,10994,11167,189876,0.021818955883135545
elliptic_f_048,<=,1.0,0.05571164767086295,0.9833523175326382,0.947005525962065,201448,0.9489596434947688,11223,190225,190,10645,0.06866698074534541
elliptic_f_048,>=,2.0,0.01730232558139535,0.01629720494173311,0.05259122815751481,10750,0.050639947617096046,186,10564,11227,190306,0.01709150386856082
elliptic_f_048,<=,2.0,0.055767000683892835,0.9859808989748532,0.9485388559765022,201786,0.9505518576617064,11253,190533,160,10337,0.06873681368554664
elliptic_f_048,>=,5.0,0.013738959764474975,0.012266713397003417,0.05003235923731767,10190,0.04800195964820546,140,10050,11273,190820,0.01341690146244226
elliptic_f_048,<=,5.0,0.05577401532351006,0.9879961447472181,0.9503509732662916,202173,0.9523748957759217,11276,190897,137,9973,0.06874729455374616
elliptic_f_048,>=,10.0,0.014130896727581811,0.011653377727153247,0.04619405585702195,9412,0.044337040648568186,133,9279,11280,191591,0.013554554534151362
elliptic_f_048,<=,10.0,0.055600739371534195,0.9883466222728468,0.9538258575197889,202875,0.9556818021226382,11280,191595,133,9275,0.06853701424087358
elliptic_f_048,>=,1000.0,0.014119422289286485,0.011478138964338911,0.04553691442226315,9278,0.04370580781315508,131,9147,11282,191723,0.013498196805770222
elliptic_f_048,<=,1000.0,0.05557498583778725,0.9885218610356611,0.9544630855777368,203005,0.956294192186845,11282,191723,131,9147,0.06850587722376927
elliptic_f_048,>=,2000.0,0.013153567905294311,0.010514325768860073,0.044820032857071736,9123,0.04297565042890858,120,9003,11293,191867,0.012524788644191629
elliptic_f_048,<=,2000.0,0.055586729671195115,0.98948567423114,0.9551799671429283,203160,0.9570243495710914,11293,191867,120,9003,0.06852107813453746
elliptic_f_048,>=,5000.0,0.009788965166539538,0.00674669236835188,0.03877632299497187,7866,0.037054309577309534,77,7789,11336,193081,0.008979172983184458
elliptic_f_048,<=,5000.0,0.0554552703542269,0.9932533076316481,0.9612236770050281,204417,0.9629456904226905,11336,193081,77,7789,0.06836485216764104
elliptic_f_048,>=,10000.0,0.0075508864084044645,0.004030491544729694,0.03009906904963409,6092,0.028697540547288288,46,6046,11367,194824,0.006427992509991336
elliptic_f_048,<=,10000.0,0.055128497364094455,0.9959695084552703,0.9699009309503659,206191,0.9713024594527118,11367,194824,46,6046,0.06797005897076815
elliptic_f_048,>=,20000.0,0.007704160246533128,0.001314290721107509,0.009618160999651517,1947,0.009171718884696372,15,1932,11398,198938,0.003906046560074996
elliptic_f_048,<=,20000.0,0.05418948729651605,0.9986857092788924,0.9903818390003485,210336,0.9908282811153036,11398,198938,15,1932,0.0668302928032253
elliptic_f_048,>=,50000.0,0.009615384615384616,8.761938140716727e-05,0.0005127694528799721,104,0.0004899120513653943,1,103,11412,200767,0.00042268999915462
elliptic_f_048,<=,50000.0,0.05378477606172147,0.9999123806185928,0.9994872305471201,212179,0.9995100879486346,11412,200767,1,103,0.06633888637634587
elliptic_f_049,>=,0.0,0.053763136944550434,1.0,1.0,212283,1.0,11413,200870,0,0,0.06631262746282879
elliptic_f_049,<=,0.0,0.055404579621726624,0.9771313414527294,0.9465375616070095,201283,0.9481823791825064,11152,190131,261,10739,0.0682877244977313
elliptic_f_049,>=,0.1,0.02372727272727273,0.022868658547270656,0.05346243839299049,11000,0.05181762081749363,261,10739,11152,190131,0.023550430404417736
elliptic_f_049,<=,0.1,0.055404579621726624,0.9771313414527294,0.9465375616070095,201283,0.9481823791825064,11152,190131,261,10739,0.0682877244977313
elliptic_f_049,>=,0.2,0.02372727272727273,0.022868658547270656,0.05346243839299049,11000,0.05181762081749363,261,10739,11152,190131,0.023550430404417736
elliptic_f_049,<=,0.2,0.055404579621726624,0.9771313414527294,0.9465375616070095,201283,0.9481823791825064,11152,190131,261,10739,0.0682877244977313
elliptic_f_049,>=,0.5,0.02372727272727273,0.022868658547270656,0.05346243839299049,11000,0.05181762081749363,261,10739,11152,190131,0.023550430404417736
elliptic_f_049,<=,0.5,0.055482999548111256,0.9789713484622798,0.9469009807338079,201377,0.9486251843058559,11173,190204,240,10666,0.06838482546047904
elliptic_f_049,>=,1.0,0.022006235099944985,0.021028651537720145,0.053099019266192066,10906,0.051374815694144135,240,10666,11173,190204,0.02180351399967295
elliptic_f_049,<=,1.0,0.0556532333552902,0.9845789888723385,0.9492408025090855,201911,0.9511406942619051,11237,190674,176,10196,0.06859717943928201
elliptic_f_049,>=,2.0,0.016945870049385105,0.015333391746254272,0.05054015034599492,10327,0.048647324562023336,175,10152,11238,190718,0.016596802033345345
elliptic_f_049,<=,2.0,0.05570196039652913,0.9871199509331464,0.9508089809329417,202255,0.9527611725856522,11266,190989,147,9881,0.06865886672037814
elliptic_f_049,>=,5.0,0.0128244906401903,0.010864803294488742,0.04751829541494499,9669,0.0455476886985769,124,9545,11289,191325,0.012377967218351335
elliptic_f_049,<=,5.0,0.05570876727331929,0.9893980548497328,0.9528799721212725,202697,0.9548432988039551,11292,191405,121,9465,0.06866933997891027
elliptic_f_049,>=,10.0,0.013088119147015683,0.010163848243231403,0.04354557674117589,8863,0.041750870300495097,116,8747,11297,192123,0.012375973541022085
elliptic_f_049,<=,10.0,0.05553425357873211,0.9898361517567686,0.956474336635635,203424,0.9582679724707113,11297,192127,116,8743,0.06845762196267402
elliptic_f_049,>=,1000.0,0.012987012987012988,0.010076228861824235,0.04351072833175686,8855,0.04171318475808237,115,8740,11298,192130,0.012277667456707877
elliptic_f_049,<=,1000.0,0.055538077354149874,0.9899237711381758,0.9564892716682432,203428,0.9582868152419176,11298,192130,115,8740,0.06846235418875928
elliptic_f_049,>=,2000.0,0.012937943668422257,0.009900990099009901,0.042918305371633395,8734,0.04114319092908994,113,8621,11300,192249,0.012190122764245184
elliptic_f_049,<=,2000.0,0.05551488830699242,0.9900990099009901,0.9570816946283666,203549,0.9588568090709101,11300,192249,113,8621,0.06843433150559163
elliptic_f_049,>=,5000.0,0.009219760561442136,0.005870498554280207,0.035844078259570866,7267,0.034232604589156924,67,7200,11346,193670,0.00827548726563079
elliptic_f_049,<=,5000.0,0.055342022086081084,0.9941295014457198,0.9641559217404291,205016,0.9657673954108431,11346,193670,67,7200,0.06822798465862555
elliptic_f_049,>=,10000.0,0.007321131447587354,0.0038552527819153597,0.029700801513416638,6010,0.028311263737557883,44,5966,11369,194904,0.006205398696866274
elliptic_f_049,<=,10000.0,0.05511627794233855,0.9961447472180847,0.9702991984865834,206273,0.9716887362624421,11369,194904,44,5966,0.06795536189263662
elliptic_f_049,>=,20000.0,0.00815078960774325,0.0014019101025146764,0.009692836162692288,1963,0.009247089969521817,16,1947,11397,198923,0.004152608357124318
elliptic_f_049,<=,20000.0,0.05418885507797642,0.9985980898974853,0.9903071638373077,210320,0.9907529100304782,11397,198923,16,1947,0.06682944506405002
elliptic_f_049,>=,50000.0,0.009615384615384616,8.761938140716727e-05,0.0005127694528799721,104,0.0004899120513653943,1,103,11412,200767,0.00042268999915462
elliptic_f_049,<=,50000.0,0.05378477606172147,0.9999123806185928,0.9994872305471201,212179,0.9995100879486346,11412,200767,1,103,0.06633888637634587
elliptic_f_050,>=,0.0,0.053763136944550434,1.0,1.0,212283,1.0,11413,200870,0,0,0.06631262746282879
elliptic_f_050,<=,0.0,0.05554682743858133,0.9913256812406904,0.9576840742768955,203684,0.9594927525991247,11314,192370,99,8500,0.0684743309015686
elliptic_f_050,>=,1.0,0.011512966624026049,0.00867431875930956,0.0423159257231045,8599,0.040507247400875246,99,8500,11314,192370,0.010805736863935034
elliptic_f_050,<=,1.0,0.05389300847457627,0.9985104705160781,0.9959675411957982,211456,0.9961042570530848,11396,200060,17,810,0.06646936611462174
elliptic_f_050,>=,2.0,0.020556227327690448,0.0014895294839218434,0.004032458804201723,827,0.0038957429469152027,17,810,11396,200060,0.005774064261938727
elliptic_f_050,<=,2.0,0.05382680865720797,0.9995619030929641,0.9983123413152786,211939,0.9983795216762529,11408,200531,5,339,0.0663897324042185
elliptic_f_050,>=,3.0,0.014534883720930232,0.0004380969070358363,0.0016876586847214617,344,0.0016204783237470735,5,339,11408,200531,0.001954804910469935
elliptic_f_050,<=,3.0,0.053809586689554996,0.9997371418557784,0.9988251107681585,212044,0.9988741444204199,11410,200634,3,236,0.06636892747580529
elliptic_f_050,>=,5.0,0.0,0.0,0.0009757554637327625,196,0.0009232957891117047,0,196,11413,200674,0.0
elliptic_f_050,<=,5.0,0.05380394301392595,1.0,0.9991984865833624,212122,0.9992415784589439,11413,200709,0,161,0.06636229054274853
elliptic_f_050,>=,10.0,0.0,0.0,0.0005924229601234629,119,0.0005605724433892492,0,119,11413,200751,0.0
elliptic_f_050,<=,10.0,0.05379253135501751,1.0,0.9994225120724847,212167,0.9994535596350155,11413,200754,0,116,0.06634840206910744
elliptic_f_050,>=,20.0,0.0,0.0,0.00048289938766366306,97,0.000456937201754262,0,97,11413,200773,0.0
elliptic_f_050,<=,20.0,0.05378619363595234,1.0,0.9995469706775526,212192,0.9995713269550552,11413,200779,0,91,0.06634068876201636
elliptic_f_050,>=,50.0,0.0,0.0,0.0003335490615821178,67,0.0003156164177065521,0,67,11413,200803,0.0
elliptic_f_050,<=,50.0,0.05378011083047461,1.0,0.9996664509384179,212216,0.9996843835822935,11413,200803,0,67,0.06633328567426539
elliptic_f_050,>=,100.0,0.0,0.0,6.471847463533628e-05,13,6.123900642067428e-05,0,13,11413,200857,0.0
elliptic_f_050,<=,100.0,0.053766429547274695,1.0,0.9999352815253647,212270,0.9999387609935794,11413,200857,0,13,0.06631663476634905
elliptic_f_050,>=,200.0,0.0,0.0,3.9826753621745407e-05,8,3.7685542412722636e-05,0,8,11413,200862,0.0
elliptic_f_050,<=,200.0,0.05376516311388529,1.0,0.9999601732463782,212275,0.9999623144575873,11413,200862,0,8,0.06631509343844892
elliptic_f_050,>=,500.0,0.0,0.0,2.489172101359088e-05,5,2.355346400795165e-05,0,5,11413,200865,0.0
elliptic_f_050,<=,500.0,0.053764403282488056,1.0,0.9999751082789864,212278,0.999976446535992,11413,200865,0,5,0.06631416867609889
elliptic_f_050,>=,1000.0,0.0,0.0,9.956688405436352e-06,2,9.421385603180659e-06,0,2,11413,200868,0.0
elliptic_f_050,<=,1000.0,0.05376364347256702,1.0,0.9999900433115946,212281,0.9999905786143968,11413,200868,0,2,0.06631324393954008
elliptic_f_050,>=,2000.0,0.0,0.0,4.978344202718176e-06,1,4.7106928015903295e-06,0,1,11413,200869,0.0
elliptic_f_050,<=,2000.0,0.053763390207365674,1.0,0.9999950216557972,212282,0.9999952893071984,11413,200869,0,1,0.06631293569975166
elliptic_f_050,>=,5000.0,0.0,0.0,4.978344202718176e-06,1,4.7106928015903295e-06,0,1,11413,200869,0.0
elliptic_f_050,<=,5000.0,0.053763390207365674,1.0,0.9999950216557972,212282,0.9999952893071984,11413,200869,0,1,0.06631293569975166
elliptic_f_051,>=,0.0,0.053763136944550434,1.0,1.0,212283,1.0,11413,200870,0,0,0.06631262746282879
elliptic_f_051,<=,0.0,,0.0,0.0,0,0.0,0,0,11413,200870,0.0
elliptic_f_051,>=,1.0,0.053763136944550434,1.0,1.0,212283,1.0,11413,200870,0,0,0.06631262746282879
elliptic_f_051,<=,1.0,0.03707259828239185,0.18268641023394375,0.26960720864240556,56241,0.2649340738542417,2085,54156,9328,146714,0.04410327569941238
elliptic_f_051,>=,2.0,0.05977877750861947,0.8173135897660563,0.7303927913575945,156042,0.7350659261457583,9328,146714,2085,54156,0.0733816775517204
elliptic_f_051,<=,2.0,0.06431265846268011,0.6378690966441777,0.527291282919301,113197,0.5332362930616206,7280,105917,4133,94953,0.07841430759520121
elliptic_f_051,>=,3.0,0.04171124074036695,0.3621309033558223,0.47270871708069895,99086,0.46676370693837943,4133,94953,7280,105917,0.0506796940334562
elliptic_f_051,<=,3.0,0.06867482736017318,0.7894506264785771,0.6082939214417284,131198,0.6180334741830481,9010,122188,2403,78682,0.08401637433444298
elliptic_f_051,>=,5.0,0.02394374467835227,0.1429072110750898,0.33099517100612336,68118,0.3208829722587301,1631,66487,9782,134383,0.028726420909875476
elliptic_f_051,<=,5.0,0.06757669778089721,0.9026548672566371,0.7076566933837806,152449,0.7181404069096442,10302,142147,1111,58723,0.08291895320254536
elliptic_f_051,>=,10.0,0.010605199794388984,0.034346797511609566,0.18206302583760642,36963,0.17412133802518337,392,36571,11021,164299,0.01230653313659624
elliptic_f_051,<=,10.0,0.06154630378652719,0.9732760886708139,0.8432020709911884,180482,0.8501952582166259,11108,169374,305,31496,0.07573557185538515
elliptic_f_051,>=,20.0,0.006386318125236781,0.010339087006045737,0.09139742121770299,18477,0.08703947089498452,118,18359,11295,182511,0.006915061942546384
elliptic_f_051,<=,20.0,0.05815616703369075,0.9903618680452116,0.9113008413401703,194356,0.9155514101458901,11303,183053,110,17817,0.07164344471671587
elliptic_f_051,>=,50.0,0.006252791424743189,0.003680014019101025,0.033230447553143826,6717,0.03164172354828224,42,6675,11371,194195,0.005485750111021133
elliptic_f_051,<=,50.0,0.055192063137662235,0.996319985980899,0.9690595907801065,206026,0.9705251951404493,11371,194655,42,6215,0.06804768783878724
elliptic_f_051,>=,100.0,0.007473309608540925,0.0018400070095505126,0.013884601981380992,2810,0.013237046772468827,21,2789,11392,198081,0.00463514766256125
elliptic_f_051,<=,100.0,0.054241532645851784,0.9982476123718567,0.9889430975257629,210042,0.989443337431636,11393,198649,20,2221,0.06689322565909761
elliptic_f_051,>=,200.0,0.007976071784646061,0.0007009550512573382,0.004953452481704585,1003,0.004724824879995101,8,995,11405,199875,0.002593192868719611
elliptic_f_051,<=,200.0,0.05397743407227912,0.9992990449487427,0.995106287648728,211292,0.995331703433624,11405,199887,8,983,0.06657280514043622
elliptic_f_051,>=,500.0,0.004166666666666667,0.00017523876281433454,0.002379648528899288,480,0.0022611325447633585,2,478,11411,200392,0.0007500187504687618
elliptic_f_051,<=,500.0,0.05386804877012617,0.9999123806185928,0.9978543336486284,211851,0.997964980709713,11412,200439,1,431,0.06644023115518206
elliptic_f_051,>=,1000.0,0.006802721088435374,8.761938140716727e-05,0.0007268382535968536,147,0.0006924718418337785,1,146,11412,200724,0.0004166319473377219
elliptic_f_051,<=,1000.0,0.05379542465482212,0.9999123806185928,0.9992781400906059,212137,0.9993122388509678,11412,200725,1,145,0.06635184618837366
elliptic_f_051,>=,10000.0,0.0,0.0,1.4935032608154527e-05,3,1.413207840477099e-05,0,3,11413,200867,0.0
elliptic_f_051,<=,10000.0,0.05376389674015451,1.0,0.9999850649673918,212280,0.9999858679215953,11413,200867,0,3,0.06631355218219406
elliptic_f_051,>=,20000.0,0.0,0.0,4.978344202718176e-06,1,4.7106928015903295e-06,0,1,11413,200869,0.0
elliptic_f_051,<=,20000.0,0.053763390207365674,1.0,0.9999950216557972,212282,0.9999952893071984,11413,200869,0,1,0.06631293569975166
elliptic_f_052,>=,0.0,0.053763136944550434,1.0,1.0,212283,1.0,11413,200870,0,0,0.06631262746282879
elliptic_f_052,<=,0.0,,0.0,0.0,0,0.0,0,0,11413,200870,0.0
elliptic_f_052,>=,1.0,0.053763136944550434,1.0,1.0,212283,1.0,11413,200870,0,0,0.06631262746282879
elliptic_f_052,<=,1.0,0.05463773742253663,0.9988609480417068,0.9819634589535521,208647,0.9828719209734176,11400,197247,13,3623,0.06737580688438903
elliptic_f_052,>=,2.0,0.0035753575357535755,0.0011390519582931745,0.018036541046447953,3636,0.01712807902658244,13,3623,11400,197247,0.0025041414647301308
elliptic_f_052,<=,2.0,0.05417262122370301,0.9997371418557784,0.991750883656096,210623,0.99218024994936,11410,199213,3,1657,0.06681071079335524
elliptic_f_052,>=,3.0,0.0018072289156626507,0.0002628581442215018,0.008249116343904017,1660,0.007819750050639947,3,1657,11410,199213,0.0008308868332133163
elliptic_f_052,<=,3.0,0.05393335948169536,1.0,0.9966645093841788,211613,0.9968438358229345,11413,200200,0,670,0.06651979040991299
elliptic_f_052,>=,5.0,0.0,0.0,0.0017374421267486433,349,0.001644031787755025,0,349,11413,200521,0.0
elliptic_f_052,<=,5.0,0.053802421179665105,1.0,0.9992283566485787,212128,0.9992698426157535,11413,200715,0,155,0.06636043841032649
elliptic_f_053,>=,0.0,0.053763136944550434,1.0,1.0,212283,1.0,11413,200870,0,0,0.06631262746282879
elliptic_f_053,<=,0.0,,0.0,0.0,0,0.0,0,0,11413,200870,0.0
elliptic_f_053,>=,1.0,0.053763136944550434,1.0,1.0,212283,1.0,11413,200870,0,0,0.06631262746282879
elliptic_f_053,<=,1.0,0.05554682743858133,0.9913256812406904,0.9576840742768955,203684,0.9594927525991247,11314,192370,99,8500,0.0684743309015686
elliptic_f_053,>=,2.0,0.011512966624026049,0.00867431875930956,0.0423159257231045,8599,0.040507247400875246,99,8500,11314,192370,0.010805736863935034
elliptic_f_053,<=,2.0,0.05454832929271635,0.9975466573205993,0.9823716831781749,208714,0.9831875373911241,11385,197329,28,3541,0.06726584572990385
elliptic_f_053,>=,3.0,0.007845334827682824,0.0024533426794006836,0.01762831682182506,3569,0.016812462608875887,28,3541,11385,197329,0.0054498034178052865
elliptic_f_053,<=,3.0,0.05415224174039407,0.9991238061859283,0.9915368148553791,210573,0.9919447153092805,11403,199170,10,1700,0.06678536496799245
elliptic_f_053,>=,5.0,0.004524886877828055,0.0003504775256286691,0.004380942898391995,884,0.0041642524366058515,4,880,11409,199990,0.0013378821325841193
elliptic_f_053,<=,5.0,0.05385668429003021,0.9996495224743713,0.9978145068950067,211840,0.9979131630888954,11409,200431,4,439,0.06642616849854385
elliptic_f_053,>=,10.0,0.027777777777777776,8.761938140716727e-05,0.00017424204709513616,36,0.00016958494085725188,1,35,11412,200835,0.00043263822791381846
elliptic_f_053,<=,10.0,0.053766531135306786,0.9999123806185928,0.9998456713297157,212251,0.9998492578303491,11412,200839,1,31,0.06631668133009924
elliptic_f_053,>=,20.0,0.0,0.0,0.00010952357245979987,22,0.00010363524163498725,0,22,11413,200848,0.0
elliptic_f_053,<=,20.0,0.05376870927772883,1.0,0.9998904764275403,212261,0.999896364758365,11413,200848,0,22,0.06631940933713132
elliptic_f_053,>=,50.0,0.0,0.0,5.476178622989994e-05,11,5.181762081749363e-05,0,11,11413,200859,0.0
elliptic_f_053,<=,50.0,0.05376592296675963,1.0,0.9999452382137701,212272,0.9999481823791825,11413,200859,0,11,0.06631601822659125
elliptic_f_053,>=,100.0,0.0,0.0,3.4848409419027234e-05,7,3.297484961113231e-05,0,7,11413,200863,0.0
elliptic_f_053,<=,100.0,0.05376490983436658,1.0,0.999965151590581,212276,0.9999670251503888,11413,200863,0,7,0.0663147851814665
elliptic_f_054,>=,0.0,0.053763136944550434,1.0,1.0,212283,1.0,11413,200870,0,0,0.06631262746282879
elliptic_f_054,<=,0.0,,0.0,0.0,0,0.0,0,0,11413,200870,0.0
elliptic_f_054,>=,1.0,0.053763136944550434,1.0,1.0,212283,1.0,11413,200870,0,0,0.06631262746282879
elliptic_f_054,<=,1.0,0.05554682743858133,0.9913256812406904,0.9576840742768955,203684,0.9594927525991247,11314,192370,99,8500,0.0684743309015686
elliptic_f_054,>=,2.0,0.003930635838150289,0.0014895294839218434,0.021446706825309903,4325,0.020373746366878175,17,4308,11396,196562,0.002960331557134399
elliptic_f_054,<=,2.0,0.05423640167364017,0.999474283711557,0.9902573803952806,210320,0.9907529100304782,11407,198913,6,1957,0.0668880828152688
elliptic_f_054,>=,5.0,0.0,0.0,0.001752377159356798,352,0.001658163866159796,0,352,11413,200518,0.0
elliptic_f_054,<=,5.0,0.05380318208603418,1.0,0.9992134216159705,212125,0.9992557105373487,11413,200712,0,158,0.06636136446361435
elliptic_f_055,>=,0.0,0.053763136944550434,1.0,1.0,212283,1.0,11413,200870,0,0,0.06631262746282879
elliptic_f_055,<=,0.0,,0.0,0.0,0,0.0,0,0,11413,200870,0.0
elliptic_f_055,>=,1.0,0.053763136944550434,1.0,1.0,212283,1.0,11413,200870,0,0,0.06631262746282879
elliptic_f_055,<=,1.0,0.05482610244217052,0.9980723736090423,0.9776223428087818,207766,0.9787218006152165,11391,196375,22,4495,0.06760421946237108
elliptic_f_055,>=,2.0,0.004244694132334582,0.0014895294839218434,0.019853636680440087,4005,0.01886632467036927,17,3988,11396,196882,0.003098458061458827
elliptic_f_055,<=,2.0,0.05419606166417255,0.9995619030929641,0.9911236122865535,210495,0.9915772812707565,11408,199087,5,1783,0.0668390764864488
elliptic_f_055,>=,5.0,0.0,0.0,0.0017473988151540797,351,0.0016534531733582059,0,351,11413,200519,0.0
elliptic_f_055,<=,5.0,0.05380267481273011,1.0,0.999223378304376,212127,0.9992651319229519,11413,200714,0,156,0.06636074709188403
wallet_first_timestep,>=,0.0,0.053763136944550434,1.0,1.0,212283,1.0,11413,200870,0,0,0.06631262746282879
wallet_first_timestep,<=,0.0,,0.0,0.0,0,0.0,0,0,11413,200870,0.0
wallet_first_timestep,>=,1.0,0.053763136944550434,1.0,1.0,212283,1.0,11413,200870,0,0,0.06631262746282879
wallet_first_timestep,<=,1.0,0.004081632653061225,0.005607640410058705,0.07774182306964704,15680,0.07386366312893637,64,15616,11349,185254,0.004316566171610484
wallet_first_timestep,>=,2.0,0.05772546705797978,0.9943923595899413,0.922258176930353,196603,0.9261363368710637,11349,185254,64,15616,0.07112462006079028
wallet_first_timestep,<=,2.0,0.004358335774978025,0.010426706387452904,0.1353362871508936,27304,0.12862075625462235,119,27185,11294,173685,0.00493247892297872
wallet_first_timestep,>=,3.0,0.06105557928197255,0.9895732936125471,0.8646637128491064,184979,0.8713792437453777,11294,173685,119,27185,0.07516014954833368
wallet_first_timestep,<=,3.0,0.0052661400526614,0.013843862262332429,0.14857868273012395,30003,0.14133491612611468,158,29845,11255,171025,0.006011032908502949
wallet_first_timestep,>=,5.0,0.0625031679610721,0.9723998948567423,0.8287001543286703,177559,0.8364259031575774,11098,166461,315,34409,0.07689333734266936
wallet_first_timestep,<=,5.0,0.008364017654661172,0.030053447822658372,0.20244934534773734,41009,0.19318080110041783,343,40666,11070,160204,0.00977492034722341
wallet_first_timestep,>=,10.0,0.06872203211371414,0.9150092000350477,0.7045203365360682,151960,0.7158368781296666,10443,141517,970,59353,0.0843193331320155
wallet_first_timestep,<=,10.0,0.015548332656186518,0.08718128450013143,0.3136307064270424,63994,0.3014560751449716,995,62999,10418,137871,0.018605851400020194
wallet_first_timestep,>=,20.0,0.0740949194999564,0.8189783580127924,0.5814805595658884,126149,0.5942491862278185,9347,116802,2066,84068,0.09057012571486156
wallet_first_timestep,<=,20.0,0.026771146653051713,0.21133794795408745,0.43652611141534325,90097,0.42441928934488393,2412,87685,9001,113185,0.03243670673290282
wallet_last_timestep,>=,0.0,0.053763136944550434,1.0,1.0,212283,1.0,11413,200870,0,0,0.06631262746282879
wallet_last_timestep,<=,0.0,,0.0,0.0,0,0.0,0,0,11413,200870,0.0
wallet_last_timestep,>=,1.0,0.053763136944550434,1.0,1.0,212283,1.0,11413,200870,0,0,0.06631262746282879
wallet_last_timestep,<=,1.0,0.004508227515215268,0.005257162884430036,0.0659580823418131,13309,0.0626946104963657,60,13249,11353,187621,0.004640443007625794
wallet_last_timestep,>=,2.0,0.05705770603194387,0.99474283711557,0.9340419176581869,198974,0.9373053895036343,11353,187621,60,13249,0.07031384513240903
wallet_last_timestep,<=,2.0,0.004677114958562403,0.009988609480417068,0.12077463035794295,24374,0.1148184263459627,114,24260,11299,176610,0.005233727240172989
wallet_last_timestep,>=,3.0,0.06013016939050285,0.990011390519583,0.879225369642057,187909,0.8851815736540373,11299,176610,114,24260,0.07403849556188397
wallet_last_timestep,<=,3.0,0.005589694232620123,0.013230526592482257,0.13373326031761837,27014,0.12725465534216118,151,26863,11262,174007,0.006319631033992082
wallet_last_timestep,>=,5.0,0.06151190008466463,0.9739770437220713,0.8443122417483945,180713,0.8512834282537933,11116,169597,297,31273,0.07569474236140902
wallet_last_timestep,<=,5.0,0.008574150523975865,0.028388679575922195,0.18650868721063374,37788,0.1780076595864954,324,37464,11089,163406,0.009965244671362224
wallet_last_timestep,>=,10.0,0.06703874898508475,0.9187768334355559,0.7264947478468662,156417,0.7368324359463546,10486,145931,927,54939,0.08229722751110141
wallet_last_timestep,<=,10.0,0.015925913521117326,0.08332603171821606,0.2925424403843282,59714,0.28129430995416493,951,58763,10462,142107,0.0189995564772305
wallet_last_timestep,>=,20.0,0.07221295791099601,0.8233593270831507,0.6010454522825708,130129,0.6129977435781481,9397,120732,2016,80138,0.08832945750278702
wallet_last_timestep,<=,20.0,0.027350467072547287,0.20625602383247174,0.4167571065863494,86068,0.40543990804727653,2354,83714,9059,117156,0.0330910777794959
wallet_active_span,>=,0.0,0.053763136944550434,1.0,1.0,212283,1.0,11413,200870,0,0,0.06631262746282879
wallet_active_span,<=,0.0,0.05591391412365117,0.9820380268115307,0.9421167919549958,200451,0.9442630827715832,11208,189243,205,11627,0.0689114959475761
wallet_active_span,>=,1.0,0.017325895875591617,0.017961973188469288,0.057883208045004235,11832,0.05573691722841678,205,11627,11208,189243,0.017449481622716673
wallet_active_span,<=,1.0,0.05577633896455062,0.9850170857793744,0.9474436202519042,201555,0.9494636876245389,11242,190313,171,10557,0.06874722522207397
wallet_active_span,>=,2.0,0.015939597315436243,0.014982914220625603,0.05255637974809578,10728,0.05053631237546106,171,10557,11242,190313,0.015738610216290843
wallet_active_span,<=,2.0,0.05568049823295356,0.9870323315517392,0.9511126599293075,202315,0.9530438141537476,11265,191050,148,9820,0.0686326953610025
wallet_active_span,>=,3.0,0.014847512038523275,0.012967668448260755,0.04888734007069249,9968,0.046956185846252406,148,9820,11265,191050,0.014429170322706445
wallet_active_span,<=,3.0,0.05553423282454017,0.9888723385612898,0.9555433862697267,203226,0.9573352552959964,11286,191940,127,8930,0.06845667382815106
wallet_active_span,>=,5.0,0.01302477032213048,0.009813370717602734,0.04225120724846916,8599,0.040507247400875246,112,8487,11301,192383,0.01222467200768408
wallet_active_span,<=,5.0,0.05542488656298082,0.991062823096469,0.9596604769253746,204078,0.9613487655629513,11311,192767,102,8103,0.06832583285511493
wallet_active_span,>=,10.0,0.014321176245942334,0.006571453605537545,0.025698212774431226,5237,0.024669898201928556,75,5162,11338,195708,0.011588022619820153
wallet_active_span,<=,10.0,0.054692133726172855,0.9937790239200911,0.975939662468263,207379,0.976898762501001,11342,196037,71,4833,0.06743732229474783
wallet_active_span,>=,20.0,0.010064412238325281,0.0021904845351791817,0.012241748394483994,2484,0.01170136091915038,25,2459,11388,198411,0.0058550751791653
wallet_active_span,<=,20.0,0.05427080603273689,0.997897134846228,0.9880320605366655,209855,0.9885624378777387,11389,198466,24,2404,0.0669285276899227
wallet_observed_timestep_count,>=,0.0,0.053763136944550434,1.0,1.0,212283,1.0,11413,200870,0,0,0.06631262746282879
wallet_observed_timestep_count,<=,0.0,,0.0,0.0,0,0.0,0,0,11413,200870,0.0
wallet_observed_timestep_count,>=,1.0,0.053763136944550434,1.0,1.0,212283,1.0,11413,200870,0,0,0.06631262746282879
wallet_observed_timestep_count,<=,1.0,0.05591391412365117,0.9820380268115307,0.9421167919549958,200451,0.9442630827715832,11208,189243,205,11627,0.0689114959475761
wallet_observed_timestep_count,>=,2.0,0.017325895875591617,0.017961973188469288,0.057883208045004235,11832,0.05573691722841678,205,11627,11208,189243,0.017449481622716673
wallet_observed_timestep_count,<=,2.0,0.054505283381364074,0.9943047402085341,0.9799970129934784,208200,0.9807662412911067,11348,196852,65,4018,0.06721052625344552
wallet_observed_timestep_count,>=,3.0,0.01591966691158462,0.005695259791465872,0.02000298700652163,4083,0.019233758708893316,65,4018,11348,196852,0.011713822310326185
wallet_observed_timestep_count,<=,3.0,0.05415665659713137,0.9974590379391921,0.9897993727286305,210205,0.9902111803582953,11384,198821,29,2049,0.0667892466027483
wallet_observed_timestep_count,>=,5.0,0.013927576601671309,0.001314290721107509,0.0052870015432867025,1077,0.005073416147312785,15,1062,11398,199808,0.004770688887475351
wallet_observed_timestep_count,<=,5.0,0.053823640483383686,0.9990361868045211,0.9978493553044258,211840,0.9979131630888954,11402,200438,11,432,0.06638541267599238
wallet_observed_timestep_count,>=,10.0,0.0297029702970297,0.0002628581442215018,0.00048787773186638125,101,0.0004757799729606233,3,98,11410,200772,0.0012693577050012694
wallet_observed_timestep_count,<=,10.0,0.05378122746744709,0.9999123806185928,0.9995569273659581,212193,0.9995760376478569,11412,200781,1,89,0.06633456756395427
wallet_observed_timestep_count,>=,20.0,0.0,0.0,0.00014935032608154528,30,0.0001413207840477099,0,30,11413,200840,0.0
wallet_observed_timestep_count,<=,20.0,0.0537697225533198,1.0,0.9998705630507293,212257,0.9998775219871586,11413,200844,0,26,0.0663206425542251
in_degree,>=,0.0,0.053763136944550434,1.0,1.0,212283,1.0,11413,200870,0,0,0.06631262746282879
in_degree,<=,0.0,0.04064529046651984,0.24901428195916936,0.33394732911833525,69922,0.32938106207279905,2842,67080,8571,133790,0.04881467257068852
in_degree,>=,1.0,0.06020609577061133,0.7509857180408306,0.6660526708816648,142361,0.670618937927201,8571,133790,2842,67080,0.07377891632536063
in_degree,<=,1.0,0.06148708144598958,0.6791378252869534,0.5889779459351819,126059,0.5938252238756754,7751,118308,3662,82562,0.07515771387125739
in_degree,>=,2.0,0.042470773798478384,0.3208621747130465,0.41102205406481807,86224,0.4061747761243246,3662,82562,7751,118308,0.05138798065723852
in_degree,<=,2.0,0.06333068389950583,0.8028563918338737,0.6746751630407727,144685,0.6815665879980969,9163,135522,2250,65348,0.07763241057827378
in_degree,>=,3.0,0.03328500843220213,0.19714360816612636,0.32532483695922737,67598,0.3184334120019031,2250,65348,9163,135522,0.03992122212167989
in_degree,<=,3.0,0.0635896246472612,0.8648032944887409,0.7235724597998706,155214,0.7311654725060415,9870,145344,1543,55526,0.07805222144372095
in_degree,>=,5.0,0.021302546632178832,0.08875843336546044,0.2316921391945039,47553,0.22400757479402494,1013,46540,10400,154330,0.025120892746435215
in_degree,<=,5.0,0.06307352225486229,0.9425216857968983,0.7954896201523374,170547,0.803394525232826,10757,159790,656,41080,0.07754458254817971
in_degree,>=,10.0,0.01066953393159919,0.022605800403049155,0.11909692836162693,24181,0.11390926263525576,258,23923,11155,176947,0.011929311891397024
in_degree,<=,10.0,0.0581639476835508,0.9830894593884167,0.9044805097824463,192903,0.9087067735051794,11220,181683,193,19187,0.07164522205548993
in_degree,>=,20.0,0.008951642672572905,0.008499079996495225,0.05346243839299049,10836,0.05104506719803281,97,10739,11316,190131,0.008857315046478076
in_degree,<=,20.0,0.0561672916294665,0.9922018750547621,0.9473191616468363,201612,0.9497321971142296,11324,190288,89,10582,0.06922936782656222
in_degree,>=,50.0,0.009218825812712276,0.003329536493472356,0.02033155772390103,4122,0.019417475728155338,38,4084,11375,196786,0.0068097917637360665
in_degree,<=,50.0,0.05456821746701011,0.9967580828879348,0.9812167073231444,208473,0.9820522604259408,11376,197097,37,3773,0.06728932160581091
in_degree,>=,100.0,0.011269276393831554,0.001664768246736178,0.008298899785931199,1686,0.007942228063481296,19,1667,11394,199203,0.005232141873657542
in_degree,<=,100.0,0.053950140865077295,0.9983352317532638,0.9946781500472943,211195,0.9948747662318698,11394,199801,19,1069,0.06653873600928763
in_degree,>=,200.0,0.05555555555555555,0.0007009550512573382,0.0006770548115696719,144,0.0006783397634290075,8,136,11405,200734,0.003336391692384686
in_degree,<=,200.0,0.053758372495321775,0.9992990449487427,0.9993926420072684,212153,0.9993876099357932,11405,200748,8,122,0.0663062120287201
in_degree,>=,500.0,0.0625,0.00017523876281433454,0.00014935032608154528,32,0.00015074216965089055,2,30,11411,200840,0.0008664760419374404
in_degree,<=,500.0,0.05376602450848751,0.9999123806185928,0.9998556280181212,212253,0.9998586792159523,11412,200841,1,29,0.0663160647354505
in_degree,>=,1000.0,0.09090909090909091,8.761938140716727e-05,4.978344202718176e-05,11,5.181762081749363e-05,1,10,11412,200860,0.00043641441913240813
in_degree,<=,1000.0,0.053761212029848494,0.9999123806185928,0.9999502165579728,212272,0.9999481823791825,11412,200860,1,10,0.06631020765809685
in_degree,>=,10000.0,0.0,0.0,4.978344202718176e-06,1,4.7106928015903295e-06,0,1,11413,200869,0.0
in_degree,<=,10000.0,0.053763390207365674,1.0,0.9999950216557972,212282,0.9999952893071984,11413,200869,0,1,0.06631293569975166
out_degree,>=,0.0,0.053763136944550434,1.0,1.0,212283,1.0,11413,200870,0,0,0.06631262746282879
out_degree,<=,0.0,0.01246064238759109,0.12240427582581268,0.5511823567481455,112113,0.5281299020646967,1397,110716,10016,90154,0.015189240320528851
out_degree,>=,1.0,0.09999001697114905,0.8775957241741873,0.4488176432518544,100170,0.4718700979353033,10016,90154,1397,110716,0.12152596622607033
out_degree,<=,1.0,0.06396083151309827,0.754315254534303,0.6272166077562603,134598,0.6340498297084552,8609,125989,2804,74881,0.07829139422158765
out_degree,>=,2.0,0.036094484134646325,0.24568474546569702,0.37278339224373974,77685,0.36595017029154475,2804,74881,8609,125989,0.04351969405841324
out_degree,<=,2.0,0.0592596140541346,0.9756418119688075,0.8800069696818839,187902,0.8851485988044262,11135,176767,278,24103,0.07296653696294073
out_degree,>=,3.0,0.01140232147984086,0.0243581880311925,0.1199930303181162,24381,0.11485140119557383,278,24103,11135,176767,0.012759668432213114
out_degree,<=,3.0,0.058485963577228996,0.9831770787698239,0.8992731617464031,191858,0.9037840995275175,11221,180637,192,20233,0.07203615610294731
out_degree,>=,5.0,0.005386709004309367,0.00832384123368089,0.08732513565987952,17636,0.08307777824884706,95,17541,11318,183329,0.005795722146979513
out_degree,<=,5.0,0.05789920001634705,0.9930780688688338,0.918106237865286,195754,0.9221369586825134,11334,184420,79,16450,0.07133425391067043
out_degree,>=,10.0,0.0018798528810788722,0.002015245772364847,0.06079553940359436,12235,0.05763532642745769,23,12212,11390,188658,0.0019054562324987987
out_degree,<=,10.0,0.05675422606062417,0.998422851134671,0.9428137601433764,200778,0.9458034793177033,11395,189383,18,11487,0.06994874313250053
out_degree,>=,20.0,0.0009419997308572198,0.0006133356698501709,0.036959227360979736,7431,0.03500515820861774,7,7424,11406,193446,0.0008508155674939835
out_degree,<=,20.0,0.05558262835756891,0.9993866643301498,0.9648130631751879,205208,0.9666718484287484,11406,193802,7,7068,0.06852549429555
out_degree,>=,50.0,0.0007955449482895784,0.00017523876281433454,0.012505600637228057,2514,0.011842681703198089,2,2512,11411,198358,0.0004657878801993572
out_degree,<=,50.0,0.05434870617596769,0.9998247612371857,0.9884402847612884,209959,0.9890523499291041,11411,198548,2,2322,0.06702504202648109
out_degree,>=,100.0,0.0,0.0,0.004918604072285558,988,0.004654164487971246,0,988,11413,199882,0.0
out_degree,<=,100.0,0.054014018182936815,1.0,0.9950913526161199,211297,0.9953552568976319,11413,199884,0,986,0.06661794697881511
out_degree,>=,200.0,0.0,0.0,0.004211679195499577,846,0.003985246110145419,0,846,11413,200024,0.0
out_degree,<=,200.0,0.05397825356962121,1.0,0.9957883208045004,211437,0.9960147538898546,11413,200024,0,846,0.0665744241746883
out_degree,>=,500.0,0.0,0.0,0.0022900383332503608,460,0.0021669186887315517,0,460,11413,200410,0.0
out_degree,<=,500.0,0.053867683637685196,1.0,0.9979489221884801,211871,0.9980591945657448,11413,200458,0,412,0.0664398641513476
out_degree,>=,1000.0,0.0,0.0,0.0006720764673669537,135,0.0006359435282146946,0,135,11413,200735,0.0
out_degree,<=,1000.0,0.053797095437640524,1.0,0.9993329018768358,212149,0.9993687671645869,11413,200736,0,134,0.06635395676091761
out_degree,>=,10000.0,0.0,0.0,9.956688405436352e-06,2,9.421385603180659e-06,0,2,11413,200868,0.0
out_degree,<=,10000.0,0.05376364347256702,1.0,0.9999900433115946,212281,0.9999905786143968,11413,200868,0,2,0.06631324393954008
out_degree,>=,20000.0,0.0,0.0,4.978344202718176e-06,1,4.7106928015903295e-06,0,1,11413,200869,0.0
out_degree,<=,20000.0,0.053763390207365674,1.0,0.9999950216557972,212282,0.9999952893071984,11413,200869,0,1,0.06631293569975166
total_degree,>=,0.0,0.053763136944550434,1.0,1.0,212283,1.0,11413,200870,0,0,0.06631262746282879
total_degree,<=,0.0,,0.0,0.0,0,0.0,0,0,11413,200870,0.0
total_degree,>=,1.0,0.053763136944550434,1.0,1.0,212283,1.0,11413,200870,0,0,0.06631262746282879
total_degree,<=,1.0,0.03707259828239185,0.18268641023394375,0.26960720864240556,56241,0.2649340738542417,2085,54156,9328,146714,0.04410327569941238
total_degree,>=,2.0,0.05977877750861947,0.8173135897660563,0.7303927913575945,156042,0.7350659261457583,9328,146714,2085,54156,0.0733816775517204
total_degree,<=,2.0,0.06431265846268011,0.6378690966441777,0.527291282919301,113197,0.5332362930616206,7280,105917,4133,94953,0.07841430759520121
total_degree,>=,3.0,0.04171124074036695,0.3621309033558223,0.47270871708069895,99086,0.46676370693837943,4133,94953,7280,105917,0.0506796940334562
total_degree,<=,3.0,0.06867482736017318,0.7894506264785771,0.6082939214417284,131198,0.6180334741830481,9010,122188,2403,78682,0.08401637433444298
total_degree,>=,5.0,0.02394374467835227,0.1429072110750898,0.33099517100612336,68118,0.3208829722587301,1631,66487,9782,134383,0.028726420909875476
total_degree,<=,5.0,0.06757669778089721,0.9026548672566371,0.7076566933837806,152449,0.7181404069096442,10302,142147,1111,58723,0.08291895320254536
total_degree,>=,10.0,0.010605199794388984,0.034346797511609566,0.18206302583760642,36963,0.17412133802518337,392,36571,11021,164299,0.01230653313659624
total_degree,<=,10.0,0.06154630378652719,0.9732760886708139,0.8432020709911884,180482,0.8501952582166259,11108,169374,305,31496,0.07573557185538515
total_degree,>=,20.0,0.006386318125236781,0.010339087006045737,0.09139742121770299,18477,0.08703947089498452,118,18359,11295,182511,0.006915061942546384
total_degree,<=,20.0,0.05815616703369075,0.9903618680452116,0.9113008413401703,194356,0.9155514101458901,11303,183053,110,17817,0.07164344471671587
total_degree,>=,50.0,0.006252791424743189,0.003680014019101025,0.033230447553143826,6717,0.03164172354828224,42,6675,11371,194195,0.005485750111021133
total_degree,<=,50.0,0.055192063137662235,0.996319985980899,0.9690595907801065,206026,0.9705251951404493,11371,194655,42,6215,0.06804768783878724
total_degree,>=,100.0,0.007473309608540925,0.0018400070095505126,0.013884601981380992,2810,0.013237046772468827,21,2789,11392,198081,0.00463514766256125
total_degree,<=,100.0,0.054241532645851784,0.9982476123718567,0.9889430975257629,210042,0.989443337431636,11393,198649,20,2221,0.06689322565909761
total_degree,>=,200.0,0.007976071784646061,0.0007009550512573382,0.004953452481704585,1003,0.004724824879995101,8,995,11405,199875,0.002593192868719611
total_degree,<=,200.0,0.05397743407227912,0.9992990449487427,0.995106287648728,211292,0.995331703433624,11405,199887,8,983,0.06657280514043622
total_degree,>=,500.0,0.004166666666666667,0.00017523876281433454,0.002379648528899288,480,0.0022611325447633585,2,478,11411,200392,0.0007500187504687618
total_degree,<=,500.0,0.05386804877012617,0.9999123806185928,0.9978543336486284,211851,0.997964980709713,11412,200439,1,431,0.06644023115518206
total_degree,>=,1000.0,0.006802721088435374,8.761938140716727e-05,0.0007268382535968536,147,0.0006924718418337785,1,146,11412,200724,0.0004166319473377219
total_degree,<=,1000.0,0.05379542465482212,0.9999123806185928,0.9992781400906059,212137,0.9993122388509678,11412,200725,1,145,0.06635184618837366
total_degree,>=,10000.0,0.0,0.0,1.4935032608154527e-05,3,1.413207840477099e-05,0,3,11413,200867,0.0
total_degree,<=,10000.0,0.05376389674015451,1.0,0.9999850649673918,212280,0.9999858679215953,11413,200867,0,3,0.06631355218219406
total_degree,>=,20000.0,0.0,0.0,4.978344202718176e-06,1,4.7106928015903295e-06,0,1,11413,200869,0.0
total_degree,<=,20000.0,0.053763390207365674,1.0,0.9999950216557972,212282,0.9999952893071984,11413,200869,0,1,0.06631293569975166
unique_in_neighbors,>=,0.0,0.053763136944550434,1.0,1.0,212283,1.0,11413,200870,0,0,0.06631262746282879
unique_in_neighbors,<=,0.0,0.04064529046651984,0.24901428195916936,0.33394732911833525,69922,0.32938106207279905,2842,67080,8571,133790,0.04881467257068852
unique_in_neighbors,>=,1.0,0.06020609577061133,0.7509857180408306,0.6660526708816648,142361,0.670618937927201,8571,133790,2842,67080,0.07377891632536063
unique_in_neighbors,<=,1.0,0.05940979998012794,0.6810654516779111,0.6126549509633096,130837,0.616332914081674,7773,123064,3640,77806,0.07267732688060648
unique_in_neighbors,>=,2.0,0.0446921886894384,0.31893454832208884,0.38734504903669037,81446,0.383667085918326,3640,77806,7773,123064,0.05397438292748749
unique_in_neighbors,<=,2.0,0.062143065218716764,0.8037325856479454,0.6891920147358989,147611,0.6953500751355501,9173,138438,2240,62432,0.07620580968568946
unique_in_neighbors,>=,3.0,0.034636318654131616,0.19626741435205466,0.31080798526410114,64672,0.3046499248644498,2240,62432,9173,138438,0.041465970137096866
unique_in_neighbors,<=,3.0,0.06300357887887313,0.8653290107771839,0.7312042614626375,156753,0.7384152287276889,9876,146877,1537,53993,0.07734659513646866
unique_in_neighbors,>=,5.0,0.021515495006095346,0.08814509769561027,0.22776422561855927,46757,0.22025786332395905,1006,45751,10407,155119,0.02534758442055825
unique_in_neighbors,<=,5.0,0.0629474521547892,0.9429597827039341,0.7975606113406681,170968,0.8053777269022955,10762,160206,651,40664,0.07739272384705552
unique_in_neighbors,>=,10.0,0.010571701007420919,0.02234294225882765,0.11881316274207199,24121,0.11362662106716034,255,23866,11158,177004,0.011816825305615541
unique_in_neighbors,<=,10.0,0.05814893506762709,0.9831770787698239,0.9048090804998258,192970,0.909022389922886,11221,181749,192,19121,0.07162709228858166
unique_in_neighbors,>=,20.0,0.008973172987974098,0.008499079996495225,0.053333001443719816,10810,0.050922589185191464,97,10713,11316,190157,0.008874169761952683
unique_in_neighbors,<=,20.0,0.05615615019935334,0.9922018750547621,0.947518295414945,201652,0.9499206248262932,11324,190328,89,10542,0.06921582697754704
unique_in_neighbors,>=,50.0,0.009057527539779682,0.0032419171120651887,0.020152337332603177,4085,0.019243180094496496,37,4048,11376,196822,0.006665946023853277
unique_in_neighbors,<=,50.0,0.054560889396213924,0.9967580828879348,0.9813561009608204,208501,0.9821841598243853,11376,197125,37,3745,0.06728040718367385
unique_in_neighbors,>=,100.0,0.011329755515802028,0.001664768246736178,0.008254094688106737,1677,0.007899831828266984,19,1658,11394,199212,0.005242536283869543
unique_in_neighbors,<=,100.0,0.05394733104173177,0.9983352317532638,0.9947329118335242,211206,0.9949265838526872,11394,199812,19,1058,0.06653531674057533
unique_in_neighbors,>=,200.0,0.061068702290076333,0.0007009550512573382,0.0006123363369343357,131,0.0006171007570083332,8,123,11405,200747,0.003350925693222753
unique_in_neighbors,<=,200.0,0.053755838671210344,0.9992990449487427,0.9994424254492955,212163,0.9994347168638091,11405,200758,8,112,0.06630312825193445
unique_in_neighbors,>=,500.0,0.06896551724137931,0.00017523876281433454,0.00013441529347339075,29,0.00013661009124611956,2,27,11411,200843,0.0008673779165582445
unique_in_neighbors,<=,500.0,0.05376551789121575,0.9999123806185928,0.9998655847065266,212255,0.9998681006015555,11412,200843,1,27,0.06631544815226752
unique_in_neighbors,>=,1000.0,0.16666666666666666,8.761938140716727e-05,2.489172101359088e-05,6,2.826415680954198e-05,1,5,11412,200865,0.00043717758153361897
unique_in_neighbors,<=,1000.0,0.053759945731285064,0.9999123806185928,0.9999751082789864,212277,0.9999717358431904,11412,200865,1,5,0.06630866649390312
unique_in_neighbors,>=,10000.0,0.0,0.0,4.978344202718176e-06,1,4.7106928015903295e-06,0,1,11413,200869,0.0
unique_in_neighbors,<=,10000.0,0.053763390207365674,1.0,0.9999950216557972,212282,0.9999952893071984,11413,200869,0,1,0.06631293569975166
unique_out_neighbors,>=,0.0,0.053763136944550434,1.0,1.0,212283,1.0,11413,200870,0,0,0.06631262746282879
unique_out_neighbors,<=,0.0,0.01246064238759109,0.12240427582581268,0.5511823567481455,112113,0.5281299020646967,1397,110716,10016,90154,0.015189240320528851
unique_out_neighbors,>=,1.0,0.09999001697114905,0.8775957241741873,0.4488176432518544,100170,0.4718700979353033,10016,90154,1397,110716,0.12152596622607033
unique_out_neighbors,<=,1.0,0.06384728210142673,0.7551914483483747,0.6291382486185095,134994,0.635915264057885,8619,126375,2794,74495,0.07815716309175555
unique_out_neighbors,>=,2.0,0.03615003428689723,0.24480855165162535,0.3708617513814905,77289,0.364084735942115,2794,74495,8619,126375,0.04357876151468171
unique_out_neighbors,<=,2.0,0.05918834392638493,0.9766932445456935,0.8820829392144173,188331,0.8871694860163084,11147,177184,266,23686,0.07288126506236785
unique_out_neighbors,>=,3.0,0.011105544422177689,0.023306755454306494,0.11791706078558271,23952,0.11283051398369158,266,23686,11147,177184,0.012404286473731825
unique_out_neighbors,<=,3.0,0.05838016975388803,0.9847542276351529,0.9024493453477374,192514,0.9068743140053608,11239,181275,174,19595,0.07190944234512181
unique_out_neighbors,>=,5.0,0.004791041329946895,0.007272408656794883,0.08583163239906406,17324,0.08160804209475088,83,17241,11330,183629,0.005141929648490255
unique_out_neighbors,<=,5.0,0.05784849907148542,0.9935161657758697,0.9193657589485738,196012,0.9233523174253238,11339,184673,74,16197,0.0712731359551254
unique_out_neighbors,>=,10.0,0.0018069815195071869,0.0019276263909576799,0.06050181709563399,12175,0.05735268485936227,22,12153,11391,188717,0.0018298870460632475
unique_out_neighbors,<=,10.0,0.05674705334601461,0.9985104705160781,0.9430228505998904,200821,0.9460060391081716,11396,189425,17,11445,0.06994011270447786
unique_out_neighbors,>=,20.0,0.0009436505796710703,0.0006133356698501709,0.0368945088863444,7418,0.03494391920219707,7,7411,11406,193459,0.0008518924181574784
unique_out_neighbors,<=,20.0,0.05557937822824286,0.9993866643301498,0.9648728033056205,205220,0.9667283767423674,11406,193814,7,7056,0.06852154229339907
unique_out_neighbors,>=,50.0,0.0008006405124099279,0.00017523876281433454,0.012425947129984568,2498,0.011767310618372644,2,2496,11411,198374,0.000467180565288484
unique_out_neighbors,<=,50.0,0.05434663542366181,0.9998247612371857,0.9884801115149101,209967,0.9890900354715167,11411,198556,2,2314,0.06702252252781396
unique_out_neighbors,>=,100.0,0.0,0.0,0.0048190371882311945,968,0.004559950631939439,0,968,11413,199902,0.0
unique_out_neighbors,<=,100.0,0.05400865046990791,1.0,0.995195897844377,211318,0.9954541814464654,11413,199905,0,965,0.06661141493080887
unique_out_neighbors,>=,200.0,0.0,0.0,0.004211679195499577,846,0.003985246110145419,0,846,11413,200024,0.0
unique_out_neighbors,<=,200.0,0.05397825356962121,1.0,0.9957883208045004,211437,0.9960147538898546,11413,200024,0,846,0.0665744241746883
unique_out_neighbors,>=,500.0,0.0,0.0,0.00226514661223677,455,0.0021433652247236,0,455,11413,200415,0.0
unique_out_neighbors,<=,500.0,0.05386641242991184,1.0,0.9979738139094937,211876,0.9980827480297527,11413,200463,0,407,0.06643831709000986
unique_out_neighbors,>=,1000.0,0.0,0.0,0.0006123363369343357,123,0.0005794152145956106,0,123,11413,200747,0.0
unique_out_neighbors,<=,1000.0,0.053791770749870384,1.0,0.9994374471050929,212170,0.9994676917134203,11413,200757,0,113,0.06634747637755452
unique_out_neighbors,>=,10000.0,0.0,0.0,9.956688405436352e-06,2,9.421385603180659e-06,0,2,11413,200868,0.0
unique_out_neighbors,<=,10000.0,0.05376364347256702,1.0,0.9999900433115946,212281,0.9999905786143968,11413,200868,0,2,0.06631324393954008
unique_out_neighbors,>=,20000.0,0.0,0.0,4.978344202718176e-06,1,4.7106928015903295e-06,0,1,11413,200869,0.0
unique_out_neighbors,<=,20000.0,0.053763390207365674,1.0,0.9999950216557972,212282,0.9999952893071984,11413,200869,0,1,0.06631293569975166
unique_neighbors,>=,0.0,0.053763136944550434,1.0,1.0,212283,1.0,11413,200870,0,0,0.06631262746282879
unique_neighbors,<=,0.0,,0.0,0.0,0,0.0,0,0,11413,200870,0.0
unique_neighbors,>=,1.0,0.053763136944550434,1.0,1.0,212283,1.0,11413,200870,0,0,0.06631262746282879
unique_neighbors,<=,1.0,0.035088306127910085,0.18382546219223692,0.28722059043162246,59792,0.281661743992689,2098,57694,9315,143176,0.04186271105949773
unique_neighbors,>=,2.0,0.06108557226328111,0.8161745378077631,0.7127794095683776,152491,0.718338256007311,9315,143176,2098,57694,0.0749544962237096
unique_neighbors,<=,2.0,0.06301064298868264,0.638570051695435,0.5395280529695823,115663,0.5448528615103423,7288,108375,4125,92495,0.07686709628426482
unique_neighbors,>=,3.0,0.04269302421858828,0.361429948304565,0.46047194703041766,96620,0.45514713848965765,4125,92495,7288,108375,0.05183554372657976
unique_neighbors,<=,3.0,0.06756372240692485,0.7905896784368702,0.6199283118434809,133548,0.6291036022667854,9023,124525,2390,76345,0.08268802521971023
unique_neighbors,>=,5.0,0.02431865828092243,0.14229387540523963,0.32436899487230547,66780,0.3145800652902022,1624,65156,9789,135714,0.02915273953176105
unique_neighbors,<=,5.0,0.06717701478923709,0.9034434416893017,0.7127943446009857,153490,0.7230442381160997,10311,143179,1102,57691,0.08243880052384737
unique_neighbors,>=,10.0,0.010408719346049046,0.0334706036975379,0.18080350475431872,36700,0.1728824258183651,382,36318,11031,164552,0.012072332867716307
unique_neighbors,<=,10.0,0.06151683994444783,0.9741522824848856,0.844391895255638,180731,0.8513682207242219,11118,169613,295,31257,0.07570093839749326
unique_neighbors,>=,20.0,0.006405384865921181,0.010339087006045737,0.0911236122865535,18422,0.08678038279089706,118,18304,11295,182566,0.0069329385083606535
unique_neighbors,<=,20.0,0.058136723913569006,0.9903618680452116,0.9116244337133469,194421,0.9158576051779935,11303,183118,110,17752,0.07161983887912386
unique_neighbors,>=,50.0,0.00599610253335332,0.0035047752562866906,0.03301140040822422,6671,0.03142503167940909,40,6631,11373,194239,0.005249757198729559
unique_neighbors,<=,50.0,0.05519105529296439,0.9964952247437133,0.9692487678598098,206066,0.970713622852513,11373,194693,40,6177,0.06804662566996579
unique_neighbors,>=,100.0,0.007664233576642336,0.0018400070095505126,0.01353611788719072,2740,0.012907298276357504,21,2719,11392,198151,0.0046931569302284
unique_neighbors,<=,100.0,0.05422294563903405,0.9982476123718567,0.9893015383083587,210114,0.9897825073133506,11393,198721,20,2149,0.06687061038727786
unique_neighbors,>=,200.0,0.00823045267489712,0.0007009550512573382,0.004799123811420321,972,0.004578793403145801,8,964,11405,199906,0.0026142082216848573
unique_neighbors,<=,200.0,0.053969515859608276,0.9992990449487427,0.9952606163190123,211323,0.9954777349104733,11405,199918,8,952,0.06656316935234416
unique_neighbors,>=,500.0,0.0041928721174004195,0.00017523876281433454,0.0023647134962911337,477,0.0022470004663585875,2,475,11411,200395,0.0007506943923128894
unique_neighbors,<=,500.0,0.053867540228365894,0.9999123806185928,0.9978642903370339,211853,0.9979744020953162,11412,200441,1,429,0.0664396122609379
unique_neighbors,>=,1000.0,0.007352941176470588,8.761938140716727e-05,0.0006720764673669537,136,0.0006406542210162849,1,135,11412,200735,0.00041816509157815507
unique_neighbors,<=,1000.0,0.05379111400209282,0.9999123806185928,0.999362771942052,212154,0.9993923206285948,11412,200742,1,128,0.06634659994023458
unique_neighbors,>=,10000.0,0.0,0.0,1.4935032608154527e-05,3,1.413207840477099e-05,0,3,11413,200867,0.0
unique_neighbors,<=,10000.0,0.05376389674015451,1.0,0.9999850649673918,212280,0.9999858679215953,11413,200867,0,3,0.06631355218219406
unique_neighbors,>=,20000.0,0.0,0.0,4.978344202718176e-06,1,4.7106928015903295e-06,0,1,11413,200869,0.0
unique_neighbors,<=,20000.0,0.053763390207365674,1.0,0.9999950216557972,212282,0.9999952893071984,11413,200869,0,1,0.06631293569975166
direct_illicit_neighbor_count,>=,0.0,0.053763136944550434,1.0,1.0,212283,1.0,11413,200870,0,0,0.06631262746282879
direct_illicit_neighbor_count,<=,0.0,0.009166113338292486,0.1608691842635591,0.9880370388808682,200303,0.9435659002369479,1836,198467,9577,2403,0.011296723580987541
direct_illicit_neighbor_count,>=,1.0,0.7994156928213689,0.8391308157364409,0.011962961119131777,11980,0.05643409976305215,9577,2403,1836,198467,0.807055095815145
direct_illicit_neighbor_count,<=,1.0,0.04186720760891406,0.7667572066941207,0.996998058445761,209018,0.9846195880028076,8751,200267,2662,603,0.05162923237579426
direct_illicit_neighbor_count,>=,2.0,0.8153139356814701,0.23324279330587927,0.00300194155423906,3265,0.015380411997192428,2662,603,8751,200267,0.5438646671842439
direct_illicit_neighbor_count,<=,2.0,0.050074412520262006,0.9256987645667222,0.9977647234529795,210986,0.9938902314363374,10565,200421,848,449,0.06175783912448252
direct_illicit_neighbor_count,>=,3.0,0.653816499614495,0.07430123543327784,0.002235276547020461,1297,0.006109768563662658,848,449,10565,200421,0.2554063008252515
direct_illicit_neighbor_count,<=,3.0,0.051494348585135526,0.9536493472356086,0.9980534674167372,211363,0.9956661626225369,10884,200479,529,391,0.06351058801561506
direct_illicit_neighbor_count,>=,5.0,0.47982708933717577,0.0291772540085867,0.0017971822571812616,694,0.003269220804303689,333,361,11080,200509,0.11734442173514695
direct_illicit_neighbor_count,<=,5.0,0.05282919065453223,0.9801104004205731,0.9984218648877383,211739,0.9974373831159349,11186,200553,227,317,0.06515845749322262
direct_illicit_neighbor_count,>=,10.0,0.36610169491525424,0.009462893191974065,0.0009309503659082989,295,0.0013896543764691472,108,187,11305,200683,0.04288096561581831
direct_illicit_neighbor_count,<=,10.0,0.05337150187227059,0.991588539384912,0.9992781400906059,212042,0.9988647230348168,11317,200725,96,145,0.06582858392635482
direct_illicit_neighbor_count,>=,20.0,0.7903225806451613,0.004293349688951196,6.471847463533628e-05,62,0.00029206295369860045,49,13,11364,200857,0.02101020495669325
direct_illicit_neighbor_count,<=,20.0,0.0535519074185766,0.995794269692456,0.9999452382137701,212224,0.9997220691247062,11365,200859,48,11,0.06605184881246157
direct_illicit_neighbor_count,>=,50.0,1.0,0.0023657232979935163,0.0,27,0.0001271887056429389,27,0,11386,200870,0.011717732835691346
direct_illicit_neighbor_count,<=,50.0,0.05365168804002676,0.9978095154648208,1.0,212258,0.9998822326799602,11388,200870,25,0,0.06617506057911894
direct_illicit_neighbor_count,>=,100.0,1.0,0.001314290721107509,0.0,15,7.066039202385495e-05,15,0,11398,200870,0.006537087073999826
direct_illicit_neighbor_count,<=,100.0,0.05369627075206814,0.9986857092788924,1.0,212268,0.9999293396079761,11398,200870,15,0,0.06623009116951487
direct_illicit_neighbor_count,>=,200.0,1.0,0.0007009550512573382,0.0,8,3.7685542412722636e-05,8,0,11405,200870,0.0034949759720401923
direct_illicit_neighbor_count,<=,200.0,0.053727476151218936,0.9992990449487427,1.0,212275,0.9999623144575873,11405,200870,8,0,0.06626860953872864
direct_illicit_neighbor_count,>=,500.0,1.0,8.761938140716727e-05,0.0,1,4.7106928015903295e-06,1,0,11412,200870,0.00043794341771043183
direct_illicit_neighbor_count,<=,500.0,0.053758679492373354,0.9999123806185928,1.0,212282,0.9999952893071984,11412,200870,1,0,0.06630712540134637
direct_licit_neighbor_count,>=,0.0,0.053763136944550434,1.0,1.0,212283,1.0,11413,200870,0,0,0.06631262746282879
direct_licit_neighbor_count,<=,0.0,0.244483053704328,0.826075527906773,0.14504405834619405,38563,0.1816584465077279,9428,29135,1985,171735,0.28455014637974224
direct_licit_neighbor_count,>=,1.0,0.01142643334100852,0.17392447209322703,0.854955941653806,173720,0.8183415534922721,1985,171735,9428,29135,0.014052241775014053
direct_licit_neighbor_count,<=,1.0,0.09179033582055136,0.8719880837641286,0.49021257529745604,108421,0.5107380242412252,9952,98469,1461,102401,0.11179585573481736
direct_licit_neighbor_count,>=,2.0,0.01406674240819549,0.12801191623587138,0.5097874247025439,103862,0.48926197575877484,1461,102401,9952,98469,0.01711329917701547
direct_licit_neighbor_count,<=,2.0,0.07701242885352538,0.9294663979672304,0.632926768556778,137744,0.6488696692622584,10608,127136,805,73734,0.09431194422366014
direct_licit_neighbor_count,>=,3.0,0.010799715585129932,0.07053360203276965,0.36707323144322196,74539,0.3511303307377416,805,73734,10608,127136,0.013001947869457213
direct_licit_neighbor_count,<=,3.0,0.07183033656062701,0.9555769736265662,0.7015681784238562,151830,0.7152244880654598,10906,140924,507,59946,0.08813171432588855
direct_licit_neighbor_count,>=,5.0,0.006102790131828244,0.02681153071059318,0.2480957833424603,50141,0.23619884776454073,306,49835,11107,151035,0.007217764191398124
direct_licit_neighbor_count,<=,5.0,0.0668055720919157,0.9832646981512311,0.7803952805296959,167980,0.7913021768111436,11222,156758,191,44112,0.08211223517670009
direct_licit_neighbor_count,>=,10.0,0.0017597708205443013,0.0037676334005081924,0.12143177179270175,24435,0.11510577860685971,43,24392,11370,176478,0.001969712238784092
direct_licit_neighbor_count,<=,10.0,0.05967220683287165,0.9965828441251204,0.8922885448299895,190608,0.8978957335255296,11374,179234,39,21636,0.07349016921993422
direct_licit_neighbor_count,>=,20.0,0.0010285623862647361,0.0011390519582931745,0.06285657390351969,12639,0.05953844631930018,13,12626,11400,188244,0.0010489115525504687
direct_licit_neighbor_count,<=,20.0,0.05699844517880444,0.998948567423114,0.9390252402051078,200023,0.9422469062525025,11401,188622,12,12248,0.07024602436214195
direct_licit_neighbor_count,>=,50.0,0.0014109347442680777,0.0003504775256286691,0.014093692437895156,2835,0.013354814092508585,4,2831,11409,198039,0.00087900496637806
direct_licit_neighbor_count,<=,50.0,0.05446005355787544,0.9996495224743713,0.9861303330512272,209493,0.986857167083563,11409,198084,4,2786,0.06716035719962091
direct_licit_neighbor_count,>=,100.0,0.0,0.0,0.0051028028077861306,1025,0.0048284601216300885,0,1025,11413,199845,0.0
direct_licit_neighbor_count,<=,100.0,0.05401861992909849,1.0,0.9950017424204709,211279,0.9952704644272033,11413,199866,0,1004,0.06662354689683594
direct_licit_neighbor_count,>=,200.0,0.0,0.0,0.002733110967292279,549,0.0025861703480730912,0,549,11413,200321,0.0
direct_licit_neighbor_count,<=,200.0,0.05390253809024531,1.0,0.9972668890327078,211734,0.9974138296519269,11413,200321,0,549,0.0664822816826256
direct_licit_neighbor_count,>=,500.0,0.0,0.0,0.0008612535470702444,173,0.000814949854675127,0,173,11413,200697,0.0
direct_licit_neighbor_count,<=,500.0,0.053806986940738294,1.0,0.9991387464529298,212110,0.9991850501453249,11413,200697,0,173,0.06636599511777012
direct_licit_neighbor_count,>=,1000.0,0.0,0.0,0.00024393886593319063,49,0.00023082394727792617,0,49,11413,200821,0.0
direct_licit_neighbor_count,<=,1000.0,0.053775549629182885,1.0,0.9997560611340668,212234,0.9997691760527221,11413,200821,0,49,0.0663277344426506
direct_licit_neighbor_count,>=,10000.0,0.0,0.0,4.978344202718176e-06,1,4.7106928015903295e-06,0,1,11413,200869,0.0
direct_licit_neighbor_count,<=,10000.0,0.053763390207365674,1.0,0.9999950216557972,212282,0.9999952893071984,11413,200869,0,1,0.06631293569975166
direct_unknown_neighbor_count,>=,0.0,0.053763136944550434,1.0,1.0,212283,1.0,11413,200870,0,0,0.06631262746282879
direct_unknown_neighbor_count,<=,0.0,0.04653254708225652,0.2855515640059581,0.33244386916911434,70037,0.32992279174498196,3259,66778,8154,134092,0.055888819149337535
direct_unknown_neighbor_count,>=,1.0,0.05732322877268957,0.7144484359940418,0.6675561308308856,142246,0.670077208255018,8154,134092,3259,66778,0.07024502194187772
direct_unknown_neighbor_count,<=,1.0,0.060535408886251786,0.7598352755629545,0.6700004978344203,143255,0.6748302972918228,8672,134583,2741,66287,0.07419156686908508
direct_unknown_neighbor_count,>=,2.0,0.03970852407718607,0.24016472443704548,0.3299995021655797,69028,0.3251697027081773,2741,66287,8672,134583,0.047665420398226244
direct_unknown_neighbor_count,<=,2.0,0.062230286679519395,0.9135196705511259,0.7821625927216608,167539,0.7892247612856422,10426,157113,987,43757,0.07648528615591378
direct_unknown_neighbor_count,>=,3.0,0.022058823529411766,0.08648032944887409,0.21783740727833922,44744,0.21077523871435772,987,43757,10426,157113,0.025920615161590218
direct_unknown_neighbor_count,<=,3.0,0.06117923661060009,0.9621484272321037,0.8388908249116344,179489,0.8455175402646468,10981,168508,432,32362,0.07527739731192305
direct_unknown_neighbor_count,>=,5.0,0.010243652593839175,0.024533426794006833,0.13468412406033753,27334,0.12876207703867007,280,27054,11133,173816,0.011594298917589379
direct_unknown_neighbor_count,<=,5.0,0.05939266771580113,0.9821256461929379,0.8837457061781252,188727,0.8890349203657382,11209,177518,204,23352,0.07313514832557114
direct_unknown_neighbor_count,>=,10.0,0.006268252724553031,0.007710505563830719,0.06945287997212127,14039,0.06613341624152665,88,13951,11325,186919,0.006511861948526691
direct_unknown_neighbor_count,<=,10.0,0.05691024263901298,0.9934285463944624,0.9353711355603126,199226,0.938492484089635,11338,187888,75,12982,0.07013337589089429
direct_unknown_neighbor_count,>=,20.0,0.006128702757916241,0.0031542977306580214,0.02906357345546871,5874,0.027670609516541596,36,5838,11377,195032,0.005156263427769343
direct_unknown_neighbor_count,<=,20.0,0.05503242749154854,0.9970209410321563,0.9727186737691044,206769,0.9740252398920309,11379,195390,34,5480,0.06785419963768159
direct_unknown_neighbor_count,>=,50.0,0.004448038819247877,0.0009638131954788399,0.012256683427092149,2473,0.011649543298332886,11,2462,11402,198408,0.002581553625909411
direct_unknown_neighbor_count,<=,50.0,0.054342852785297595,0.9990361868045211,0.9877731866381242,209816,0.9883787208584767,11402,198414,11,2456,0.06701721099782879
direct_unknown_neighbor_count,>=,100.0,0.0067226890756302525,0.0003504775256286691,0.002942201423806442,595,0.0028028622169462463,4,591,11409,200279,0.001450010875081563
direct_unknown_neighbor_count,<=,100.0,0.05389433705572246,0.9996495224743713,0.9970777119530044,211692,0.9972159805542601,11409,200283,4,587,0.06647199133982225
direct_unknown_neighbor_count,>=,200.0,0.004347826086956522,8.761938140716727e-05,0.0011400408224224623,230,0.0010834593443657759,1,229,11412,200641,0.0004054163626043947
direct_unknown_neighbor_count,<=,200.0,0.053816734495621375,0.9999123806185928,0.9988599591775775,212053,0.9989165406556342,11412,200641,1,229,0.06637778100916097
direct_unknown_neighbor_count,>=,500.0,0.01694915254237288,8.761938140716727e-05,0.0002887439637576542,59,0.00027793087529382946,1,58,11412,200812,0.0004292213923941969
direct_unknown_neighbor_count,<=,500.0,0.05377337153196622,0.9999123806185928,0.9997112560362423,212224,0.9997220691247062,11412,200812,1,58,0.06632500648022978
direct_unknown_neighbor_count,>=,1000.0,0.047619047619047616,8.761938140716727e-05,9.956688405436352e-05,21,9.892454883339693e-05,1,20,11412,200850,0.00043489605984169783
direct_unknown_neighbor_count,<=,1000.0,0.05376374480594737,0.9999123806185928,0.9999004331159457,212262,0.9999010754511666,11412,200850,1,20,0.06631329020141528
direct_unknown_neighbor_count,>=,2000.0,0.0,0.0,2.9870065216309055e-05,6,2.826415680954198e-05,0,6,11413,200864,0.0
direct_unknown_neighbor_count,<=,2000.0,0.053764656557234176,1.0,0.9999701299347837,212277,0.9999717358431904,11413,200864,0,6,0.06631447692734983
direct_unknown_neighbor_count,>=,5000.0,0.0,0.0,9.956688405436352e-06,2,9.421385603180659e-06,0,2,11413,200868,0.0
direct_unknown_neighbor_count,<=,5000.0,0.05376364347256702,1.0,0.9999900433115946,212281,0.9999905786143968,11413,200868,0,2,0.06631324393954008
direct_illicit_neighbor_ratio,>=,0.05,0.8528834136761293,0.8371155699640761,0.008204311246079553,11202,0.05276918076341488,9554,1648,1859,199222,0.8496825029793138
direct_illicit_neighbor_ratio,<=,0.05,0.009244341011258305,0.16288443003592395,0.9918703639169613,201096,0.947301479628609,1859,199237,9554,1633,0.011393765851063439
direct_illicit_neighbor_ratio,>=,0.1,0.8733990601676955,0.8305441163585385,0.006840244934534774,10853,0.051125148975659854,9479,1374,1934,199496,0.8644778841769266
direct_illicit_neighbor_ratio,<=,0.1,0.009776383829761892,0.1726101813721195,0.9933588888335739,201506,0.949232863677261,1970,199536,9443,1334,0.012049858276539966
direct_illicit_neighbor_ratio,>=,0.2,0.8918200610296289,0.7938315955489355,0.005471200278787275,10159,0.047855928171356164,9060,1099,2353,199771,0.8703337239908547
direct_illicit_neighbor_ratio,<=,0.2,0.013071927701918565,0.23192850258477174,0.994912132224822,202495,0.9538917388580338,2647,199848,8766,1022,0.01611287167044277
direct_illicit_neighbor_ratio,>=,0.25,0.8981851737926791,0.7675457811267853,0.004943495793299149,9753,0.04594338689391049,8760,993,2653,199877,0.8686167575607338
direct_illicit_neighbor_ratio,<=,0.25,0.01515047037383638,0.2695172172084465,0.9954398367103101,203030,0.9564119595068846,3076,199954,8337,916,0.018675632913313735
direct_illicit_neighbor_ratio,>=,0.3,0.905368615920723,0.7284675370191886,0.004326181112162095,9183,0.043258291997004,8314,869,3099,200001,0.8634333783362759
direct_illicit_neighbor_ratio,<=,0.3,0.015282359312687706,0.2719705598878472,0.9956987106088515,203110,0.9567888149310119,3104,200006,8309,864,0.018838312174623385
direct_illicit_neighbor_ratio,>=,0.4,0.9080445389716002,0.63594147025322,0.0036590829889978594,7993,0.03765256756311151,7258,735,4155,200135,0.8364642157427682
direct_illicit_neighbor_ratio,<=,0.4,0.02063404299044385,0.36949093139402434,0.9964355055508538,204371,0.9627289985538173,4217,200154,7196,716,0.025437418641881922
direct_illicit_neighbor_ratio,>=,0.5,0.9167306216423637,0.6279681065451678,0.0032409020759695327,7818,0.0368281963228332,7167,651,4246,200219,0.839522080356097
direct_illicit_neighbor_ratio,<=,0.5,0.03760303432799321,0.6871111889950057,0.9991785732065515,208547,0.9824008516932585,7842,200705,3571,165,0.04636938698038436
direct_illicit_neighbor_ratio,>=,0.6,0.9728469555677455,0.31078594585122227,0.0004928560760690994,3646,0.017175185954598344,3547,99,7866,200771,0.6821940993191522
direct_illicit_neighbor_ratio,<=,0.6,0.03799160533578657,0.6947340751774292,0.9995270573007418,208704,0.9831404304631082,7929,200775,3484,95,0.04684902077333677
direct_illicit_neighbor_ratio,>=,0.7,0.9776626740045322,0.2646105318496451,0.00034350574998755413,3089,0.014551330064112529,3020,69,8393,200801,0.6352812486852624
direct_illicit_neighbor_ratio,<=,0.7,0.040161947964417334,0.7361780425830193,0.9996564942500125,209203,0.9854910661711018,8402,200801,3011,69,0.04952695334374724
direct_illicit_neighbor_ratio,>=,0.75,0.9773026315789474,0.26031718216069394,0.00034350574998755413,3040,0.014320506116834603,2971,69,8442,200801,0.6301701098714632
direct_illicit_neighbor_ratio,<=,0.75,0.040716783550858955,0.7467799877332866,0.9996564942500125,209324,0.9860610600000942,8523,200801,2890,69,0.05021155661127666
direct_illicit_neighbor_ratio,>=,0.8,0.9764665757162346,0.25085428896871986,0.00034350574998755413,2932,0.013811751294262847,2863,69,8550,200801,0.6185990233784192
direct_illicit_neighbor_ratio,<=,0.8,0.041092423330754614,0.7539647770086744,0.9996564942500125,209406,0.9864473368098247,8605,200801,2808,69,0.050675058919693726
direct_illicit_neighbor_ratio,>=,0.9,0.9759942672877105,0.23867519495312364,0.0003335490615821178,2791,0.01314754360923861,2724,67,8689,200803,0.6032688133941622
direct_illicit_neighbor_ratio,<=,0.9,0.0414994009460756,0.7617629019539122,0.9996664509384179,209497,0.9868760098547693,8694,200803,2719,67,0.05117724137362683
direct_illicit_neighbor_ratio,>=,0.95,0.9758819294456443,0.23753614299483045,0.0003335490615821178,2778,0.013086304602817936,2711,67,8702,200803,0.6017758046614873
direct_illicit_neighbor_ratio,<=,0.95,0.04154057640353975,0.7625514763865767,0.9996664509384179,209506,0.9869184060899836,8703,200803,2710,67,0.05122804869578321
direct_illicit_neighbor_ratio,>=,1.0,0.9758471521268925,0.23718566546920178,0.0003335490615821178,2774,0.013067461831611575,2707,67,8706,200803,0.601315029543738
direct_illicit_neighbor_ratio,<=,1.0,0.053763136944550434,1.0,1.0,212283,1.0,11413,200870,0,0,0.06631262746282879
one_hop_illicit_count,>=,0.0,0.053763136944550434,1.0,1.0,212283,1.0,11413,200870,0,0,0.06631262746282879
one_hop_illicit_count,<=,0.0,0.009166113338292486,0.1608691842635591,0.9880370388808682,200303,0.9435659002369479,1836,198467,9577,2403,0.011296723580987541
one_hop_illicit_count,>=,1.0,0.7994156928213689,0.8391308157364409,0.011962961119131777,11980,0.05643409976305215,9577,2403,1836,198467,0.807055095815145
one_hop_illicit_count,<=,1.0,0.04186720760891406,0.7667572066941207,0.996998058445761,209018,0.9846195880028076,8751,200267,2662,603,0.05162923237579426
one_hop_illicit_count,>=,2.0,0.8153139356814701,0.23324279330587927,0.00300194155423906,3265,0.015380411997192428,2662,603,8751,200267,0.5438646671842439
one_hop_illicit_count,<=,2.0,0.050074412520262006,0.9256987645667222,0.9977647234529795,210986,0.9938902314363374,10565,200421,848,449,0.06175783912448252
one_hop_illicit_count,>=,3.0,0.653816499614495,0.07430123543327784,0.002235276547020461,1297,0.006109768563662658,848,449,10565,200421,0.2554063008252515
one_hop_illicit_count,<=,3.0,0.051494348585135526,0.9536493472356086,0.9980534674167372,211363,0.9956661626225369,10884,200479,529,391,0.06351058801561506
one_hop_illicit_count,>=,5.0,0.47982708933717577,0.0291772540085867,0.0017971822571812616,694,0.003269220804303689,333,361,11080,200509,0.11734442173514695
one_hop_illicit_count,<=,5.0,0.05282919065453223,0.9801104004205731,0.9984218648877383,211739,0.9974373831159349,11186,200553,227,317,0.06515845749322262
one_hop_illicit_count,>=,10.0,0.36610169491525424,0.009462893191974065,0.0009309503659082989,295,0.0013896543764691472,108,187,11305,200683,0.04288096561581831
one_hop_illicit_count,<=,10.0,0.05337150187227059,0.991588539384912,0.9992781400906059,212042,0.9988647230348168,11317,200725,96,145,0.06582858392635482
one_hop_illicit_count,>=,20.0,0.7903225806451613,0.004293349688951196,6.471847463533628e-05,62,0.00029206295369860045,49,13,11364,200857,0.02101020495669325
one_hop_illicit_count,<=,20.0,0.0535519074185766,0.995794269692456,0.9999452382137701,212224,0.9997220691247062,11365,200859,48,11,0.06605184881246157
one_hop_illicit_count,>=,50.0,1.0,0.0023657232979935163,0.0,27,0.0001271887056429389,27,0,11386,200870,0.011717732835691346
one_hop_illicit_count,<=,50.0,0.05365168804002676,0.9978095154648208,1.0,212258,0.9998822326799602,11388,200870,25,0,0.06617506057911894
one_hop_illicit_count,>=,100.0,1.0,0.001314290721107509,0.0,15,7.066039202385495e-05,15,0,11398,200870,0.006537087073999826
one_hop_illicit_count,<=,100.0,0.05369627075206814,0.9986857092788924,1.0,212268,0.9999293396079761,11398,200870,15,0,0.06623009116951487
one_hop_illicit_count,>=,200.0,1.0,0.0007009550512573382,0.0,8,3.7685542412722636e-05,8,0,11405,200870,0.0034949759720401923
one_hop_illicit_count,<=,200.0,0.053727476151218936,0.9992990449487427,1.0,212275,0.9999623144575873,11405,200870,8,0,0.06626860953872864
one_hop_illicit_count,>=,500.0,1.0,8.761938140716727e-05,0.0,1,4.7106928015903295e-06,1,0,11412,200870,0.00043794341771043183
one_hop_illicit_count,<=,500.0,0.053758679492373354,0.9999123806185928,1.0,212282,0.9999952893071984,11412,200870,1,0,0.06630712540134637
two_hop_illicit_count,>=,0.0,0.053763136944550434,1.0,1.0,212283,1.0,11413,200870,0,0,0.06631262746282879
two_hop_illicit_count,<=,0.0,0.004678389527782259,0.05336020327696486,0.6450141882809778,130173,0.613205014061418,609,129564,10804,71306,0.005722554758929159
two_hop_illicit_count,>=,1.0,0.13157958835708197,0.9466397967230351,0.35498581171902227,82110,0.38679498593858197,10804,71306,609,129564,0.15895107590634774
two_hop_illicit_count,<=,1.0,0.010258570564013718,0.1514939104529922,0.8304525314880271,168542,0.7939495861656374,1729,166813,9684,34057,0.012609742685401142
two_hop_illicit_count,>=,2.0,0.22139411536087425,0.8485060895470078,0.16954746851197292,43741,0.20605041383436262,9684,34057,1729,166813,0.2597960048718458
two_hop_illicit_count,<=,2.0,0.013326955004643048,0.20748269517217208,0.8727883705879425,177685,0.8370194504505778,2368,175317,9045,25553,0.016395417591563006
two_hop_illicit_count,>=,3.0,0.26143129660674025,0.7925173048278279,0.12721162941205755,34598,0.16298054954942223,9045,25553,2368,175317,0.3018924601982577
two_hop_illicit_count,<=,3.0,0.016104655347088815,0.2548847805134496,0.8847612883954796,180631,0.8508971514440629,2909,177722,8504,23148,0.01981777727516122
two_hop_illicit_count,>=,5.0,0.26171086064238713,0.7039341102251818,0.11282919301040474,30698,0.14460884762321996,8034,22664,3379,178206,0.2993182072202973
two_hop_illicit_count,<=,5.0,0.020061401363871002,0.3234907561552615,0.897809528550804,184035,0.8669323497406763,3692,180343,7721,20527,0.024693901301981264
two_hop_illicit_count,>=,10.0,0.39399263247378863,0.6091299395426268,0.053233434559665456,17645,0.08312017448406137,6952,10693,4461,190177,0.42393862890734574
two_hop_illicit_count,<=,10.0,0.023442667500730662,0.40059581179356873,0.9481605018170957,195029,0.9187217064013604,4572,190457,6841,10413,0.02888081169483367
two_hop_illicit_count,>=,20.0,0.8848623198744472,0.5434154034872514,0.004017523771593568,7009,0.033017245846346625,6202,807,5211,200063,0.7860782275849831
two_hop_illicit_count,<=,20.0,0.025712296825636357,0.4628055725926575,0.9963907004530294,205427,0.9677034901522967,5282,200145,6131,725,0.03170007717966538
two_hop_illicit_count,>=,50.0,0.9952735866206144,0.4797161132042408,0.00012943694927067256,5501,0.025913521101548403,5475,26,5938,200844,0.8191938235030074
two_hop_illicit_count,<=,50.0,0.028899386425943207,0.5237010426706388,0.9998705630507293,206821,0.9742701959177136,5977,200844,5436,26,0.03563265398588525
two_hop_illicit_count,>=,100.0,0.9993528904227783,0.40594059405940597,1.4935032608154527e-05,4636,0.02183877182817277,4633,3,6780,200867,0.7732750275394732
two_hop_illicit_count,<=,100.0,0.032656225920789025,0.5941470253220013,0.9999850649673918,207648,0.9781659388646288,6781,200867,4632,3,0.04026698178751908
two_hop_illicit_count,>=,200.0,0.9994679436020218,0.3291860159467274,9.956688405436352e-06,3759,0.01770749424117805,3757,2,7656,200868,0.7102347914855004
two_hop_illicit_count,<=,200.0,0.03671519825056108,0.6708139840532726,0.9999900433115946,208524,0.982292505758822,7656,200868,3757,2,0.04527450328736891
two_hop_illicit_count,>=,500.0,1.0,0.07430123543327784,0.0,848,0.0039946674957486,848,0,10565,200870,0.28638973319824385
two_hop_illicit_count,<=,500.0,0.04996807529500792,0.9256987645667222,1.0,211435,0.9960053325042514,10565,200870,848,0,0.06162843739682414
distance_to_other_known_illicit,>=,1.0,0.053763136944550434,1.0,1.0,212283,1.0,11413,200870,0,0,0.06631262746282879
distance_to_other_known_illicit,<=,1.0,0.7994156928213689,0.8391308157364409,0.011962961119131777,11980,0.05643409976305215,9577,2403,1836,198467,0.807055095815145
distance_to_other_known_illicit,>=,2.0,0.009166113338292486,0.1608691842635591,0.9880370388808682,200303,0.9435659002369479,1836,198467,9577,2403,0.011296723580987541
distance_to_other_known_illicit,<=,2.0,0.13677492520027024,0.9933409270130553,0.3562055060486882,82888,0.39045990493821925,11337,71551,76,129319,0.16527925590074788
distance_to_other_known_illicit,>=,3.0,0.0005873488156420264,0.006659072986944712,0.6437944939513118,129395,0.6095400950617808,76,129319,11337,71551,0.0007183459894554371
distance_to_other_known_illicit,<=,3.0,0.08510510825363779,0.9957066503110488,0.6081794195250659,133529,0.6290140991035552,11364,122165,49,78705,0.10415578273565658
distance_to_other_known_illicit,>=,4.0,0.0006221906188891992,0.004293349688951196,0.391820580474934,78754,0.37098590089644484,49,78705,11364,122165,0.0007505460605522181
distance_to_other_known_illicit,<=,4.0,0.062096118924401644,0.9977218960834137,0.8562254194254991,183377,0.8638327138772299,11387,171990,26,28880,0.07643092354759766
distance_to_other_known_illicit,>=,5.0,0.0008994672386355774,0.002278103916586349,0.14377458057450093,28906,0.13616728612277007,26,28880,11387,171990,0.001023323913505514
distance_to_other_known_illicit,<=,5.0,0.057868149163556974,0.9986857092788924,0.9238163986658038,196965,0.9278416076652394,11398,185567,15,15303,0.07130229596145497
distance_to_other_known_illicit,>=,6.0,0.0009792401096748924,0.001314290721107509,0.07618360133419624,15318,0.07215839233476068,15,15303,11398,185567,0.0010318497626745546
distance_to_other_known_illicit,<=,6.0,0.05576884515501127,0.9991238061859283,0.9611490018419874,204469,0.9631906464483732,11403,193066,10,7804,0.06875166558340941
distance_to_other_known_illicit,>=,7.0,0.001279754287176862,0.0008761938140716726,0.03885099815801264,7814,0.03680935355162684,10,7804,11403,193066,0.001171810916590499
distance_to_other_known_illicit,<=,7.0,0.0548330488713671,0.9992990449487427,0.9786926868123662,207995,0.9798005492667806,11405,196590,8,4280,0.0676137933324085
distance_to_other_known_illicit,>=,8.0,0.0018656716417910447,0.0007009550512573382,0.021307313187633792,4288,0.020199450733219333,8,4280,11405,196590,0.0014003150708909505
distance_to_other_known_illicit,<=,8.0,0.054292785075195124,0.9995619030929641,0.9892567332105342,210120,0.9898107714701602,11408,198712,5,2158,0.06695676569710046
distance_to_other_known_illicit,>=,9.0,0.002311604253351826,0.0004380969070358363,0.010743266789465824,2163,0.010189228529839884,5,2158,11408,198712,0.00124595066035385
distance_to_other_known_illicit,<=,9.0,0.05403063109141022,0.9996495224743713,0.9944192761487529,211158,0.9947004705982109,11409,199749,4,1121,0.06663785198208039
distance_to_other_known_illicit,>=,10.0,0.0035555555555555557,0.0003504775256286691,0.0055807238512470755,1125,0.005299529401789121,4,1121,11409,199749,0.0012568340350656696
distance_to_other_known_illicit,<=,10.0,0.05389433705572246,0.9996495224743713,0.9970777119530044,211692,0.9972159805542601,11409,200283,4,587,0.06647199133982225
has_other_known_illicit_path,>=,0.0,0.053763136944550434,1.0,1.0,212283,1.0,11413,200870,0,0,0.06631262746282879
has_other_known_illicit_path,<=,0.0,,0.0,0.0,0,0.0,0,0,11413,200870,0.0
has_other_known_illicit_path,>=,1.0,0.053763136944550434,1.0,1.0,212283,1.0,11413,200870,0,0,0.06631262746282879
has_other_known_illicit_path,<=,1.0,0.053763136944550434,1.0,1.0,212283,1.0,11413,200870,0,0,0.06631262746282879
